"MappingId","Category","SourceFile","TargetFile","RelativeWithinMapping","SizeBytes","PreMoveSHA256"
"C001","GENERATED_SMOKE_RUN","E:\Code\Geocore_M0&1_Preprocessing\runs\smoke_pipeline\m1_transform_stack.json","E:\Code\_DELETE_REVIEW_Geocore_M0and1_Preprocessing_20260902\payload\workspace\runs\smoke_pipeline\m1_transform_stack.json","smoke_pipeline\m1_transform_stack.json","1488","2C32ADB4E20E98806A780CC54D41BCD91A1BC696725117CE50F9CD7C7E4F243C"
"C001","GENERATED_SMOKE_RUN","E:\Code\Geocore_M0&1_Preprocessing\runs\smoke_pipeline\pipeline_result.json","E:\Code\_DELETE_REVIEW_Geocore_M0and1_Preprocessing_20260902\payload\workspace\runs\smoke_pipeline\pipeline_result.json","smoke_pipeline\pipeline_result.json","721","D78EDC4F620AFFABDCA0889C68167F3B4827DDD4877708EC64D30CC5F183354D"
"C001","GENERATED_SMOKE_RUN","E:\Code\Geocore_M0&1_Preprocessing\runs\smoke_pipeline\preprocess_context.json","E:\Code\_DELETE_REVIEW_Geocore_M0and1_Preprocessing_20260902\payload\workspace\runs\smoke_pipeline\preprocess_context.json","smoke_pipeline\preprocess_context.json","6215","8926C588C699CBF65477586F62AC944704CECEC9C2013B7615DB25954BFADE5A"
"C001","GENERATED_SMOKE_RUN","E:\Code\Geocore_M0&1_Preprocessing\runs\smoke_pipeline\m1_1_rotation\metadata.json","E:\Code\_DELETE_REVIEW_Geocore_M0and1_Preprocessing_20260902\payload\workspace\runs\smoke_pipeline\m1_1_rotation\metadata.json","smoke_pipeline\m1_1_rotation\metadata.json","12551","0D7BA3B28C8C18264997F54EEA024CF631304211C3CA9ABA918A6644AF4A1483"
"C001","GENERATED_SMOKE_RUN","E:\Code\Geocore_M0&1_Preprocessing\runs\smoke_pipeline\m1_1_rotation\qa_report.md","E:\Code\_DELETE_REVIEW_Geocore_M0and1_Preprocessing_20260902\payload\workspace\runs\smoke_pipeline\m1_1_rotation\qa_report.md","smoke_pipeline\m1_1_rotation\qa_report.md","1559","01062DC5D76299384EAC9A416792BA80B6241B13C0C86C4950FCBF7EC9FD0B07"
"C001","GENERATED_SMOKE_RUN","E:\Code\Geocore_M0&1_Preprocessing\runs\smoke_pipeline\m1_1_rotation\corrected_boxes\box_0001.png","E:\Code\_DELETE_REVIEW_Geocore_M0and1_Preprocessing_20260902\payload\workspace\runs\smoke_pipeline\m1_1_rotation\corrected_boxes\box_0001.png","smoke_pipeline\m1_1_rotation\corrected_boxes\box_0001.png","3466845","B3EC4EF2EE051E3951ED7BC7834215287AC915268F786BA7E954CECA9155BC3A"
"C001","GENERATED_SMOKE_RUN","E:\Code\Geocore_M0&1_Preprocessing\runs\smoke_pipeline\m1_1_rotation\corrected_boxes\box_0002.png","E:\Code\_DELETE_REVIEW_Geocore_M0and1_Preprocessing_20260902\payload\workspace\runs\smoke_pipeline\m1_1_rotation\corrected_boxes\box_0002.png","smoke_pipeline\m1_1_rotation\corrected_boxes\box_0002.png","3599068","2A808240C9F1C23A5D9DA4117EABC1D02AF1FB5A07170C4E68773F4363211AB4"
"C001","GENERATED_SMOKE_RUN","E:\Code\Geocore_M0&1_Preprocessing\runs\smoke_pipeline\m1_1_rotation\corrected_boxes\box_0003.png","E:\Code\_DELETE_REVIEW_Geocore_M0and1_Preprocessing_20260902\payload\workspace\runs\smoke_pipeline\m1_1_rotation\corrected_boxes\box_0003.png","smoke_pipeline\m1_1_rotation\corrected_boxes\box_0003.png","3504987","8418DCFEB62EFFD6D1127E9D5B18FF6503C652657569A2814A1587B87B5B93D6"
"C001","GENERATED_SMOKE_RUN","E:\Code\Geocore_M0&1_Preprocessing\runs\smoke_pipeline\m1_1_rotation\corrected_boxes\box_0004.png","E:\Code\_DELETE_REVIEW_Geocore_M0and1_Preprocessing_20260902\payload\workspace\runs\smoke_pipeline\m1_1_rotation\corrected_boxes\box_0004.png","smoke_pipeline\m1_1_rotation\corrected_boxes\box_0004.png","3616854","ADBC8959F3ECA221C24D5D9A23AD62CC0D8D15545DF5BEEE0D6A090D13EEDAAF"
"C001","GENERATED_SMOKE_RUN","E:\Code\Geocore_M0&1_Preprocessing\runs\smoke_pipeline\m1_1_rotation\corrected_boxes\box_0005.png","E:\Code\_DELETE_REVIEW_Geocore_M0and1_Preprocessing_20260902\payload\workspace\runs\smoke_pipeline\m1_1_rotation\corrected_boxes\box_0005.png","smoke_pipeline\m1_1_rotation\corrected_boxes\box_0005.png","3884844","8C60384F74FCB2E97CB8E917729AE94F28A8DDEA823EF9480594DF3755E89EB1"
"C001","GENERATED_SMOKE_RUN","E:\Code\Geocore_M0&1_Preprocessing\runs\smoke_pipeline\m1_1_rotation\corrected_boxes\box_0006.png","E:\Code\_DELETE_REVIEW_Geocore_M0and1_Preprocessing_20260902\payload\workspace\runs\smoke_pipeline\m1_1_rotation\corrected_boxes\box_0006.png","smoke_pipeline\m1_1_rotation\corrected_boxes\box_0006.png","4071718","939A66F38733EFAD1084B8AFD33A868597CE8BAFE500B18399C0A9BB69016887"
"C001","GENERATED_SMOKE_RUN","E:\Code\Geocore_M0&1_Preprocessing\runs\smoke_pipeline\m1_1_rotation\corrected_boxes\box_0007.png","E:\Code\_DELETE_REVIEW_Geocore_M0and1_Preprocessing_20260902\payload\workspace\runs\smoke_pipeline\m1_1_rotation\corrected_boxes\box_0007.png","smoke_pipeline\m1_1_rotation\corrected_boxes\box_0007.png","3766156","3690F1440EBC4DFC794DA6214C224225FD5BBE437ED549FA3504206F37BED417"
"C001","GENERATED_SMOKE_RUN","E:\Code\Geocore_M0&1_Preprocessing\runs\smoke_pipeline\m1_1_rotation\corrected_boxes\box_0008.png","E:\Code\_DELETE_REVIEW_Geocore_M0and1_Preprocessing_20260902\payload\workspace\runs\smoke_pipeline\m1_1_rotation\corrected_boxes\box_0008.png","smoke_pipeline\m1_1_rotation\corrected_boxes\box_0008.png","3609003","65860E8C6DA4D55FEC44644D5B804D8D64282BCE5F9018E8FEC456395C69E092"
"C001","GENERATED_SMOKE_RUN","E:\Code\Geocore_M0&1_Preprocessing\runs\smoke_pipeline\m1_1_rotation\corrected_boxes\box_0009.png","E:\Code\_DELETE_REVIEW_Geocore_M0and1_Preprocessing_20260902\payload\workspace\runs\smoke_pipeline\m1_1_rotation\corrected_boxes\box_0009.png","smoke_pipeline\m1_1_rotation\corrected_boxes\box_0009.png","3579853","B544D0BBC39F772AEA8CA1F50BAE64CD59A71C09EBEBFDCF60AAA6EE30EA0A9B"
"C001","GENERATED_SMOKE_RUN","E:\Code\Geocore_M0&1_Preprocessing\runs\smoke_pipeline\m1_1_rotation\masks\box_0001_mask.png","E:\Code\_DELETE_REVIEW_Geocore_M0and1_Preprocessing_20260902\payload\workspace\runs\smoke_pipeline\m1_1_rotation\masks\box_0001_mask.png","smoke_pipeline\m1_1_rotation\masks\box_0001_mask.png","8106","98E6D3EC2842EB76E03DDCC25710FBD018DCE23F307D1BFF85561F7CDBDC8DAC"
"C001","GENERATED_SMOKE_RUN","E:\Code\Geocore_M0&1_Preprocessing\runs\smoke_pipeline\m1_1_rotation\masks\box_0002_mask.png","E:\Code\_DELETE_REVIEW_Geocore_M0and1_Preprocessing_20260902\payload\workspace\runs\smoke_pipeline\m1_1_rotation\masks\box_0002_mask.png","smoke_pipeline\m1_1_rotation\masks\box_0002_mask.png","8024","FFDD9BD6F07BE193322D7400A16BC8884FFEAE61CA27807654C52D710488DF6C"
"C001","GENERATED_SMOKE_RUN","E:\Code\Geocore_M0&1_Preprocessing\runs\smoke_pipeline\m1_1_rotation\masks\box_0003_mask.png","E:\Code\_DELETE_REVIEW_Geocore_M0and1_Preprocessing_20260902\payload\workspace\runs\smoke_pipeline\m1_1_rotation\masks\box_0003_mask.png","smoke_pipeline\m1_1_rotation\masks\box_0003_mask.png","7746","0678EE167D8C1087DE29ED60C0C5DED192F975029D212E3432887F1C6B1855C9"
"C001","GENERATED_SMOKE_RUN","E:\Code\Geocore_M0&1_Preprocessing\runs\smoke_pipeline\m1_1_rotation\masks\box_0004_mask.png","E:\Code\_DELETE_REVIEW_Geocore_M0and1_Preprocessing_20260902\payload\workspace\runs\smoke_pipeline\m1_1_rotation\masks\box_0004_mask.png","smoke_pipeline\m1_1_rotation\masks\box_0004_mask.png","8044","9A9D752C98A7F9C94F795338D37F697208DBEC212A08088A0BC2CF40E0CEB02D"
"C001","GENERATED_SMOKE_RUN","E:\Code\Geocore_M0&1_Preprocessing\runs\smoke_pipeline\m1_1_rotation\masks\box_0005_mask.png","E:\Code\_DELETE_REVIEW_Geocore_M0and1_Preprocessing_20260902\payload\workspace\runs\smoke_pipeline\m1_1_rotation\masks\box_0005_mask.png","smoke_pipeline\m1_1_rotation\masks\box_0005_mask.png","8822","8A6BF075688905B68F761BF5B0F86AA7BA1D761274C52C11744D619D81241DA6"
"C001","GENERATED_SMOKE_RUN","E:\Code\Geocore_M0&1_Preprocessing\runs\smoke_pipeline\m1_1_rotation\masks\box_0006_mask.png","E:\Code\_DELETE_REVIEW_Geocore_M0and1_Preprocessing_20260902\payload\workspace\runs\smoke_pipeline\m1_1_rotation\masks\box_0006_mask.png","smoke_pipeline\m1_1_rotation\masks\box_0006_mask.png","9071","0848A2D8740093441A8C2CC692D8E973F4C25B827EC07102DB32E93916FE256E"
"C001","GENERATED_SMOKE_RUN","E:\Code\Geocore_M0&1_Preprocessing\runs\smoke_pipeline\m1_1_rotation\masks\box_0007_mask.png","E:\Code\_DELETE_REVIEW_Geocore_M0and1_Preprocessing_20260902\payload\workspace\runs\smoke_pipeline\m1_1_rotation\masks\box_0007_mask.png","smoke_pipeline\m1_1_rotation\masks\box_0007_mask.png","8915","9D2B723E0211BF30AEDE9DF4D72D40658D62F61459497E16F383BAA2FB69C560"
"C001","GENERATED_SMOKE_RUN","E:\Code\Geocore_M0&1_Preprocessing\runs\smoke_pipeline\m1_1_rotation\masks\box_0008_mask.png","E:\Code\_DELETE_REVIEW_Geocore_M0and1_Preprocessing_20260902\payload\workspace\runs\smoke_pipeline\m1_1_rotation\masks\box_0008_mask.png","smoke_pipeline\m1_1_rotation\masks\box_0008_mask.png","7494","390D4A8135D1E899335A552E0C2E2E848DE043BE3253A163FA30824A194B349B"
"C001","GENERATED_SMOKE_RUN","E:\Code\Geocore_M0&1_Preprocessing\runs\smoke_pipeline\m1_1_rotation\masks\box_0009_mask.png","E:\Code\_DELETE_REVIEW_Geocore_M0and1_Preprocessing_20260902\payload\workspace\runs\smoke_pipeline\m1_1_rotation\masks\box_0009_mask.png","smoke_pipeline\m1_1_rotation\masks\box_0009_mask.png","7830","94029618FB0313DBFB1180692C647F890DFB63D044621743EB5FD0364F581676"
"C001","GENERATED_SMOKE_RUN","E:\Code\Geocore_M0&1_Preprocessing\runs\smoke_pipeline\m1_1_rotation\previews\box_0001_before_after.jpg","E:\Code\_DELETE_REVIEW_Geocore_M0and1_Preprocessing_20260902\payload\workspace\runs\smoke_pipeline\m1_1_rotation\previews\box_0001_before_after.jpg","smoke_pipeline\m1_1_rotation\previews\box_0001_before_after.jpg","226132","2976C651EA524689995327B7A9E909FFA9F931FECD07BE9B6D60391CA17280A7"
"C001","GENERATED_SMOKE_RUN","E:\Code\Geocore_M0&1_Preprocessing\runs\smoke_pipeline\m1_1_rotation\previews\box_0002_before_after.jpg","E:\Code\_DELETE_REVIEW_Geocore_M0and1_Preprocessing_20260902\payload\workspace\runs\smoke_pipeline\m1_1_rotation\previews\box_0002_before_after.jpg","smoke_pipeline\m1_1_rotation\previews\box_0002_before_after.jpg","226726","BBC361D28F79C16FE88EED61EBA867E4E9B6C4FD095F30B5BD3D0D545F2A2BA4"
"C001","GENERATED_SMOKE_RUN","E:\Code\Geocore_M0&1_Preprocessing\runs\smoke_pipeline\m1_1_rotation\previews\box_0003_before_after.jpg","E:\Code\_DELETE_REVIEW_Geocore_M0and1_Preprocessing_20260902\payload\workspace\runs\smoke_pipeline\m1_1_rotation\previews\box_0003_before_after.jpg","smoke_pipeline\m1_1_rotation\previews\box_0003_before_after.jpg","246494","C5D9A0F092A562A468465E386893628CDEFCADAD84AA86022A0B89579CDACAC5"
"C001","GENERATED_SMOKE_RUN","E:\Code\Geocore_M0&1_Preprocessing\runs\smoke_pipeline\m1_1_rotation\previews\box_0004_before_after.jpg","E:\Code\_DELETE_REVIEW_Geocore_M0and1_Preprocessing_20260902\payload\workspace\runs\smoke_pipeline\m1_1_rotation\previews\box_0004_before_after.jpg","smoke_pipeline\m1_1_rotation\previews\box_0004_before_after.jpg","242237","221A4D551046593BA7D70AC172E086388A511047374B219A6DFFE854E14461D6"
"C001","GENERATED_SMOKE_RUN","E:\Code\Geocore_M0&1_Preprocessing\runs\smoke_pipeline\m1_1_rotation\previews\box_0005_before_after.jpg","E:\Code\_DELETE_REVIEW_Geocore_M0and1_Preprocessing_20260902\payload\workspace\runs\smoke_pipeline\m1_1_rotation\previews\box_0005_before_after.jpg","smoke_pipeline\m1_1_rotation\previews\box_0005_before_after.jpg","208300","F3B679E1A0CA5B925084A3A06DD6B1AD8E34295164091BA1ED3C2BEA5B752520"
"C001","GENERATED_SMOKE_RUN","E:\Code\Geocore_M0&1_Preprocessing\runs\smoke_pipeline\m1_1_rotation\previews\box_0006_before_after.jpg","E:\Code\_DELETE_REVIEW_Geocore_M0and1_Preprocessing_20260902\payload\workspace\runs\smoke_pipeline\m1_1_rotation\previews\box_0006_before_after.jpg","smoke_pipeline\m1_1_rotation\previews\box_0006_before_after.jpg","216117","A0019C5C1979B7A51C17A0C7EAFED3E13813B10C51BE5933A72F1CA12DB2819E"
"C001","GENERATED_SMOKE_RUN","E:\Code\Geocore_M0&1_Preprocessing\runs\smoke_pipeline\m1_1_rotation\previews\box_0007_before_after.jpg","E:\Code\_DELETE_REVIEW_Geocore_M0and1_Preprocessing_20260902\payload\workspace\runs\smoke_pipeline\m1_1_rotation\previews\box_0007_before_after.jpg","smoke_pipeline\m1_1_rotation\previews\box_0007_before_after.jpg","255541","5666FFA47190E63FAC8303D9F84003677585494B13677AD95C9AD617CBDC3621"
"C001","GENERATED_SMOKE_RUN","E:\Code\Geocore_M0&1_Preprocessing\runs\smoke_pipeline\m1_1_rotation\previews\box_0008_before_after.jpg","E:\Code\_DELETE_REVIEW_Geocore_M0and1_Preprocessing_20260902\payload\workspace\runs\smoke_pipeline\m1_1_rotation\previews\box_0008_before_after.jpg","smoke_pipeline\m1_1_rotation\previews\box_0008_before_after.jpg","258319","B8B08B1C30F768C0CD9C0260B7C82258AE918F07BD4FCA3DCE0BE2171AC9A642"
"C001","GENERATED_SMOKE_RUN","E:\Code\Geocore_M0&1_Preprocessing\runs\smoke_pipeline\m1_1_rotation\previews\box_0009_before_after.jpg","E:\Code\_DELETE_REVIEW_Geocore_M0and1_Preprocessing_20260902\payload\workspace\runs\smoke_pipeline\m1_1_rotation\previews\box_0009_before_after.jpg","smoke_pipeline\m1_1_rotation\previews\box_0009_before_after.jpg","221336","37AE0E4138D963B0E1859720E23BF70215A8BF6AF3F4D3389E5D29007EF849DA"
"C001","GENERATED_SMOKE_RUN","E:\Code\Geocore_M0&1_Preprocessing\runs\smoke_pipeline\m1_1_rotation\previews\strip_detection_overlay.jpg","E:\Code\_DELETE_REVIEW_Geocore_M0and1_Preprocessing_20260902\payload\workspace\runs\smoke_pipeline\m1_1_rotation\previews\strip_detection_overlay.jpg","smoke_pipeline\m1_1_rotation\previews\strip_detection_overlay.jpg","939621","0C5309F1E3300AB1CC152B86CD08163C1A21FE0DD2FBF9AFA8A95FBC7283400A"
"C001","GENERATED_SMOKE_RUN","E:\Code\Geocore_M0&1_Preprocessing\runs\smoke_pipeline\m1_1_rotation\review_sources\box_0001_source.jpg","E:\Code\_DELETE_REVIEW_Geocore_M0and1_Preprocessing_20260902\payload\workspace\runs\smoke_pipeline\m1_1_rotation\review_sources\box_0001_source.jpg","smoke_pipeline\m1_1_rotation\review_sources\box_0001_source.jpg","377289","052E628108B49C0F8172C0B3152505B9EA8BB9D64376B28077184BD34DBC2648"
"C001","GENERATED_SMOKE_RUN","E:\Code\Geocore_M0&1_Preprocessing\runs\smoke_pipeline\m1_1_rotation\review_sources\box_0002_source.jpg","E:\Code\_DELETE_REVIEW_Geocore_M0and1_Preprocessing_20260902\payload\workspace\runs\smoke_pipeline\m1_1_rotation\review_sources\box_0002_source.jpg","smoke_pipeline\m1_1_rotation\review_sources\box_0002_source.jpg","407930","14A35BF6675E1CB74CD48A6089F5091A06C750BEB89E31CD06608DC2A8037E71"
"C001","GENERATED_SMOKE_RUN","E:\Code\Geocore_M0&1_Preprocessing\runs\smoke_pipeline\m1_1_rotation\review_sources\box_0003_source.jpg","E:\Code\_DELETE_REVIEW_Geocore_M0and1_Preprocessing_20260902\payload\workspace\runs\smoke_pipeline\m1_1_rotation\review_sources\box_0003_source.jpg","smoke_pipeline\m1_1_rotation\review_sources\box_0003_source.jpg","407340","112CCF7D524B9825C7556CD54287965C73DD436B9489F0593282BFA6F99F02E6"
"C001","GENERATED_SMOKE_RUN","E:\Code\Geocore_M0&1_Preprocessing\runs\smoke_pipeline\m1_1_rotation\review_sources\box_0004_source.jpg","E:\Code\_DELETE_REVIEW_Geocore_M0and1_Preprocessing_20260902\payload\workspace\runs\smoke_pipeline\m1_1_rotation\review_sources\box_0004_source.jpg","smoke_pipeline\m1_1_rotation\review_sources\box_0004_source.jpg","419919","F36FC7EC5F28DDB8DC2E2917906CCDD3297CAF79B39B59F091A660A19644D7D2"
"C001","GENERATED_SMOKE_RUN","E:\Code\Geocore_M0&1_Preprocessing\runs\smoke_pipeline\m1_1_rotation\review_sources\box_0005_source.jpg","E:\Code\_DELETE_REVIEW_Geocore_M0and1_Preprocessing_20260902\payload\workspace\runs\smoke_pipeline\m1_1_rotation\review_sources\box_0005_source.jpg","smoke_pipeline\m1_1_rotation\review_sources\box_0005_source.jpg","459299","0D3E4F11D9A5647092ADC63F35C901AE03F537956E18DC1C2656D8C0A5472052"
"C001","GENERATED_SMOKE_RUN","E:\Code\Geocore_M0&1_Preprocessing\runs\smoke_pipeline\m1_1_rotation\review_sources\box_0006_source.jpg","E:\Code\_DELETE_REVIEW_Geocore_M0and1_Preprocessing_20260902\payload\workspace\runs\smoke_pipeline\m1_1_rotation\review_sources\box_0006_source.jpg","smoke_pipeline\m1_1_rotation\review_sources\box_0006_source.jpg","471613","1A75B6CDD491789D2F612327554B3AA67314C7D0D267DD143ADB1E952AFA12C8"
"C001","GENERATED_SMOKE_RUN","E:\Code\Geocore_M0&1_Preprocessing\runs\smoke_pipeline\m1_1_rotation\review_sources\box_0007_source.jpg","E:\Code\_DELETE_REVIEW_Geocore_M0and1_Preprocessing_20260902\payload\workspace\runs\smoke_pipeline\m1_1_rotation\review_sources\box_0007_source.jpg","smoke_pipeline\m1_1_rotation\review_sources\box_0007_source.jpg","445334","4DC4486A2B33251E50EE543A9A8091E6B3DD0B405B14D89E7BBFFB7C1C5DDC38"
"C001","GENERATED_SMOKE_RUN","E:\Code\Geocore_M0&1_Preprocessing\runs\smoke_pipeline\m1_1_rotation\review_sources\box_0008_source.jpg","E:\Code\_DELETE_REVIEW_Geocore_M0and1_Preprocessing_20260902\payload\workspace\runs\smoke_pipeline\m1_1_rotation\review_sources\box_0008_source.jpg","smoke_pipeline\m1_1_rotation\review_sources\box_0008_source.jpg","450698","AF1ADF39448F3DB632A3FFB63CED621F00B256F93A04BEE530A49372E9F508A6"
"C001","GENERATED_SMOKE_RUN","E:\Code\Geocore_M0&1_Preprocessing\runs\smoke_pipeline\m1_1_rotation\review_sources\box_0009_source.jpg","E:\Code\_DELETE_REVIEW_Geocore_M0and1_Preprocessing_20260902\payload\workspace\runs\smoke_pipeline\m1_1_rotation\review_sources\box_0009_source.jpg","smoke_pipeline\m1_1_rotation\review_sources\box_0009_source.jpg","421818","BF77FDBFD87CAEB51360456693818219AFA8D82EC1BEB8FB7C828E81ABD41F30"
"C001","GENERATED_SMOKE_RUN","E:\Code\Geocore_M0&1_Preprocessing\runs\smoke_pipeline\m1_2_foreground_mask\box_0001\contours.json","E:\Code\_DELETE_REVIEW_Geocore_M0and1_Preprocessing_20260902\payload\workspace\runs\smoke_pipeline\m1_2_foreground_mask\box_0001\contours.json","smoke_pipeline\m1_2_foreground_mask\box_0001\contours.json","204","E36E08740502E3BEFF300C1642ED324BFC232964D8D66D91495EBA8FFFDA869C"
"C001","GENERATED_SMOKE_RUN","E:\Code\Geocore_M0&1_Preprocessing\runs\smoke_pipeline\m1_2_foreground_mask\box_0001\mask.png","E:\Code\_DELETE_REVIEW_Geocore_M0and1_Preprocessing_20260902\payload\workspace\runs\smoke_pipeline\m1_2_foreground_mask\box_0001\mask.png","smoke_pipeline\m1_2_foreground_mask\box_0001\mask.png","72562","9BA9773E7EC76987483DC0BB6204C3A5C24F706B5BAC3807D5FBC8B8866F87EE"
"C001","GENERATED_SMOKE_RUN","E:\Code\Geocore_M0&1_Preprocessing\runs\smoke_pipeline\m1_2_foreground_mask\box_0001\mask.tif","E:\Code\_DELETE_REVIEW_Geocore_M0and1_Preprocessing_20260902\payload\workspace\runs\smoke_pipeline\m1_2_foreground_mask\box_0001\mask.tif","smoke_pipeline\m1_2_foreground_mask\box_0001\mask.tif","3246243","2A89039D246570BC54118115CA17AC4B9698B880B7C5FB5CDA4872BA81358185"
"C001","GENERATED_SMOKE_RUN","E:\Code\Geocore_M0&1_Preprocessing\runs\smoke_pipeline\m1_2_foreground_mask\box_0001\metadata.json","E:\Code\_DELETE_REVIEW_Geocore_M0and1_Preprocessing_20260902\payload\workspace\runs\smoke_pipeline\m1_2_foreground_mask\box_0001\metadata.json","smoke_pipeline\m1_2_foreground_mask\box_0001\metadata.json","480","6335055497BDA4AF4DD52E62B4818CB3240C17C0C4FE7BF531FE6B07C07DBCAE"
"C001","GENERATED_SMOKE_RUN","E:\Code\Geocore_M0&1_Preprocessing\runs\smoke_pipeline\m1_2_foreground_mask\box_0001\overlay.png","E:\Code\_DELETE_REVIEW_Geocore_M0and1_Preprocessing_20260902\payload\workspace\runs\smoke_pipeline\m1_2_foreground_mask\box_0001\overlay.png","smoke_pipeline\m1_2_foreground_mask\box_0001\overlay.png","2864244","74DC4A1F356D3A028B5A149C0ECEF0FF90CF6D97CE31B1841F4F1877C7EC779D"
"C001","GENERATED_SMOKE_RUN","E:\Code\Geocore_M0&1_Preprocessing\runs\smoke_pipeline\m1_2_foreground_mask\box_0001\probability.tif","E:\Code\_DELETE_REVIEW_Geocore_M0and1_Preprocessing_20260902\payload\workspace\runs\smoke_pipeline\m1_2_foreground_mask\box_0001\probability.tif","smoke_pipeline\m1_2_foreground_mask\box_0001\probability.tif","3246243","2A89039D246570BC54118115CA17AC4B9698B880B7C5FB5CDA4872BA81358185"
"C001","GENERATED_SMOKE_RUN","E:\Code\Geocore_M0&1_Preprocessing\runs\smoke_pipeline\m1_3_separator_mark\DH_SMOKE_BOX_box_0001\depth_mapping.json","E:\Code\_DELETE_REVIEW_Geocore_M0and1_Preprocessing_20260902\payload\workspace\runs\smoke_pipeline\m1_3_separator_mark\DH_SMOKE_BOX_box_0001\depth_mapping.json","smoke_pipeline\m1_3_separator_mark\DH_SMOKE_BOX_box_0001\depth_mapping.json","321","44F5939333C544C39FD129CB4E437441BFC162BE69CEC05521003F3ADFDF21C7"
"C001","GENERATED_SMOKE_RUN","E:\Code\Geocore_M0&1_Preprocessing\runs\smoke_pipeline\m1_3_separator_mark\DH_SMOKE_BOX_box_0001\input_manifest.json","E:\Code\_DELETE_REVIEW_Geocore_M0and1_Preprocessing_20260902\payload\workspace\runs\smoke_pipeline\m1_3_separator_mark\DH_SMOKE_BOX_box_0001\input_manifest.json","smoke_pipeline\m1_3_separator_mark\DH_SMOKE_BOX_box_0001\input_manifest.json","2695","0F285273F7DA02EF63EE2070F224B531E74F4140EB4D771E98B2821D38A6446E"
"C001","GENERATED_SMOKE_RUN","E:\Code\Geocore_M0&1_Preprocessing\runs\smoke_pipeline\m1_3_separator_mark\DH_SMOKE_BOX_box_0001\lane_debug_overlay.png","E:\Code\_DELETE_REVIEW_Geocore_M0and1_Preprocessing_20260902\payload\workspace\runs\smoke_pipeline\m1_3_separator_mark\DH_SMOKE_BOX_box_0001\lane_debug_overlay.png","smoke_pipeline\m1_3_separator_mark\DH_SMOKE_BOX_box_0001\lane_debug_overlay.png","3442120","891758D61F09F8A97B877470D934C647BF0195772D61D68F66BFB387703263AD"
"C001","GENERATED_SMOKE_RUN","E:\Code\Geocore_M0&1_Preprocessing\runs\smoke_pipeline\m1_3_separator_mark\DH_SMOKE_BOX_box_0001\lane_detection.json","E:\Code\_DELETE_REVIEW_Geocore_M0and1_Preprocessing_20260902\payload\workspace\runs\smoke_pipeline\m1_3_separator_mark\DH_SMOKE_BOX_box_0001\lane_detection.json","smoke_pipeline\m1_3_separator_mark\DH_SMOKE_BOX_box_0001\lane_detection.json","2417","F9FF697F76F041CBBF59A4C845ED350DEEE4B7B44196E48598398E2E006B7D54"
"C001","GENERATED_SMOKE_RUN","E:\Code\Geocore_M0&1_Preprocessing\runs\smoke_pipeline\m1_3_separator_mark\DH_SMOKE_BOX_box_0001\mask_refine_report.json","E:\Code\_DELETE_REVIEW_Geocore_M0and1_Preprocessing_20260902\payload\workspace\runs\smoke_pipeline\m1_3_separator_mark\DH_SMOKE_BOX_box_0001\mask_refine_report.json","smoke_pipeline\m1_3_separator_mark\DH_SMOKE_BOX_box_0001\mask_refine_report.json","301","9618746256A597D0C1F865A8820E955E51FC9B56F51189657AB3A2802E4DDC01"
"C001","GENERATED_SMOKE_RUN","E:\Code\Geocore_M0&1_Preprocessing\runs\smoke_pipeline\m1_3_separator_mark\DH_SMOKE_BOX_box_0001\quality_report.json","E:\Code\_DELETE_REVIEW_Geocore_M0and1_Preprocessing_20260902\payload\workspace\runs\smoke_pipeline\m1_3_separator_mark\DH_SMOKE_BOX_box_0001\quality_report.json","smoke_pipeline\m1_3_separator_mark\DH_SMOKE_BOX_box_0001\quality_report.json","413","337805856CF0F40A0C8D865C6E5FB138D2D61FDB2015B3FB0DFD6F6A9AACCF6D"
"C001","GENERATED_SMOKE_RUN","E:\Code\Geocore_M0&1_Preprocessing\runs\smoke_pipeline\m1_3_separator_mark\DH_SMOKE_BOX_box_0001\reconstructed_strip_mask.png","E:\Code\_DELETE_REVIEW_Geocore_M0and1_Preprocessing_20260902\payload\workspace\runs\smoke_pipeline\m1_3_separator_mark\DH_SMOKE_BOX_box_0001\reconstructed_strip_mask.png","smoke_pipeline\m1_3_separator_mark\DH_SMOKE_BOX_box_0001\reconstructed_strip_mask.png","38518","077BB330ECC86398B034FD6AC67EB2E8FCF5C3FD9E722ACD1462FAD83A7CFFEF"
"C001","GENERATED_SMOKE_RUN","E:\Code\Geocore_M0&1_Preprocessing\runs\smoke_pipeline\m1_3_separator_mark\DH_SMOKE_BOX_box_0001\reconstructed_strip_preview.jpg","E:\Code\_DELETE_REVIEW_Geocore_M0and1_Preprocessing_20260902\payload\workspace\runs\smoke_pipeline\m1_3_separator_mark\DH_SMOKE_BOX_box_0001\reconstructed_strip_preview.jpg","smoke_pipeline\m1_3_separator_mark\DH_SMOKE_BOX_box_0001\reconstructed_strip_preview.jpg","197911","49E6AF107FAFBA666048B0773F1F4B71DBA489ABC20BB1623A1650B422CDCE13"
"C001","GENERATED_SMOKE_RUN","E:\Code\Geocore_M0&1_Preprocessing\runs\smoke_pipeline\m1_3_separator_mark\DH_SMOKE_BOX_box_0001\reconstructed_strip.png","E:\Code\_DELETE_REVIEW_Geocore_M0and1_Preprocessing_20260902\payload\workspace\runs\smoke_pipeline\m1_3_separator_mark\DH_SMOKE_BOX_box_0001\reconstructed_strip.png","smoke_pipeline\m1_3_separator_mark\DH_SMOKE_BOX_box_0001\reconstructed_strip.png","4124053","51604D47C3794BBD0B8AD854A19AD91740933E6695541721621ADA061EDB67A9"
"C001","GENERATED_SMOKE_RUN","E:\Code\Geocore_M0&1_Preprocessing\runs\smoke_pipeline\m1_3_separator_mark\DH_SMOKE_BOX_box_0001\refined_mask.png","E:\Code\_DELETE_REVIEW_Geocore_M0and1_Preprocessing_20260902\payload\workspace\runs\smoke_pipeline\m1_3_separator_mark\DH_SMOKE_BOX_box_0001\refined_mask.png","smoke_pipeline\m1_3_separator_mark\DH_SMOKE_BOX_box_0001\refined_mask.png","23026","7B5330D02FBA203C13D1595788A68FC65C0BD2AFDB86B3AE4754B98D776621A9"
"C001","GENERATED_SMOKE_RUN","E:\Code\Geocore_M0&1_Preprocessing\runs\smoke_pipeline\m1_3_separator_mark\DH_SMOKE_BOX_box_0001\refined_mask.tif","E:\Code\_DELETE_REVIEW_Geocore_M0and1_Preprocessing_20260902\payload\workspace\runs\smoke_pipeline\m1_3_separator_mark\DH_SMOKE_BOX_box_0001\refined_mask.tif","smoke_pipeline\m1_3_separator_mark\DH_SMOKE_BOX_box_0001\refined_mask.tif","3246243","0E182C2EE13D5E1928441A1537DBEB119B2555D897AE06AC38DDE2F3FC4BE8C1"
"C001","GENERATED_SMOKE_RUN","E:\Code\Geocore_M0&1_Preprocessing\runs\smoke_pipeline\m1_3_separator_mark\DH_SMOKE_BOX_box_0001\refined_overlay.png","E:\Code\_DELETE_REVIEW_Geocore_M0and1_Preprocessing_20260902\payload\workspace\runs\smoke_pipeline\m1_3_separator_mark\DH_SMOKE_BOX_box_0001\refined_overlay.png","smoke_pipeline\m1_3_separator_mark\DH_SMOKE_BOX_box_0001\refined_overlay.png","2739819","AB8BE9644D17CD5CF998B7677CDF78F88A1F2284AD26D90751EAE87279C2BAB1"
"C001","GENERATED_SMOKE_RUN","E:\Code\Geocore_M0&1_Preprocessing\runs\smoke_pipeline\m1_3_separator_mark\DH_SMOKE_BOX_box_0001\removed_components.json","E:\Code\_DELETE_REVIEW_Geocore_M0and1_Preprocessing_20260902\payload\workspace\runs\smoke_pipeline\m1_3_separator_mark\DH_SMOKE_BOX_box_0001\removed_components.json","smoke_pipeline\m1_3_separator_mark\DH_SMOKE_BOX_box_0001\removed_components.json","57","A8D41CC609A496953EC84C8947197294319B4BD2D75B73842ABABD9159083EA6"
"C001","GENERATED_SMOKE_RUN","E:\Code\Geocore_M0&1_Preprocessing\runs\smoke_pipeline\m1_3_separator_mark\DH_SMOKE_BOX_box_0001\review_manifest.json","E:\Code\_DELETE_REVIEW_Geocore_M0and1_Preprocessing_20260902\payload\workspace\runs\smoke_pipeline\m1_3_separator_mark\DH_SMOKE_BOX_box_0001\review_manifest.json","smoke_pipeline\m1_3_separator_mark\DH_SMOKE_BOX_box_0001\review_manifest.json","604","FE96A0A98E6792730DC4A117B5FA218BCB3AE75A73F42D7EB9CD2114977E7771"
"C001","GENERATED_SMOKE_RUN","E:\Code\Geocore_M0&1_Preprocessing\runs\smoke_pipeline\m1_3_separator_mark\DH_SMOKE_BOX_box_0001\segments_with_cube_refs.json","E:\Code\_DELETE_REVIEW_Geocore_M0and1_Preprocessing_20260902\payload\workspace\runs\smoke_pipeline\m1_3_separator_mark\DH_SMOKE_BOX_box_0001\segments_with_cube_refs.json","smoke_pipeline\m1_3_separator_mark\DH_SMOKE_BOX_box_0001\segments_with_cube_refs.json","144643","1D374521697DAAF8E35C8E142D8C7F3FD805E517556043E8A299B28BCBBECD29"
"C001","GENERATED_SMOKE_RUN","E:\Code\Geocore_M0&1_Preprocessing\runs\smoke_pipeline\m1_3_separator_mark\DH_SMOKE_BOX_box_0001\segments.json","E:\Code\_DELETE_REVIEW_Geocore_M0and1_Preprocessing_20260902\payload\workspace\runs\smoke_pipeline\m1_3_separator_mark\DH_SMOKE_BOX_box_0001\segments.json","smoke_pipeline\m1_3_separator_mark\DH_SMOKE_BOX_box_0001\segments.json","40996","3D542E55E3797763370605BBE37DC5099A8899BB877BDAADEE8D65EBB1BA660A"
"C001","GENERATED_SMOKE_RUN","E:\Code\Geocore_M0&1_Preprocessing\runs\smoke_pipeline\m1_3_separator_mark\DH_SMOKE_BOX_box_0001\strip_mapping.json","E:\Code\_DELETE_REVIEW_Geocore_M0and1_Preprocessing_20260902\payload\workspace\runs\smoke_pipeline\m1_3_separator_mark\DH_SMOKE_BOX_box_0001\strip_mapping.json","smoke_pipeline\m1_3_separator_mark\DH_SMOKE_BOX_box_0001\strip_mapping.json","2076","CF9855F22FFF022F668F7EEF109AE42DDAAD0B23C3297EE076A6E1B338B5A19B"
"C001","GENERATED_SMOKE_RUN","E:\Code\Geocore_M0&1_Preprocessing\runs\smoke_pipeline\m1_3_separator_mark\DH_SMOKE_BOX_box_0001\lane_strips\lane_01_mask.png","E:\Code\_DELETE_REVIEW_Geocore_M0and1_Preprocessing_20260902\payload\workspace\runs\smoke_pipeline\m1_3_separator_mark\DH_SMOKE_BOX_box_0001\lane_strips\lane_01_mask.png","smoke_pipeline\m1_3_separator_mark\DH_SMOKE_BOX_box_0001\lane_strips\lane_01_mask.png","10556","F60D789B0364369A4A346FDCC960F791966302CF64BC063202188510DCC608B5"
"C001","GENERATED_SMOKE_RUN","E:\Code\Geocore_M0&1_Preprocessing\runs\smoke_pipeline\m1_3_separator_mark\DH_SMOKE_BOX_box_0001\lane_strips\lane_01.png","E:\Code\_DELETE_REVIEW_Geocore_M0and1_Preprocessing_20260902\payload\workspace\runs\smoke_pipeline\m1_3_separator_mark\DH_SMOKE_BOX_box_0001\lane_strips\lane_01.png","smoke_pipeline\m1_3_separator_mark\DH_SMOKE_BOX_box_0001\lane_strips\lane_01.png","784857","4309728F6FBE0F36820099FCA08C0267A7980322DDCC82A950E6EC8EF22F9C49"
"C001","GENERATED_SMOKE_RUN","E:\Code\Geocore_M0&1_Preprocessing\runs\smoke_pipeline\m1_3_separator_mark\DH_SMOKE_BOX_box_0001\lane_strips\lane_02_mask.png","E:\Code\_DELETE_REVIEW_Geocore_M0and1_Preprocessing_20260902\payload\workspace\runs\smoke_pipeline\m1_3_separator_mark\DH_SMOKE_BOX_box_0001\lane_strips\lane_02_mask.png","smoke_pipeline\m1_3_separator_mark\DH_SMOKE_BOX_box_0001\lane_strips\lane_02_mask.png","8003","A16F85FBC46FA2542D340B093F60695C3933C58DBE76768BCE3BA3BAA1097E1A"
"C001","GENERATED_SMOKE_RUN","E:\Code\Geocore_M0&1_Preprocessing\runs\smoke_pipeline\m1_3_separator_mark\DH_SMOKE_BOX_box_0001\lane_strips\lane_02.png","E:\Code\_DELETE_REVIEW_Geocore_M0and1_Preprocessing_20260902\payload\workspace\runs\smoke_pipeline\m1_3_separator_mark\DH_SMOKE_BOX_box_0001\lane_strips\lane_02.png","smoke_pipeline\m1_3_separator_mark\DH_SMOKE_BOX_box_0001\lane_strips\lane_02.png","865931","730777EE5CF5E52506D1BD628DCDAC907BC9066C3F0517A6927A94927ED90E35"
"C001","GENERATED_SMOKE_RUN","E:\Code\Geocore_M0&1_Preprocessing\runs\smoke_pipeline\m1_3_separator_mark\DH_SMOKE_BOX_box_0001\lane_strips\lane_03_mask.png","E:\Code\_DELETE_REVIEW_Geocore_M0and1_Preprocessing_20260902\payload\workspace\runs\smoke_pipeline\m1_3_separator_mark\DH_SMOKE_BOX_box_0001\lane_strips\lane_03_mask.png","smoke_pipeline\m1_3_separator_mark\DH_SMOKE_BOX_box_0001\lane_strips\lane_03_mask.png","6290","40849CC8E9AA849151F6AACA3EC15C1AB0038C58098C1BE5993A17723D0711FF"
"C001","GENERATED_SMOKE_RUN","E:\Code\Geocore_M0&1_Preprocessing\runs\smoke_pipeline\m1_3_separator_mark\DH_SMOKE_BOX_box_0001\lane_strips\lane_03.png","E:\Code\_DELETE_REVIEW_Geocore_M0and1_Preprocessing_20260902\payload\workspace\runs\smoke_pipeline\m1_3_separator_mark\DH_SMOKE_BOX_box_0001\lane_strips\lane_03.png","smoke_pipeline\m1_3_separator_mark\DH_SMOKE_BOX_box_0001\lane_strips\lane_03.png","876483","B9B992FA865002158161EA863069C1F30A9760B8B7A6893401C57FC31F4F0B11"
"C001","GENERATED_SMOKE_RUN","E:\Code\Geocore_M0&1_Preprocessing\runs\smoke_pipeline\m1_3_separator_mark\DH_SMOKE_BOX_box_0001\lane_strips\lane_04_mask.png","E:\Code\_DELETE_REVIEW_Geocore_M0and1_Preprocessing_20260902\payload\workspace\runs\smoke_pipeline\m1_3_separator_mark\DH_SMOKE_BOX_box_0001\lane_strips\lane_04_mask.png","smoke_pipeline\m1_3_separator_mark\DH_SMOKE_BOX_box_0001\lane_strips\lane_04_mask.png","6224","1B7AE6DA39955886CC878F8717645006754ADA217755B5BCBA5DABCE1EC6A73D"
"C001","GENERATED_SMOKE_RUN","E:\Code\Geocore_M0&1_Preprocessing\runs\smoke_pipeline\m1_3_separator_mark\DH_SMOKE_BOX_box_0001\lane_strips\lane_04.png","E:\Code\_DELETE_REVIEW_Geocore_M0and1_Preprocessing_20260902\payload\workspace\runs\smoke_pipeline\m1_3_separator_mark\DH_SMOKE_BOX_box_0001\lane_strips\lane_04.png","smoke_pipeline\m1_3_separator_mark\DH_SMOKE_BOX_box_0001\lane_strips\lane_04.png","840820","9DFFA51BDDC17D688197D92940E860B877693661DDDCFC1CA4D296EDD861FD83"
"C001","GENERATED_SMOKE_RUN","E:\Code\Geocore_M0&1_Preprocessing\runs\smoke_pipeline\m1_3_separator_mark\DH_SMOKE_BOX_box_0001\lane_strips\lane_05_mask.png","E:\Code\_DELETE_REVIEW_Geocore_M0and1_Preprocessing_20260902\payload\workspace\runs\smoke_pipeline\m1_3_separator_mark\DH_SMOKE_BOX_box_0001\lane_strips\lane_05_mask.png","smoke_pipeline\m1_3_separator_mark\DH_SMOKE_BOX_box_0001\lane_strips\lane_05_mask.png","7220","2BE6CB499CFACC67A1000855F799DED47BB0AB4F3C3573ED6E64BFC16877CD96"
"C001","GENERATED_SMOKE_RUN","E:\Code\Geocore_M0&1_Preprocessing\runs\smoke_pipeline\m1_3_separator_mark\DH_SMOKE_BOX_box_0001\lane_strips\lane_05.png","E:\Code\_DELETE_REVIEW_Geocore_M0and1_Preprocessing_20260902\payload\workspace\runs\smoke_pipeline\m1_3_separator_mark\DH_SMOKE_BOX_box_0001\lane_strips\lane_05.png","smoke_pipeline\m1_3_separator_mark\DH_SMOKE_BOX_box_0001\lane_strips\lane_05.png","757139","65751DD11EAF40673696ADEF916CE18AE1FA7F950F3AC746838BEE91F330A24B"
"C001","GENERATED_SMOKE_RUN","E:\Code\Geocore_M0&1_Preprocessing\runs\smoke_pipeline\m1_3_separator_mark\DH_SMOKE_BOX_box_0001\segments\DH_SMOKE_0000.00_0000.10_mask.png","E:\Code\_DELETE_REVIEW_Geocore_M0and1_Preprocessing_20260902\payload\workspace\runs\smoke_pipeline\m1_3_separator_mark\DH_SMOKE_BOX_box_0001\segments\DH_SMOKE_0000.00_0000.10_mask.png","smoke_pipeline\m1_3_separator_mark\DH_SMOKE_BOX_box_0001\segments\DH_SMOKE_0000.00_0000.10_mask.png","1814","6FC4E21B61240FA23F73C7BD5E14EB65ABD5C174BCC56619FE76D3618D461E9D"
"C001","GENERATED_SMOKE_RUN","E:\Code\Geocore_M0&1_Preprocessing\runs\smoke_pipeline\m1_3_separator_mark\DH_SMOKE_BOX_box_0001\segments\DH_SMOKE_0000.00_0000.10.png","E:\Code\_DELETE_REVIEW_Geocore_M0and1_Preprocessing_20260902\payload\workspace\runs\smoke_pipeline\m1_3_separator_mark\DH_SMOKE_BOX_box_0001\segments\DH_SMOKE_0000.00_0000.10.png","smoke_pipeline\m1_3_separator_mark\DH_SMOKE_BOX_box_0001\segments\DH_SMOKE_0000.00_0000.10.png","80039","67B6F8F4FE7EF871C6BD2F6A6B719C2D69B692D8878ED5BD3B5DFCFEE7B538E6"
"C001","GENERATED_SMOKE_RUN","E:\Code\Geocore_M0&1_Preprocessing\runs\smoke_pipeline\m1_3_separator_mark\DH_SMOKE_BOX_box_0001\segments\DH_SMOKE_0000.10_0000.20_mask.png","E:\Code\_DELETE_REVIEW_Geocore_M0and1_Preprocessing_20260902\payload\workspace\runs\smoke_pipeline\m1_3_separator_mark\DH_SMOKE_BOX_box_0001\segments\DH_SMOKE_0000.10_0000.20_mask.png","smoke_pipeline\m1_3_separator_mark\DH_SMOKE_BOX_box_0001\segments\DH_SMOKE_0000.10_0000.20_mask.png","1486","9868D1FB4417318A5F9C71AE48723A0F7DB80BF336C16D21969FB10A36EB72AC"
"C001","GENERATED_SMOKE_RUN","E:\Code\Geocore_M0&1_Preprocessing\runs\smoke_pipeline\m1_3_separator_mark\DH_SMOKE_BOX_box_0001\segments\DH_SMOKE_0000.10_0000.20.png","E:\Code\_DELETE_REVIEW_Geocore_M0and1_Preprocessing_20260902\payload\workspace\runs\smoke_pipeline\m1_3_separator_mark\DH_SMOKE_BOX_box_0001\segments\DH_SMOKE_0000.10_0000.20.png","smoke_pipeline\m1_3_separator_mark\DH_SMOKE_BOX_box_0001\segments\DH_SMOKE_0000.10_0000.20.png","77731","D56C922214BB0D514E415EA3A2CEBECDDB9AAF97BBD9778A853AEF4CEC996F14"
"C001","GENERATED_SMOKE_RUN","E:\Code\Geocore_M0&1_Preprocessing\runs\smoke_pipeline\m1_3_separator_mark\DH_SMOKE_BOX_box_0001\segments\DH_SMOKE_0000.20_0000.30_mask.png","E:\Code\_DELETE_REVIEW_Geocore_M0and1_Preprocessing_20260902\payload\workspace\runs\smoke_pipeline\m1_3_separator_mark\DH_SMOKE_BOX_box_0001\segments\DH_SMOKE_0000.20_0000.30_mask.png","smoke_pipeline\m1_3_separator_mark\DH_SMOKE_BOX_box_0001\segments\DH_SMOKE_0000.20_0000.30_mask.png","874","D53EBD0A67A582FBF05C8D6E648BAC5CC52E7515D8195D5DBE33233CCC7A369B"
"C001","GENERATED_SMOKE_RUN","E:\Code\Geocore_M0&1_Preprocessing\runs\smoke_pipeline\m1_3_separator_mark\DH_SMOKE_BOX_box_0001\segments\DH_SMOKE_0000.20_0000.30.png","E:\Code\_DELETE_REVIEW_Geocore_M0and1_Preprocessing_20260902\payload\workspace\runs\smoke_pipeline\m1_3_separator_mark\DH_SMOKE_BOX_box_0001\segments\DH_SMOKE_0000.20_0000.30.png","smoke_pipeline\m1_3_separator_mark\DH_SMOKE_BOX_box_0001\segments\DH_SMOKE_0000.20_0000.30.png","78435","4AFC87E5CC1CEE4A5E454C839DD41DA87DB15676643CC7908D97210033B55F4F"
"C001","GENERATED_SMOKE_RUN","E:\Code\Geocore_M0&1_Preprocessing\runs\smoke_pipeline\m1_3_separator_mark\DH_SMOKE_BOX_box_0001\segments\DH_SMOKE_0000.30_0000.40_mask.png","E:\Code\_DELETE_REVIEW_Geocore_M0and1_Preprocessing_20260902\payload\workspace\runs\smoke_pipeline\m1_3_separator_mark\DH_SMOKE_BOX_box_0001\segments\DH_SMOKE_0000.30_0000.40_mask.png","smoke_pipeline\m1_3_separator_mark\DH_SMOKE_BOX_box_0001\segments\DH_SMOKE_0000.30_0000.40_mask.png","792","30FEE0E8A0FE9274BEF69FD51963BB2CB74F8A47D43F7FE3AA8909F442C6D268"
"C001","GENERATED_SMOKE_RUN","E:\Code\Geocore_M0&1_Preprocessing\runs\smoke_pipeline\m1_3_separator_mark\DH_SMOKE_BOX_box_0001\segments\DH_SMOKE_0000.30_0000.40.png","E:\Code\_DELETE_REVIEW_Geocore_M0and1_Preprocessing_20260902\payload\workspace\runs\smoke_pipeline\m1_3_separator_mark\DH_SMOKE_BOX_box_0001\segments\DH_SMOKE_0000.30_0000.40.png","smoke_pipeline\m1_3_separator_mark\DH_SMOKE_BOX_box_0001\segments\DH_SMOKE_0000.30_0000.40.png","78497","DFF961BA98A87CD30AFE91BC3945F7C12D167D53FF4FF8D7D0B9B7E902B8858D"
"C001","GENERATED_SMOKE_RUN","E:\Code\Geocore_M0&1_Preprocessing\runs\smoke_pipeline\m1_3_separator_mark\DH_SMOKE_BOX_box_0001\segments\DH_SMOKE_0000.40_0000.50_mask.png","E:\Code\_DELETE_REVIEW_Geocore_M0and1_Preprocessing_20260902\payload\workspace\runs\smoke_pipeline\m1_3_separator_mark\DH_SMOKE_BOX_box_0001\segments\DH_SMOKE_0000.40_0000.50_mask.png","smoke_pipeline\m1_3_separator_mark\DH_SMOKE_BOX_box_0001\segments\DH_SMOKE_0000.40_0000.50_mask.png","1046","3C6622C96C5BCED47CA4E9B575080F6F2C6D5EAF6D1580C97A514726E3457A57"
"C001","GENERATED_SMOKE_RUN","E:\Code\Geocore_M0&1_Preprocessing\runs\smoke_pipeline\m1_3_separator_mark\DH_SMOKE_BOX_box_0001\segments\DH_SMOKE_0000.40_0000.50.png","E:\Code\_DELETE_REVIEW_Geocore_M0and1_Preprocessing_20260902\payload\workspace\runs\smoke_pipeline\m1_3_separator_mark\DH_SMOKE_BOX_box_0001\segments\DH_SMOKE_0000.40_0000.50.png","smoke_pipeline\m1_3_separator_mark\DH_SMOKE_BOX_box_0001\segments\DH_SMOKE_0000.40_0000.50.png","78669","A9165262F1454B534044947408AB14131B728C59F2ACC31C2749B3442EE83151"
"C001","GENERATED_SMOKE_RUN","E:\Code\Geocore_M0&1_Preprocessing\runs\smoke_pipeline\m1_3_separator_mark\DH_SMOKE_BOX_box_0001\segments\DH_SMOKE_0000.50_0000.60_mask.png","E:\Code\_DELETE_REVIEW_Geocore_M0and1_Preprocessing_20260902\payload\workspace\runs\smoke_pipeline\m1_3_separator_mark\DH_SMOKE_BOX_box_0001\segments\DH_SMOKE_0000.50_0000.60_mask.png","smoke_pipeline\m1_3_separator_mark\DH_SMOKE_BOX_box_0001\segments\DH_SMOKE_0000.50_0000.60_mask.png","919","4E71F7521BAD5FAC8058451C865BE4DAFDF7810A4EC3395C5AA187F1F34CE441"
"C001","GENERATED_SMOKE_RUN","E:\Code\Geocore_M0&1_Preprocessing\runs\smoke_pipeline\m1_3_separator_mark\DH_SMOKE_BOX_box_0001\segments\DH_SMOKE_0000.50_0000.60.png","E:\Code\_DELETE_REVIEW_Geocore_M0and1_Preprocessing_20260902\payload\workspace\runs\smoke_pipeline\m1_3_separator_mark\DH_SMOKE_BOX_box_0001\segments\DH_SMOKE_0000.50_0000.60.png","smoke_pipeline\m1_3_separator_mark\DH_SMOKE_BOX_box_0001\segments\DH_SMOKE_0000.50_0000.60.png","79902","CCDF71A06568426B1FD0205E993DAAAE78F7D9C554C05FC9B3CD3362E155BD80"
"C001","GENERATED_SMOKE_RUN","E:\Code\Geocore_M0&1_Preprocessing\runs\smoke_pipeline\m1_3_separator_mark\DH_SMOKE_BOX_box_0001\segments\DH_SMOKE_0000.60_0000.70_mask.png","E:\Code\_DELETE_REVIEW_Geocore_M0and1_Preprocessing_20260902\payload\workspace\runs\smoke_pipeline\m1_3_separator_mark\DH_SMOKE_BOX_box_0001\segments\DH_SMOKE_0000.60_0000.70_mask.png","smoke_pipeline\m1_3_separator_mark\DH_SMOKE_BOX_box_0001\segments\DH_SMOKE_0000.60_0000.70_mask.png","904","AC557824C6350187B14E7E4C1A2A667B5B7B4C171ABFC7E38FD92993ED9F0216"
"C001","GENERATED_SMOKE_RUN","E:\Code\Geocore_M0&1_Preprocessing\runs\smoke_pipeline\m1_3_separator_mark\DH_SMOKE_BOX_box_0001\segments\DH_SMOKE_0000.60_0000.70.png","E:\Code\_DELETE_REVIEW_Geocore_M0and1_Preprocessing_20260902\payload\workspace\runs\smoke_pipeline\m1_3_separator_mark\DH_SMOKE_BOX_box_0001\segments\DH_SMOKE_0000.60_0000.70.png","smoke_pipeline\m1_3_separator_mark\DH_SMOKE_BOX_box_0001\segments\DH_SMOKE_0000.60_0000.70.png","79311","AFA0B47092153DED94794973F0328888607C7018523A3CF2AFEC6E67D0A85EA6"
"C001","GENERATED_SMOKE_RUN","E:\Code\Geocore_M0&1_Preprocessing\runs\smoke_pipeline\m1_3_separator_mark\DH_SMOKE_BOX_box_0001\segments\DH_SMOKE_0000.70_0000.80_mask.png","E:\Code\_DELETE_REVIEW_Geocore_M0and1_Preprocessing_20260902\payload\workspace\runs\smoke_pipeline\m1_3_separator_mark\DH_SMOKE_BOX_box_0001\segments\DH_SMOKE_0000.70_0000.80_mask.png","smoke_pipeline\m1_3_separator_mark\DH_SMOKE_BOX_box_0001\segments\DH_SMOKE_0000.70_0000.80_mask.png","1147","093DF26BAE138B82916A4CB9F75789EC2A8706A236DEADE058FD57CCB32B163A"
"C001","GENERATED_SMOKE_RUN","E:\Code\Geocore_M0&1_Preprocessing\runs\smoke_pipeline\m1_3_separator_mark\DH_SMOKE_BOX_box_0001\segments\DH_SMOKE_0000.70_0000.80.png","E:\Code\_DELETE_REVIEW_Geocore_M0and1_Preprocessing_20260902\payload\workspace\runs\smoke_pipeline\m1_3_separator_mark\DH_SMOKE_BOX_box_0001\segments\DH_SMOKE_0000.70_0000.80.png","smoke_pipeline\m1_3_separator_mark\DH_SMOKE_BOX_box_0001\segments\DH_SMOKE_0000.70_0000.80.png","80501","BD93FB198AEEC74BD31AB0A06594D51B00A7126157CDAD46405730EBACB8E97F"
"C001","GENERATED_SMOKE_RUN","E:\Code\Geocore_M0&1_Preprocessing\runs\smoke_pipeline\m1_3_separator_mark\DH_SMOKE_BOX_box_0001\segments\DH_SMOKE_0000.80_0000.90_mask.png","E:\Code\_DELETE_REVIEW_Geocore_M0and1_Preprocessing_20260902\payload\workspace\runs\smoke_pipeline\m1_3_separator_mark\DH_SMOKE_BOX_box_0001\segments\DH_SMOKE_0000.80_0000.90_mask.png","smoke_pipeline\m1_3_separator_mark\DH_SMOKE_BOX_box_0001\segments\DH_SMOKE_0000.80_0000.90_mask.png","1557","5B4C999CFCE3AC931F0331FB0B82B78A9DAC304CA88C1DDE1E7A3E6402B4CE92"
"C001","GENERATED_SMOKE_RUN","E:\Code\Geocore_M0&1_Preprocessing\runs\smoke_pipeline\m1_3_separator_mark\DH_SMOKE_BOX_box_0001\segments\DH_SMOKE_0000.80_0000.90.png","E:\Code\_DELETE_REVIEW_Geocore_M0and1_Preprocessing_20260902\payload\workspace\runs\smoke_pipeline\m1_3_separator_mark\DH_SMOKE_BOX_box_0001\segments\DH_SMOKE_0000.80_0000.90.png","smoke_pipeline\m1_3_separator_mark\DH_SMOKE_BOX_box_0001\segments\DH_SMOKE_0000.80_0000.90.png","81061","69CB66F09F8B573E958B59AFFB4E3D6C3B76E7B6BFD2FFB2832232B1AEB5C1A2"
"C001","GENERATED_SMOKE_RUN","E:\Code\Geocore_M0&1_Preprocessing\runs\smoke_pipeline\m1_3_separator_mark\DH_SMOKE_BOX_box_0001\segments\DH_SMOKE_0000.90_0001.00_mask.png","E:\Code\_DELETE_REVIEW_Geocore_M0and1_Preprocessing_20260902\payload\workspace\runs\smoke_pipeline\m1_3_separator_mark\DH_SMOKE_BOX_box_0001\segments\DH_SMOKE_0000.90_0001.00_mask.png","smoke_pipeline\m1_3_separator_mark\DH_SMOKE_BOX_box_0001\segments\DH_SMOKE_0000.90_0001.00_mask.png","760","83DE3834A3424EE032CCEBC41CC9229E430CE61477F609E44EBA57418A0881CC"
"C001","GENERATED_SMOKE_RUN","E:\Code\Geocore_M0&1_Preprocessing\runs\smoke_pipeline\m1_3_separator_mark\DH_SMOKE_BOX_box_0001\segments\DH_SMOKE_0000.90_0001.00.png","E:\Code\_DELETE_REVIEW_Geocore_M0and1_Preprocessing_20260902\payload\workspace\runs\smoke_pipeline\m1_3_separator_mark\DH_SMOKE_BOX_box_0001\segments\DH_SMOKE_0000.90_0001.00.png","smoke_pipeline\m1_3_separator_mark\DH_SMOKE_BOX_box_0001\segments\DH_SMOKE_0000.90_0001.00.png","80725","8DA34B5F4F8BFB5602AB96A42EA7C558F424D29AB46AE3C4F278879F16FB4EB4"
"C001","GENERATED_SMOKE_RUN","E:\Code\Geocore_M0&1_Preprocessing\runs\smoke_pipeline\m1_3_separator_mark\DH_SMOKE_BOX_box_0001\segments\DH_SMOKE_0001.00_0001.10_mask.png","E:\Code\_DELETE_REVIEW_Geocore_M0and1_Preprocessing_20260902\payload\workspace\runs\smoke_pipeline\m1_3_separator_mark\DH_SMOKE_BOX_box_0001\segments\DH_SMOKE_0001.00_0001.10_mask.png","smoke_pipeline\m1_3_separator_mark\DH_SMOKE_BOX_box_0001\segments\DH_SMOKE_0001.00_0001.10_mask.png","1038","BB9022CE8B77CAB822D52B5690ACBF0DD935A575391C54DC07BD7F5D419AA43F"
"C001","GENERATED_SMOKE_RUN","E:\Code\Geocore_M0&1_Preprocessing\runs\smoke_pipeline\m1_3_separator_mark\DH_SMOKE_BOX_box_0001\segments\DH_SMOKE_0001.00_0001.10.png","E:\Code\_DELETE_REVIEW_Geocore_M0and1_Preprocessing_20260902\payload\workspace\runs\smoke_pipeline\m1_3_separator_mark\DH_SMOKE_BOX_box_0001\segments\DH_SMOKE_0001.00_0001.10.png","smoke_pipeline\m1_3_separator_mark\DH_SMOKE_BOX_box_0001\segments\DH_SMOKE_0001.00_0001.10.png","86214","F3FA0D20304B05973E53EB9E1FAA8112EB9DDF1D2DAF99A837ABEB4956E2B940"
"C001","GENERATED_SMOKE_RUN","E:\Code\Geocore_M0&1_Preprocessing\runs\smoke_pipeline\m1_3_separator_mark\DH_SMOKE_BOX_box_0001\segments\DH_SMOKE_0001.10_0001.20_mask.png","E:\Code\_DELETE_REVIEW_Geocore_M0and1_Preprocessing_20260902\payload\workspace\runs\smoke_pipeline\m1_3_separator_mark\DH_SMOKE_BOX_box_0001\segments\DH_SMOKE_0001.10_0001.20_mask.png","smoke_pipeline\m1_3_separator_mark\DH_SMOKE_BOX_box_0001\segments\DH_SMOKE_0001.10_0001.20_mask.png","1193","B44F1AE48BBDF1C5042C5F9B3B8B73A90215ED8498410BC10950A79EF474A577"
"C001","GENERATED_SMOKE_RUN","E:\Code\Geocore_M0&1_Preprocessing\runs\smoke_pipeline\m1_3_separator_mark\DH_SMOKE_BOX_box_0001\segments\DH_SMOKE_0001.10_0001.20.png","E:\Code\_DELETE_REVIEW_Geocore_M0and1_Preprocessing_20260902\payload\workspace\runs\smoke_pipeline\m1_3_separator_mark\DH_SMOKE_BOX_box_0001\segments\DH_SMOKE_0001.10_0001.20.png","smoke_pipeline\m1_3_separator_mark\DH_SMOKE_BOX_box_0001\segments\DH_SMOKE_0001.10_0001.20.png","87797","298C3711C5F6324ABEADA4A230B0560AE6E44970133025579662FACF04F5A189"
"C001","GENERATED_SMOKE_RUN","E:\Code\Geocore_M0&1_Preprocessing\runs\smoke_pipeline\m1_3_separator_mark\DH_SMOKE_BOX_box_0001\segments\DH_SMOKE_0001.20_0001.30_mask.png","E:\Code\_DELETE_REVIEW_Geocore_M0and1_Preprocessing_20260902\payload\workspace\runs\smoke_pipeline\m1_3_separator_mark\DH_SMOKE_BOX_box_0001\segments\DH_SMOKE_0001.20_0001.30_mask.png","smoke_pipeline\m1_3_separator_mark\DH_SMOKE_BOX_box_0001\segments\DH_SMOKE_0001.20_0001.30_mask.png","871","C4163B19D278900DBF750C56021DD6A95D4BEA834DFE58360A2ACBD40DB000EE"
"C001","GENERATED_SMOKE_RUN","E:\Code\Geocore_M0&1_Preprocessing\runs\smoke_pipeline\m1_3_separator_mark\DH_SMOKE_BOX_box_0001\segments\DH_SMOKE_0001.20_0001.30.png","E:\Code\_DELETE_REVIEW_Geocore_M0and1_Preprocessing_20260902\payload\workspace\runs\smoke_pipeline\m1_3_separator_mark\DH_SMOKE_BOX_box_0001\segments\DH_SMOKE_0001.20_0001.30.png","smoke_pipeline\m1_3_separator_mark\DH_SMOKE_BOX_box_0001\segments\DH_SMOKE_0001.20_0001.30.png","86470","2A7317211810A6BFC410C8127C8B61CD48862002BE662364D9D74BDDB187EBBE"
"C001","GENERATED_SMOKE_RUN","E:\Code\Geocore_M0&1_Preprocessing\runs\smoke_pipeline\m1_3_separator_mark\DH_SMOKE_BOX_box_0001\segments\DH_SMOKE_0001.30_0001.40_mask.png","E:\Code\_DELETE_REVIEW_Geocore_M0and1_Preprocessing_20260902\payload\workspace\runs\smoke_pipeline\m1_3_separator_mark\DH_SMOKE_BOX_box_0001\segments\DH_SMOKE_0001.30_0001.40_mask.png","smoke_pipeline\m1_3_separator_mark\DH_SMOKE_BOX_box_0001\segments\DH_SMOKE_0001.30_0001.40_mask.png","725","5CA397A1AEB6251F785B078FBCADCCDD74ACC4F759CCCB5B53086A581BD6F6A4"
"C001","GENERATED_SMOKE_RUN","E:\Code\Geocore_M0&1_Preprocessing\runs\smoke_pipeline\m1_3_separator_mark\DH_SMOKE_BOX_box_0001\segments\DH_SMOKE_0001.30_0001.40.png","E:\Code\_DELETE_REVIEW_Geocore_M0and1_Preprocessing_20260902\payload\workspace\runs\smoke_pipeline\m1_3_separator_mark\DH_SMOKE_BOX_box_0001\segments\DH_SMOKE_0001.30_0001.40.png","smoke_pipeline\m1_3_separator_mark\DH_SMOKE_BOX_box_0001\segments\DH_SMOKE_0001.30_0001.40.png","87745","C03EFABBEC94483321AA66F166F6151F5DDFB3EB7A8BCBAD86A90380C1FF3EE2"
"C001","GENERATED_SMOKE_RUN","E:\Code\Geocore_M0&1_Preprocessing\runs\smoke_pipeline\m1_3_separator_mark\DH_SMOKE_BOX_box_0001\segments\DH_SMOKE_0001.40_0001.50_mask.png","E:\Code\_DELETE_REVIEW_Geocore_M0and1_Preprocessing_20260902\payload\workspace\runs\smoke_pipeline\m1_3_separator_mark\DH_SMOKE_BOX_box_0001\segments\DH_SMOKE_0001.40_0001.50_mask.png","smoke_pipeline\m1_3_separator_mark\DH_SMOKE_BOX_box_0001\segments\DH_SMOKE_0001.40_0001.50_mask.png","726","1AFE0D78656FF9BF24602B351F4CA3A88A572F5E2E687A4BEDE8CAF1A402DC45"
"C001","GENERATED_SMOKE_RUN","E:\Code\Geocore_M0&1_Preprocessing\runs\smoke_pipeline\m1_3_separator_mark\DH_SMOKE_BOX_box_0001\segments\DH_SMOKE_0001.40_0001.50.png","E:\Code\_DELETE_REVIEW_Geocore_M0and1_Preprocessing_20260902\payload\workspace\runs\smoke_pipeline\m1_3_separator_mark\DH_SMOKE_BOX_box_0001\segments\DH_SMOKE_0001.40_0001.50.png","smoke_pipeline\m1_3_separator_mark\DH_SMOKE_BOX_box_0001\segments\DH_SMOKE_0001.40_0001.50.png","88875","5652A6E48EC75640901D5528B17D85AC72E27BC03D6F5372A772172F88E94DC0"
"C001","GENERATED_SMOKE_RUN","E:\Code\Geocore_M0&1_Preprocessing\runs\smoke_pipeline\m1_3_separator_mark\DH_SMOKE_BOX_box_0001\segments\DH_SMOKE_0001.50_0001.60_mask.png","E:\Code\_DELETE_REVIEW_Geocore_M0and1_Preprocessing_20260902\payload\workspace\runs\smoke_pipeline\m1_3_separator_mark\DH_SMOKE_BOX_box_0001\segments\DH_SMOKE_0001.50_0001.60_mask.png","smoke_pipeline\m1_3_separator_mark\DH_SMOKE_BOX_box_0001\segments\DH_SMOKE_0001.50_0001.60_mask.png","1124","D2B9A6B0697497A0F4FE78BA04715EE58CA795EDBC02143E82EAF35071A83FFD"
"C001","GENERATED_SMOKE_RUN","E:\Code\Geocore_M0&1_Preprocessing\runs\smoke_pipeline\m1_3_separator_mark\DH_SMOKE_BOX_box_0001\segments\DH_SMOKE_0001.50_0001.60.png","E:\Code\_DELETE_REVIEW_Geocore_M0and1_Preprocessing_20260902\payload\workspace\runs\smoke_pipeline\m1_3_separator_mark\DH_SMOKE_BOX_box_0001\segments\DH_SMOKE_0001.50_0001.60.png","smoke_pipeline\m1_3_separator_mark\DH_SMOKE_BOX_box_0001\segments\DH_SMOKE_0001.50_0001.60.png","86478","044799E3A4B3E7856DA7CB4A26B4AF451EC5A2D58DE2AB72894C2890AF405F13"
"C001","GENERATED_SMOKE_RUN","E:\Code\Geocore_M0&1_Preprocessing\runs\smoke_pipeline\m1_3_separator_mark\DH_SMOKE_BOX_box_0001\segments\DH_SMOKE_0001.60_0001.70_mask.png","E:\Code\_DELETE_REVIEW_Geocore_M0and1_Preprocessing_20260902\payload\workspace\runs\smoke_pipeline\m1_3_separator_mark\DH_SMOKE_BOX_box_0001\segments\DH_SMOKE_0001.60_0001.70_mask.png","smoke_pipeline\m1_3_separator_mark\DH_SMOKE_BOX_box_0001\segments\DH_SMOKE_0001.60_0001.70_mask.png","898","56D5D045C9E336880D5DB642D121A329EFE92EA1FC27BAC593C669923FCF5BA1"
"C001","GENERATED_SMOKE_RUN","E:\Code\Geocore_M0&1_Preprocessing\runs\smoke_pipeline\m1_3_separator_mark\DH_SMOKE_BOX_box_0001\segments\DH_SMOKE_0001.60_0001.70.png","E:\Code\_DELETE_REVIEW_Geocore_M0and1_Preprocessing_20260902\payload\workspace\runs\smoke_pipeline\m1_3_separator_mark\DH_SMOKE_BOX_box_0001\segments\DH_SMOKE_0001.60_0001.70.png","smoke_pipeline\m1_3_separator_mark\DH_SMOKE_BOX_box_0001\segments\DH_SMOKE_0001.60_0001.70.png","87893","35C03F48609D6383FD5549C67362B6BDDF0772C87D09FBF3F971F01D13BC8180"
"C001","GENERATED_SMOKE_RUN","E:\Code\Geocore_M0&1_Preprocessing\runs\smoke_pipeline\m1_3_separator_mark\DH_SMOKE_BOX_box_0001\segments\DH_SMOKE_0001.70_0001.80_mask.png","E:\Code\_DELETE_REVIEW_Geocore_M0and1_Preprocessing_20260902\payload\workspace\runs\smoke_pipeline\m1_3_separator_mark\DH_SMOKE_BOX_box_0001\segments\DH_SMOKE_0001.70_0001.80_mask.png","smoke_pipeline\m1_3_separator_mark\DH_SMOKE_BOX_box_0001\segments\DH_SMOKE_0001.70_0001.80_mask.png","681","000FEE7A62DF96A8DC65067AD3E12A1E8826BDEF2E06A557830B47A92A5C85AB"
"C001","GENERATED_SMOKE_RUN","E:\Code\Geocore_M0&1_Preprocessing\runs\smoke_pipeline\m1_3_separator_mark\DH_SMOKE_BOX_box_0001\segments\DH_SMOKE_0001.70_0001.80.png","E:\Code\_DELETE_REVIEW_Geocore_M0and1_Preprocessing_20260902\payload\workspace\runs\smoke_pipeline\m1_3_separator_mark\DH_SMOKE_BOX_box_0001\segments\DH_SMOKE_0001.70_0001.80.png","smoke_pipeline\m1_3_separator_mark\DH_SMOKE_BOX_box_0001\segments\DH_SMOKE_0001.70_0001.80.png","87401","5E8EB4A20BA71DC3E1BE53F995B0ED08A60A1DC3082E00F7E799EDC403BAFEBB"
"C001","GENERATED_SMOKE_RUN","E:\Code\Geocore_M0&1_Preprocessing\runs\smoke_pipeline\m1_3_separator_mark\DH_SMOKE_BOX_box_0001\segments\DH_SMOKE_0001.80_0001.90_mask.png","E:\Code\_DELETE_REVIEW_Geocore_M0and1_Preprocessing_20260902\payload\workspace\runs\smoke_pipeline\m1_3_separator_mark\DH_SMOKE_BOX_box_0001\segments\DH_SMOKE_0001.80_0001.90_mask.png","smoke_pipeline\m1_3_separator_mark\DH_SMOKE_BOX_box_0001\segments\DH_SMOKE_0001.80_0001.90_mask.png","527","E1B016C25CC5FD841F2247897BDFD37C5B3A635F1DF2D3B5D725924213479E03"
"C001","GENERATED_SMOKE_RUN","E:\Code\Geocore_M0&1_Preprocessing\runs\smoke_pipeline\m1_3_separator_mark\DH_SMOKE_BOX_box_0001\segments\DH_SMOKE_0001.80_0001.90.png","E:\Code\_DELETE_REVIEW_Geocore_M0and1_Preprocessing_20260902\payload\workspace\runs\smoke_pipeline\m1_3_separator_mark\DH_SMOKE_BOX_box_0001\segments\DH_SMOKE_0001.80_0001.90.png","smoke_pipeline\m1_3_separator_mark\DH_SMOKE_BOX_box_0001\segments\DH_SMOKE_0001.80_0001.90.png","87414","694AC41A79E22B11EEA3645714B6FF0536C3EA45EFC7E3D6CA9295CC72C2F325"
"C001","GENERATED_SMOKE_RUN","E:\Code\Geocore_M0&1_Preprocessing\runs\smoke_pipeline\m1_3_separator_mark\DH_SMOKE_BOX_box_0001\segments\DH_SMOKE_0001.90_0002.00_mask.png","E:\Code\_DELETE_REVIEW_Geocore_M0and1_Preprocessing_20260902\payload\workspace\runs\smoke_pipeline\m1_3_separator_mark\DH_SMOKE_BOX_box_0001\segments\DH_SMOKE_0001.90_0002.00_mask.png","smoke_pipeline\m1_3_separator_mark\DH_SMOKE_BOX_box_0001\segments\DH_SMOKE_0001.90_0002.00_mask.png","1063","E84057893FBED1109341EAA56DC044F7A51DF3962FC65FCEF6F22F2C3C1030FE"
"C001","GENERATED_SMOKE_RUN","E:\Code\Geocore_M0&1_Preprocessing\runs\smoke_pipeline\m1_3_separator_mark\DH_SMOKE_BOX_box_0001\segments\DH_SMOKE_0001.90_0002.00.png","E:\Code\_DELETE_REVIEW_Geocore_M0and1_Preprocessing_20260902\payload\workspace\runs\smoke_pipeline\m1_3_separator_mark\DH_SMOKE_BOX_box_0001\segments\DH_SMOKE_0001.90_0002.00.png","smoke_pipeline\m1_3_separator_mark\DH_SMOKE_BOX_box_0001\segments\DH_SMOKE_0001.90_0002.00.png","90163","C846C1E961534C2281326B2A5973FA8F6827BB87931D1DAFF2A3E1C78D2FDB56"
"C001","GENERATED_SMOKE_RUN","E:\Code\Geocore_M0&1_Preprocessing\runs\smoke_pipeline\m1_3_separator_mark\DH_SMOKE_BOX_box_0001\segments\DH_SMOKE_0002.00_0002.10_mask.png","E:\Code\_DELETE_REVIEW_Geocore_M0and1_Preprocessing_20260902\payload\workspace\runs\smoke_pipeline\m1_3_separator_mark\DH_SMOKE_BOX_box_0001\segments\DH_SMOKE_0002.00_0002.10_mask.png","smoke_pipeline\m1_3_separator_mark\DH_SMOKE_BOX_box_0001\segments\DH_SMOKE_0002.00_0002.10_mask.png","970","B488ADD4F5E0023C510E384EBB16A7CE90759EE9A5816E1B10EB78128C9008F7"
"C001","GENERATED_SMOKE_RUN","E:\Code\Geocore_M0&1_Preprocessing\runs\smoke_pipeline\m1_3_separator_mark\DH_SMOKE_BOX_box_0001\segments\DH_SMOKE_0002.00_0002.10.png","E:\Code\_DELETE_REVIEW_Geocore_M0and1_Preprocessing_20260902\payload\workspace\runs\smoke_pipeline\m1_3_separator_mark\DH_SMOKE_BOX_box_0001\segments\DH_SMOKE_0002.00_0002.10.png","smoke_pipeline\m1_3_separator_mark\DH_SMOKE_BOX_box_0001\segments\DH_SMOKE_0002.00_0002.10.png","87998","5EF97A57B5E8D72981EFD991F544D40BFE49FF917ED8D024FAFA4F58842B372E"
"C001","GENERATED_SMOKE_RUN","E:\Code\Geocore_M0&1_Preprocessing\runs\smoke_pipeline\m1_3_separator_mark\DH_SMOKE_BOX_box_0001\segments\DH_SMOKE_0002.10_0002.20_mask.png","E:\Code\_DELETE_REVIEW_Geocore_M0and1_Preprocessing_20260902\payload\workspace\runs\smoke_pipeline\m1_3_separator_mark\DH_SMOKE_BOX_box_0001\segments\DH_SMOKE_0002.10_0002.20_mask.png","smoke_pipeline\m1_3_separator_mark\DH_SMOKE_BOX_box_0001\segments\DH_SMOKE_0002.10_0002.20_mask.png","837","24097E825AF32222289EB831F3D33F534A6B2737A821FA1F7DA7D16FC1863E99"
"C001","GENERATED_SMOKE_RUN","E:\Code\Geocore_M0&1_Preprocessing\runs\smoke_pipeline\m1_3_separator_mark\DH_SMOKE_BOX_box_0001\segments\DH_SMOKE_0002.10_0002.20.png","E:\Code\_DELETE_REVIEW_Geocore_M0and1_Preprocessing_20260902\payload\workspace\runs\smoke_pipeline\m1_3_separator_mark\DH_SMOKE_BOX_box_0001\segments\DH_SMOKE_0002.10_0002.20.png","smoke_pipeline\m1_3_separator_mark\DH_SMOKE_BOX_box_0001\segments\DH_SMOKE_0002.10_0002.20.png","87398","C863A0706ABCD60E8058A261B3B161145BAC34079FDE2B8AECF4B4A7127F590A"
"C001","GENERATED_SMOKE_RUN","E:\Code\Geocore_M0&1_Preprocessing\runs\smoke_pipeline\m1_3_separator_mark\DH_SMOKE_BOX_box_0001\segments\DH_SMOKE_0002.20_0002.30_mask.png","E:\Code\_DELETE_REVIEW_Geocore_M0and1_Preprocessing_20260902\payload\workspace\runs\smoke_pipeline\m1_3_separator_mark\DH_SMOKE_BOX_box_0001\segments\DH_SMOKE_0002.20_0002.30_mask.png","smoke_pipeline\m1_3_separator_mark\DH_SMOKE_BOX_box_0001\segments\DH_SMOKE_0002.20_0002.30_mask.png","579","92FFC9245B1CD945D2AB2B81CEBDAAF15B3CF2AE8EE110059D4B4867B8E11821"
"C001","GENERATED_SMOKE_RUN","E:\Code\Geocore_M0&1_Preprocessing\runs\smoke_pipeline\m1_3_separator_mark\DH_SMOKE_BOX_box_0001\segments\DH_SMOKE_0002.20_0002.30.png","E:\Code\_DELETE_REVIEW_Geocore_M0and1_Preprocessing_20260902\payload\workspace\runs\smoke_pipeline\m1_3_separator_mark\DH_SMOKE_BOX_box_0001\segments\DH_SMOKE_0002.20_0002.30.png","smoke_pipeline\m1_3_separator_mark\DH_SMOKE_BOX_box_0001\segments\DH_SMOKE_0002.20_0002.30.png","87818","499B1E5B57E24AE3D85172962DE6FD312917C1E6BD3279F3C2D49CC21081ABCD"
"C001","GENERATED_SMOKE_RUN","E:\Code\Geocore_M0&1_Preprocessing\runs\smoke_pipeline\m1_3_separator_mark\DH_SMOKE_BOX_box_0001\segments\DH_SMOKE_0002.30_0002.40_mask.png","E:\Code\_DELETE_REVIEW_Geocore_M0and1_Preprocessing_20260902\payload\workspace\runs\smoke_pipeline\m1_3_separator_mark\DH_SMOKE_BOX_box_0001\segments\DH_SMOKE_0002.30_0002.40_mask.png","smoke_pipeline\m1_3_separator_mark\DH_SMOKE_BOX_box_0001\segments\DH_SMOKE_0002.30_0002.40_mask.png","585","43D64B6F5E80E19D539D5FA276A3FA537D95CEE52D349D2041AF5ED6BFB3E3D3"
"C001","GENERATED_SMOKE_RUN","E:\Code\Geocore_M0&1_Preprocessing\runs\smoke_pipeline\m1_3_separator_mark\DH_SMOKE_BOX_box_0001\segments\DH_SMOKE_0002.30_0002.40.png","E:\Code\_DELETE_REVIEW_Geocore_M0and1_Preprocessing_20260902\payload\workspace\runs\smoke_pipeline\m1_3_separator_mark\DH_SMOKE_BOX_box_0001\segments\DH_SMOKE_0002.30_0002.40.png","smoke_pipeline\m1_3_separator_mark\DH_SMOKE_BOX_box_0001\segments\DH_SMOKE_0002.30_0002.40.png","86942","93FDDDCF46F4AB38503C80192638E6C68BCD4246AD2FBDE50112246D37606106"
"C001","GENERATED_SMOKE_RUN","E:\Code\Geocore_M0&1_Preprocessing\runs\smoke_pipeline\m1_3_separator_mark\DH_SMOKE_BOX_box_0001\segments\DH_SMOKE_0002.40_0002.50_mask.png","E:\Code\_DELETE_REVIEW_Geocore_M0and1_Preprocessing_20260902\payload\workspace\runs\smoke_pipeline\m1_3_separator_mark\DH_SMOKE_BOX_box_0001\segments\DH_SMOKE_0002.40_0002.50_mask.png","smoke_pipeline\m1_3_separator_mark\DH_SMOKE_BOX_box_0001\segments\DH_SMOKE_0002.40_0002.50_mask.png","526","0A4016B3165032CA68F75150D0E28B0853BE0F78876DB8D701FCC654117B3CA8"
"C001","GENERATED_SMOKE_RUN","E:\Code\Geocore_M0&1_Preprocessing\runs\smoke_pipeline\m1_3_separator_mark\DH_SMOKE_BOX_box_0001\segments\DH_SMOKE_0002.40_0002.50.png","E:\Code\_DELETE_REVIEW_Geocore_M0and1_Preprocessing_20260902\payload\workspace\runs\smoke_pipeline\m1_3_separator_mark\DH_SMOKE_BOX_box_0001\segments\DH_SMOKE_0002.40_0002.50.png","smoke_pipeline\m1_3_separator_mark\DH_SMOKE_BOX_box_0001\segments\DH_SMOKE_0002.40_0002.50.png","86154","5221A645D56413201D933EFDA9F77C958259B86E36261EB6B0150707678C49F1"
"C001","GENERATED_SMOKE_RUN","E:\Code\Geocore_M0&1_Preprocessing\runs\smoke_pipeline\m1_3_separator_mark\DH_SMOKE_BOX_box_0001\segments\DH_SMOKE_0002.50_0002.60_mask.png","E:\Code\_DELETE_REVIEW_Geocore_M0and1_Preprocessing_20260902\payload\workspace\runs\smoke_pipeline\m1_3_separator_mark\DH_SMOKE_BOX_box_0001\segments\DH_SMOKE_0002.50_0002.60_mask.png","smoke_pipeline\m1_3_separator_mark\DH_SMOKE_BOX_box_0001\segments\DH_SMOKE_0002.50_0002.60_mask.png","649","057BE4E9D5B9FDF8331098C79CA1FCFB0FCA9C4E95D6F0D9E60012793E954424"
"C001","GENERATED_SMOKE_RUN","E:\Code\Geocore_M0&1_Preprocessing\runs\smoke_pipeline\m1_3_separator_mark\DH_SMOKE_BOX_box_0001\segments\DH_SMOKE_0002.50_0002.60.png","E:\Code\_DELETE_REVIEW_Geocore_M0and1_Preprocessing_20260902\payload\workspace\runs\smoke_pipeline\m1_3_separator_mark\DH_SMOKE_BOX_box_0001\segments\DH_SMOKE_0002.50_0002.60.png","smoke_pipeline\m1_3_separator_mark\DH_SMOKE_BOX_box_0001\segments\DH_SMOKE_0002.50_0002.60.png","87924","705305E8F9B5FA85024992CF748188DD769C86382D303F40721048E2287472A0"
"C001","GENERATED_SMOKE_RUN","E:\Code\Geocore_M0&1_Preprocessing\runs\smoke_pipeline\m1_3_separator_mark\DH_SMOKE_BOX_box_0001\segments\DH_SMOKE_0002.60_0002.70_mask.png","E:\Code\_DELETE_REVIEW_Geocore_M0and1_Preprocessing_20260902\payload\workspace\runs\smoke_pipeline\m1_3_separator_mark\DH_SMOKE_BOX_box_0001\segments\DH_SMOKE_0002.60_0002.70_mask.png","smoke_pipeline\m1_3_separator_mark\DH_SMOKE_BOX_box_0001\segments\DH_SMOKE_0002.60_0002.70_mask.png","795","87EDEAFCDA39B25D1D1B5DEE21409222C3E97BFC3539E3F24E2E07A42BB3BB5A"
"C001","GENERATED_SMOKE_RUN","E:\Code\Geocore_M0&1_Preprocessing\runs\smoke_pipeline\m1_3_separator_mark\DH_SMOKE_BOX_box_0001\segments\DH_SMOKE_0002.60_0002.70.png","E:\Code\_DELETE_REVIEW_Geocore_M0and1_Preprocessing_20260902\payload\workspace\runs\smoke_pipeline\m1_3_separator_mark\DH_SMOKE_BOX_box_0001\segments\DH_SMOKE_0002.60_0002.70.png","smoke_pipeline\m1_3_separator_mark\DH_SMOKE_BOX_box_0001\segments\DH_SMOKE_0002.60_0002.70.png","88307","581E396ABF80C0F2340D4EB792A81FE1F0726A7DCD010E87751803C17EADA39F"
"C001","GENERATED_SMOKE_RUN","E:\Code\Geocore_M0&1_Preprocessing\runs\smoke_pipeline\m1_3_separator_mark\DH_SMOKE_BOX_box_0001\segments\DH_SMOKE_0002.70_0002.80_mask.png","E:\Code\_DELETE_REVIEW_Geocore_M0and1_Preprocessing_20260902\payload\workspace\runs\smoke_pipeline\m1_3_separator_mark\DH_SMOKE_BOX_box_0001\segments\DH_SMOKE_0002.70_0002.80_mask.png","smoke_pipeline\m1_3_separator_mark\DH_SMOKE_BOX_box_0001\segments\DH_SMOKE_0002.70_0002.80_mask.png","744","9395D4AA5E4DD4CCD5292F340764BAAF1EE3BA887C3A404F094384EDE1D4E64B"
"C001","GENERATED_SMOKE_RUN","E:\Code\Geocore_M0&1_Preprocessing\runs\smoke_pipeline\m1_3_separator_mark\DH_SMOKE_BOX_box_0001\segments\DH_SMOKE_0002.70_0002.80.png","E:\Code\_DELETE_REVIEW_Geocore_M0and1_Preprocessing_20260902\payload\workspace\runs\smoke_pipeline\m1_3_separator_mark\DH_SMOKE_BOX_box_0001\segments\DH_SMOKE_0002.70_0002.80.png","smoke_pipeline\m1_3_separator_mark\DH_SMOKE_BOX_box_0001\segments\DH_SMOKE_0002.70_0002.80.png","87212","8149342B1CA81E29883CB86E57662162AB34B787BEE9DECFBAEC995DC6A91F75"
"C001","GENERATED_SMOKE_RUN","E:\Code\Geocore_M0&1_Preprocessing\runs\smoke_pipeline\m1_3_separator_mark\DH_SMOKE_BOX_box_0001\segments\DH_SMOKE_0002.80_0002.90_mask.png","E:\Code\_DELETE_REVIEW_Geocore_M0and1_Preprocessing_20260902\payload\workspace\runs\smoke_pipeline\m1_3_separator_mark\DH_SMOKE_BOX_box_0001\segments\DH_SMOKE_0002.80_0002.90_mask.png","smoke_pipeline\m1_3_separator_mark\DH_SMOKE_BOX_box_0001\segments\DH_SMOKE_0002.80_0002.90_mask.png","526","0A4016B3165032CA68F75150D0E28B0853BE0F78876DB8D701FCC654117B3CA8"
"C001","GENERATED_SMOKE_RUN","E:\Code\Geocore_M0&1_Preprocessing\runs\smoke_pipeline\m1_3_separator_mark\DH_SMOKE_BOX_box_0001\segments\DH_SMOKE_0002.80_0002.90.png","E:\Code\_DELETE_REVIEW_Geocore_M0and1_Preprocessing_20260902\payload\workspace\runs\smoke_pipeline\m1_3_separator_mark\DH_SMOKE_BOX_box_0001\segments\DH_SMOKE_0002.80_0002.90.png","smoke_pipeline\m1_3_separator_mark\DH_SMOKE_BOX_box_0001\segments\DH_SMOKE_0002.80_0002.90.png","90974","67886AFD9A38C6EC478675A48334BBB2322B7EAE171A33F9BE81227C78F28A68"
"C001","GENERATED_SMOKE_RUN","E:\Code\Geocore_M0&1_Preprocessing\runs\smoke_pipeline\m1_3_separator_mark\DH_SMOKE_BOX_box_0001\segments\DH_SMOKE_0002.90_0003.00_mask.png","E:\Code\_DELETE_REVIEW_Geocore_M0and1_Preprocessing_20260902\payload\workspace\runs\smoke_pipeline\m1_3_separator_mark\DH_SMOKE_BOX_box_0001\segments\DH_SMOKE_0002.90_0003.00_mask.png","smoke_pipeline\m1_3_separator_mark\DH_SMOKE_BOX_box_0001\segments\DH_SMOKE_0002.90_0003.00_mask.png","932","F3714DA8EB25F31AB2183733C2679FDDD6364E9DDD2411F7053D5202763C217C"
"C001","GENERATED_SMOKE_RUN","E:\Code\Geocore_M0&1_Preprocessing\runs\smoke_pipeline\m1_3_separator_mark\DH_SMOKE_BOX_box_0001\segments\DH_SMOKE_0002.90_0003.00.png","E:\Code\_DELETE_REVIEW_Geocore_M0and1_Preprocessing_20260902\payload\workspace\runs\smoke_pipeline\m1_3_separator_mark\DH_SMOKE_BOX_box_0001\segments\DH_SMOKE_0002.90_0003.00.png","smoke_pipeline\m1_3_separator_mark\DH_SMOKE_BOX_box_0001\segments\DH_SMOKE_0002.90_0003.00.png","95773","8F95FBC1A82CF1A3399CCBEC64D0AD3E86CB817DBD91B9C61091B8803754DD01"
"C001","GENERATED_SMOKE_RUN","E:\Code\Geocore_M0&1_Preprocessing\runs\smoke_pipeline\m1_3_separator_mark\DH_SMOKE_BOX_box_0001\segments\DH_SMOKE_0003.00_0003.10_mask.png","E:\Code\_DELETE_REVIEW_Geocore_M0and1_Preprocessing_20260902\payload\workspace\runs\smoke_pipeline\m1_3_separator_mark\DH_SMOKE_BOX_box_0001\segments\DH_SMOKE_0003.00_0003.10_mask.png","smoke_pipeline\m1_3_separator_mark\DH_SMOKE_BOX_box_0001\segments\DH_SMOKE_0003.00_0003.10_mask.png","1001","5D1F98E4925EFBFF94315E9AE5D5E854B9A36FF9C7EE058A87926425A01B4BAB"
"C001","GENERATED_SMOKE_RUN","E:\Code\Geocore_M0&1_Preprocessing\runs\smoke_pipeline\m1_3_separator_mark\DH_SMOKE_BOX_box_0001\segments\DH_SMOKE_0003.00_0003.10.png","E:\Code\_DELETE_REVIEW_Geocore_M0and1_Preprocessing_20260902\payload\workspace\runs\smoke_pipeline\m1_3_separator_mark\DH_SMOKE_BOX_box_0001\segments\DH_SMOKE_0003.00_0003.10.png","smoke_pipeline\m1_3_separator_mark\DH_SMOKE_BOX_box_0001\segments\DH_SMOKE_0003.00_0003.10.png","83917","B1519DDE2C8F78DF022B827E0F5850085FB999C912E6F5E917DA508ADF83FAD3"
"C001","GENERATED_SMOKE_RUN","E:\Code\Geocore_M0&1_Preprocessing\runs\smoke_pipeline\m1_3_separator_mark\DH_SMOKE_BOX_box_0001\segments\DH_SMOKE_0003.10_0003.20_mask.png","E:\Code\_DELETE_REVIEW_Geocore_M0and1_Preprocessing_20260902\payload\workspace\runs\smoke_pipeline\m1_3_separator_mark\DH_SMOKE_BOX_box_0001\segments\DH_SMOKE_0003.10_0003.20_mask.png","smoke_pipeline\m1_3_separator_mark\DH_SMOKE_BOX_box_0001\segments\DH_SMOKE_0003.10_0003.20_mask.png","530","1FE136CE57D2F975D2E09773437AA0A546E706D2CF944BD5A73B8E3E6BD387BE"
"C001","GENERATED_SMOKE_RUN","E:\Code\Geocore_M0&1_Preprocessing\runs\smoke_pipeline\m1_3_separator_mark\DH_SMOKE_BOX_box_0001\segments\DH_SMOKE_0003.10_0003.20.png","E:\Code\_DELETE_REVIEW_Geocore_M0and1_Preprocessing_20260902\payload\workspace\runs\smoke_pipeline\m1_3_separator_mark\DH_SMOKE_BOX_box_0001\segments\DH_SMOKE_0003.10_0003.20.png","smoke_pipeline\m1_3_separator_mark\DH_SMOKE_BOX_box_0001\segments\DH_SMOKE_0003.10_0003.20.png","83931","CC0DF7BC783EBDE35C7DA8D9732175010A89FE4E1FE23DCE5EBD08521415C307"
"C001","GENERATED_SMOKE_RUN","E:\Code\Geocore_M0&1_Preprocessing\runs\smoke_pipeline\m1_3_separator_mark\DH_SMOKE_BOX_box_0001\segments\DH_SMOKE_0003.20_0003.30_mask.png","E:\Code\_DELETE_REVIEW_Geocore_M0and1_Preprocessing_20260902\payload\workspace\runs\smoke_pipeline\m1_3_separator_mark\DH_SMOKE_BOX_box_0001\segments\DH_SMOKE_0003.20_0003.30_mask.png","smoke_pipeline\m1_3_separator_mark\DH_SMOKE_BOX_box_0001\segments\DH_SMOKE_0003.20_0003.30_mask.png","571","1F54DD2864A4BBA9BCF432CD95A67D10BBE74A5BB4C75EAAF75EAD360CDEB885"
"C001","GENERATED_SMOKE_RUN","E:\Code\Geocore_M0&1_Preprocessing\runs\smoke_pipeline\m1_3_separator_mark\DH_SMOKE_BOX_box_0001\segments\DH_SMOKE_0003.20_0003.30.png","E:\Code\_DELETE_REVIEW_Geocore_M0and1_Preprocessing_20260902\payload\workspace\runs\smoke_pipeline\m1_3_separator_mark\DH_SMOKE_BOX_box_0001\segments\DH_SMOKE_0003.20_0003.30.png","smoke_pipeline\m1_3_separator_mark\DH_SMOKE_BOX_box_0001\segments\DH_SMOKE_0003.20_0003.30.png","82412","0006076D97DE5A2B6A52DE297262D58AE4B9D1A5E8F4B9423CA045F880B01591"
"C001","GENERATED_SMOKE_RUN","E:\Code\Geocore_M0&1_Preprocessing\runs\smoke_pipeline\m1_3_separator_mark\DH_SMOKE_BOX_box_0001\segments\DH_SMOKE_0003.30_0003.40_mask.png","E:\Code\_DELETE_REVIEW_Geocore_M0and1_Preprocessing_20260902\payload\workspace\runs\smoke_pipeline\m1_3_separator_mark\DH_SMOKE_BOX_box_0001\segments\DH_SMOKE_0003.30_0003.40_mask.png","smoke_pipeline\m1_3_separator_mark\DH_SMOKE_BOX_box_0001\segments\DH_SMOKE_0003.30_0003.40_mask.png","723","C54DD36004524D092C5061CC8C9F57B253D2CA5E11502C33576304D630206FCE"
"C001","GENERATED_SMOKE_RUN","E:\Code\Geocore_M0&1_Preprocessing\runs\smoke_pipeline\m1_3_separator_mark\DH_SMOKE_BOX_box_0001\segments\DH_SMOKE_0003.30_0003.40.png","E:\Code\_DELETE_REVIEW_Geocore_M0and1_Preprocessing_20260902\payload\workspace\runs\smoke_pipeline\m1_3_separator_mark\DH_SMOKE_BOX_box_0001\segments\DH_SMOKE_0003.30_0003.40.png","smoke_pipeline\m1_3_separator_mark\DH_SMOKE_BOX_box_0001\segments\DH_SMOKE_0003.30_0003.40.png","84050","E91E70ED10442055484D728C433E9C1278DDEFF466A5A47031D59EC0BEFFE487"
"C001","GENERATED_SMOKE_RUN","E:\Code\Geocore_M0&1_Preprocessing\runs\smoke_pipeline\m1_3_separator_mark\DH_SMOKE_BOX_box_0001\segments\DH_SMOKE_0003.40_0003.50_mask.png","E:\Code\_DELETE_REVIEW_Geocore_M0and1_Preprocessing_20260902\payload\workspace\runs\smoke_pipeline\m1_3_separator_mark\DH_SMOKE_BOX_box_0001\segments\DH_SMOKE_0003.40_0003.50_mask.png","smoke_pipeline\m1_3_separator_mark\DH_SMOKE_BOX_box_0001\segments\DH_SMOKE_0003.40_0003.50_mask.png","709","08D24DAEBF87C999F37ABDD1F2CB29444C098DA944E3B0B451082D74A283D0CB"
"C001","GENERATED_SMOKE_RUN","E:\Code\Geocore_M0&1_Preprocessing\runs\smoke_pipeline\m1_3_separator_mark\DH_SMOKE_BOX_box_0001\segments\DH_SMOKE_0003.40_0003.50.png","E:\Code\_DELETE_REVIEW_Geocore_M0and1_Preprocessing_20260902\payload\workspace\runs\smoke_pipeline\m1_3_separator_mark\DH_SMOKE_BOX_box_0001\segments\DH_SMOKE_0003.40_0003.50.png","smoke_pipeline\m1_3_separator_mark\DH_SMOKE_BOX_box_0001\segments\DH_SMOKE_0003.40_0003.50.png","84180","F735FCDD32C481793252CA478F0DE90CE1753A73213CBA58A99E73ED92E7717E"
"C001","GENERATED_SMOKE_RUN","E:\Code\Geocore_M0&1_Preprocessing\runs\smoke_pipeline\m1_3_separator_mark\DH_SMOKE_BOX_box_0001\segments\DH_SMOKE_0003.50_0003.60_mask.png","E:\Code\_DELETE_REVIEW_Geocore_M0and1_Preprocessing_20260902\payload\workspace\runs\smoke_pipeline\m1_3_separator_mark\DH_SMOKE_BOX_box_0001\segments\DH_SMOKE_0003.50_0003.60_mask.png","smoke_pipeline\m1_3_separator_mark\DH_SMOKE_BOX_box_0001\segments\DH_SMOKE_0003.50_0003.60_mask.png","617","C3CAC9859D1FC791D46755F7BADBAE69FD0228B1DD5D757BAD2F618849445AB9"
"C001","GENERATED_SMOKE_RUN","E:\Code\Geocore_M0&1_Preprocessing\runs\smoke_pipeline\m1_3_separator_mark\DH_SMOKE_BOX_box_0001\segments\DH_SMOKE_0003.50_0003.60.png","E:\Code\_DELETE_REVIEW_Geocore_M0and1_Preprocessing_20260902\payload\workspace\runs\smoke_pipeline\m1_3_separator_mark\DH_SMOKE_BOX_box_0001\segments\DH_SMOKE_0003.50_0003.60.png","smoke_pipeline\m1_3_separator_mark\DH_SMOKE_BOX_box_0001\segments\DH_SMOKE_0003.50_0003.60.png","83837","C4D598D2152B3CB1A16C068EA1DD607254E094BB25870626ADA87BB694E2135B"
"C001","GENERATED_SMOKE_RUN","E:\Code\Geocore_M0&1_Preprocessing\runs\smoke_pipeline\m1_3_separator_mark\DH_SMOKE_BOX_box_0001\segments\DH_SMOKE_0003.60_0003.70_mask.png","E:\Code\_DELETE_REVIEW_Geocore_M0and1_Preprocessing_20260902\payload\workspace\runs\smoke_pipeline\m1_3_separator_mark\DH_SMOKE_BOX_box_0001\segments\DH_SMOKE_0003.60_0003.70_mask.png","smoke_pipeline\m1_3_separator_mark\DH_SMOKE_BOX_box_0001\segments\DH_SMOKE_0003.60_0003.70_mask.png","816","73C6EC8DABBF6EFF2D0555B30682C8C45696A5F7EF40B117EF7DA6B9C6CA2B2C"
"C001","GENERATED_SMOKE_RUN","E:\Code\Geocore_M0&1_Preprocessing\runs\smoke_pipeline\m1_3_separator_mark\DH_SMOKE_BOX_box_0001\segments\DH_SMOKE_0003.60_0003.70.png","E:\Code\_DELETE_REVIEW_Geocore_M0and1_Preprocessing_20260902\payload\workspace\runs\smoke_pipeline\m1_3_separator_mark\DH_SMOKE_BOX_box_0001\segments\DH_SMOKE_0003.60_0003.70.png","smoke_pipeline\m1_3_separator_mark\DH_SMOKE_BOX_box_0001\segments\DH_SMOKE_0003.60_0003.70.png","87159","385EECF87B7ED3FB33A4A7BDFC54700885B8415CF6295CD5CEAD8576DD0F4329"
"C001","GENERATED_SMOKE_RUN","E:\Code\Geocore_M0&1_Preprocessing\runs\smoke_pipeline\m1_3_separator_mark\DH_SMOKE_BOX_box_0001\segments\DH_SMOKE_0003.70_0003.80_mask.png","E:\Code\_DELETE_REVIEW_Geocore_M0and1_Preprocessing_20260902\payload\workspace\runs\smoke_pipeline\m1_3_separator_mark\DH_SMOKE_BOX_box_0001\segments\DH_SMOKE_0003.70_0003.80_mask.png","smoke_pipeline\m1_3_separator_mark\DH_SMOKE_BOX_box_0001\segments\DH_SMOKE_0003.70_0003.80_mask.png","594","8DA8C7250323ECE8520DC63DFB7085D600C96DDA8B089B6B8CEACDB092528579"
"C001","GENERATED_SMOKE_RUN","E:\Code\Geocore_M0&1_Preprocessing\runs\smoke_pipeline\m1_3_separator_mark\DH_SMOKE_BOX_box_0001\segments\DH_SMOKE_0003.70_0003.80.png","E:\Code\_DELETE_REVIEW_Geocore_M0and1_Preprocessing_20260902\payload\workspace\runs\smoke_pipeline\m1_3_separator_mark\DH_SMOKE_BOX_box_0001\segments\DH_SMOKE_0003.70_0003.80.png","smoke_pipeline\m1_3_separator_mark\DH_SMOKE_BOX_box_0001\segments\DH_SMOKE_0003.70_0003.80.png","87967","E3117D3EB2A94E06626A6C45C629AB09D7841FF75F666872577045648CF45F0C"
"C001","GENERATED_SMOKE_RUN","E:\Code\Geocore_M0&1_Preprocessing\runs\smoke_pipeline\m1_3_separator_mark\DH_SMOKE_BOX_box_0001\segments\DH_SMOKE_0003.80_0003.90_mask.png","E:\Code\_DELETE_REVIEW_Geocore_M0and1_Preprocessing_20260902\payload\workspace\runs\smoke_pipeline\m1_3_separator_mark\DH_SMOKE_BOX_box_0001\segments\DH_SMOKE_0003.80_0003.90_mask.png","smoke_pipeline\m1_3_separator_mark\DH_SMOKE_BOX_box_0001\segments\DH_SMOKE_0003.80_0003.90_mask.png","663","952296842AAE29A0443E4E1F5F1E7166A5327F67421352CF7A25A8666D09DD3E"
"C001","GENERATED_SMOKE_RUN","E:\Code\Geocore_M0&1_Preprocessing\runs\smoke_pipeline\m1_3_separator_mark\DH_SMOKE_BOX_box_0001\segments\DH_SMOKE_0003.80_0003.90.png","E:\Code\_DELETE_REVIEW_Geocore_M0and1_Preprocessing_20260902\payload\workspace\runs\smoke_pipeline\m1_3_separator_mark\DH_SMOKE_BOX_box_0001\segments\DH_SMOKE_0003.80_0003.90.png","smoke_pipeline\m1_3_separator_mark\DH_SMOKE_BOX_box_0001\segments\DH_SMOKE_0003.80_0003.90.png","87307","6AEE7873314BC1779D72769E5316F190554D273615243CAA552E3B935DAEDDFE"
"C001","GENERATED_SMOKE_RUN","E:\Code\Geocore_M0&1_Preprocessing\runs\smoke_pipeline\m1_3_separator_mark\DH_SMOKE_BOX_box_0001\segments\DH_SMOKE_0003.90_0004.00_mask.png","E:\Code\_DELETE_REVIEW_Geocore_M0and1_Preprocessing_20260902\payload\workspace\runs\smoke_pipeline\m1_3_separator_mark\DH_SMOKE_BOX_box_0001\segments\DH_SMOKE_0003.90_0004.00_mask.png","smoke_pipeline\m1_3_separator_mark\DH_SMOKE_BOX_box_0001\segments\DH_SMOKE_0003.90_0004.00_mask.png","871","C3957A850CB13B8C345A53C5F4D47E2013C946598DFE2B6A6F01CE76F6D83B3E"
"C001","GENERATED_SMOKE_RUN","E:\Code\Geocore_M0&1_Preprocessing\runs\smoke_pipeline\m1_3_separator_mark\DH_SMOKE_BOX_box_0001\segments\DH_SMOKE_0003.90_0004.00.png","E:\Code\_DELETE_REVIEW_Geocore_M0and1_Preprocessing_20260902\payload\workspace\runs\smoke_pipeline\m1_3_separator_mark\DH_SMOKE_BOX_box_0001\segments\DH_SMOKE_0003.90_0004.00.png","smoke_pipeline\m1_3_separator_mark\DH_SMOKE_BOX_box_0001\segments\DH_SMOKE_0003.90_0004.00.png","85712","02E246B3518F65D21653C195DFB22699C442FECFF1F1C4DCB73823C7FCD6B9C9"
"C001","GENERATED_SMOKE_RUN","E:\Code\Geocore_M0&1_Preprocessing\runs\smoke_pipeline\m1_3_separator_mark\DH_SMOKE_BOX_box_0001\segments\DH_SMOKE_0004.00_0004.10_mask.png","E:\Code\_DELETE_REVIEW_Geocore_M0and1_Preprocessing_20260902\payload\workspace\runs\smoke_pipeline\m1_3_separator_mark\DH_SMOKE_BOX_box_0001\segments\DH_SMOKE_0004.00_0004.10_mask.png","smoke_pipeline\m1_3_separator_mark\DH_SMOKE_BOX_box_0001\segments\DH_SMOKE_0004.00_0004.10_mask.png","1548","739DDF6FBE45C40BDADF52D1C44FD1F6C23B4EEAA4023352CE296245E3C36CA8"
"C001","GENERATED_SMOKE_RUN","E:\Code\Geocore_M0&1_Preprocessing\runs\smoke_pipeline\m1_3_separator_mark\DH_SMOKE_BOX_box_0001\segments\DH_SMOKE_0004.00_0004.10.png","E:\Code\_DELETE_REVIEW_Geocore_M0and1_Preprocessing_20260902\payload\workspace\runs\smoke_pipeline\m1_3_separator_mark\DH_SMOKE_BOX_box_0001\segments\DH_SMOKE_0004.00_0004.10.png","smoke_pipeline\m1_3_separator_mark\DH_SMOKE_BOX_box_0001\segments\DH_SMOKE_0004.00_0004.10.png","77102","CB602A4D4B2BED678EF1669E2F72ACF14A462C6FD5DACAC9D0FA2F9D3A6348FC"
"C001","GENERATED_SMOKE_RUN","E:\Code\Geocore_M0&1_Preprocessing\runs\smoke_pipeline\m1_3_separator_mark\DH_SMOKE_BOX_box_0001\segments\DH_SMOKE_0004.10_0004.20_mask.png","E:\Code\_DELETE_REVIEW_Geocore_M0and1_Preprocessing_20260902\payload\workspace\runs\smoke_pipeline\m1_3_separator_mark\DH_SMOKE_BOX_box_0001\segments\DH_SMOKE_0004.10_0004.20_mask.png","smoke_pipeline\m1_3_separator_mark\DH_SMOKE_BOX_box_0001\segments\DH_SMOKE_0004.10_0004.20_mask.png","533","6247EC49559F7F537F211A057D72D49D80BCFBC147D8472EAD65DE0E47158EA8"
"C001","GENERATED_SMOKE_RUN","E:\Code\Geocore_M0&1_Preprocessing\runs\smoke_pipeline\m1_3_separator_mark\DH_SMOKE_BOX_box_0001\segments\DH_SMOKE_0004.10_0004.20.png","E:\Code\_DELETE_REVIEW_Geocore_M0and1_Preprocessing_20260902\payload\workspace\runs\smoke_pipeline\m1_3_separator_mark\DH_SMOKE_BOX_box_0001\segments\DH_SMOKE_0004.10_0004.20.png","smoke_pipeline\m1_3_separator_mark\DH_SMOKE_BOX_box_0001\segments\DH_SMOKE_0004.10_0004.20.png","78087","81818532F5742ED39D1ED1BD0F38F65FFE2B80F0BE615E61B4D8236531A8A257"
"C001","GENERATED_SMOKE_RUN","E:\Code\Geocore_M0&1_Preprocessing\runs\smoke_pipeline\m1_3_separator_mark\DH_SMOKE_BOX_box_0001\segments\DH_SMOKE_0004.20_0004.30_mask.png","E:\Code\_DELETE_REVIEW_Geocore_M0and1_Preprocessing_20260902\payload\workspace\runs\smoke_pipeline\m1_3_separator_mark\DH_SMOKE_BOX_box_0001\segments\DH_SMOKE_0004.20_0004.30_mask.png","smoke_pipeline\m1_3_separator_mark\DH_SMOKE_BOX_box_0001\segments\DH_SMOKE_0004.20_0004.30_mask.png","860","92113E86026677075F98B87717BE4B729E2B02281A6B6A139450089B4FBF3411"
"C001","GENERATED_SMOKE_RUN","E:\Code\Geocore_M0&1_Preprocessing\runs\smoke_pipeline\m1_3_separator_mark\DH_SMOKE_BOX_box_0001\segments\DH_SMOKE_0004.20_0004.30.png","E:\Code\_DELETE_REVIEW_Geocore_M0and1_Preprocessing_20260902\payload\workspace\runs\smoke_pipeline\m1_3_separator_mark\DH_SMOKE_BOX_box_0001\segments\DH_SMOKE_0004.20_0004.30.png","smoke_pipeline\m1_3_separator_mark\DH_SMOKE_BOX_box_0001\segments\DH_SMOKE_0004.20_0004.30.png","76227","6A3F55015BBCFE446583F37F0A497D46ED6FD93319B7C546D029ADC0BA0F9F2F"
"C001","GENERATED_SMOKE_RUN","E:\Code\Geocore_M0&1_Preprocessing\runs\smoke_pipeline\m1_3_separator_mark\DH_SMOKE_BOX_box_0001\segments\DH_SMOKE_0004.30_0004.40_mask.png","E:\Code\_DELETE_REVIEW_Geocore_M0and1_Preprocessing_20260902\payload\workspace\runs\smoke_pipeline\m1_3_separator_mark\DH_SMOKE_BOX_box_0001\segments\DH_SMOKE_0004.30_0004.40_mask.png","smoke_pipeline\m1_3_separator_mark\DH_SMOKE_BOX_box_0001\segments\DH_SMOKE_0004.30_0004.40_mask.png","853","7E4F3A7D668772BEED7BB96E5743EB2CFB022729AEDB7E18C3BCC7B02AEA4E37"
"C001","GENERATED_SMOKE_RUN","E:\Code\Geocore_M0&1_Preprocessing\runs\smoke_pipeline\m1_3_separator_mark\DH_SMOKE_BOX_box_0001\segments\DH_SMOKE_0004.30_0004.40.png","E:\Code\_DELETE_REVIEW_Geocore_M0and1_Preprocessing_20260902\payload\workspace\runs\smoke_pipeline\m1_3_separator_mark\DH_SMOKE_BOX_box_0001\segments\DH_SMOKE_0004.30_0004.40.png","smoke_pipeline\m1_3_separator_mark\DH_SMOKE_BOX_box_0001\segments\DH_SMOKE_0004.30_0004.40.png","77302","E5B4CEA75C26E10DD0DC842C8D180D56F5E79F1BC6190BCE778018BB7B336C96"
"C001","GENERATED_SMOKE_RUN","E:\Code\Geocore_M0&1_Preprocessing\runs\smoke_pipeline\m1_3_separator_mark\DH_SMOKE_BOX_box_0001\segments\DH_SMOKE_0004.40_0004.50_mask.png","E:\Code\_DELETE_REVIEW_Geocore_M0and1_Preprocessing_20260902\payload\workspace\runs\smoke_pipeline\m1_3_separator_mark\DH_SMOKE_BOX_box_0001\segments\DH_SMOKE_0004.40_0004.50_mask.png","smoke_pipeline\m1_3_separator_mark\DH_SMOKE_BOX_box_0001\segments\DH_SMOKE_0004.40_0004.50_mask.png","721","8CB35B5FD8DBC6805A284AB4085B4D724E0F0EE6D76B33B6AC8DB9F5342497B8"
"C001","GENERATED_SMOKE_RUN","E:\Code\Geocore_M0&1_Preprocessing\runs\smoke_pipeline\m1_3_separator_mark\DH_SMOKE_BOX_box_0001\segments\DH_SMOKE_0004.40_0004.50.png","E:\Code\_DELETE_REVIEW_Geocore_M0and1_Preprocessing_20260902\payload\workspace\runs\smoke_pipeline\m1_3_separator_mark\DH_SMOKE_BOX_box_0001\segments\DH_SMOKE_0004.40_0004.50.png","smoke_pipeline\m1_3_separator_mark\DH_SMOKE_BOX_box_0001\segments\DH_SMOKE_0004.40_0004.50.png","77583","29DE9C22CF910F59A0DE680658D29A820DAC7EFF2079209A7A73E8CB0895CFDA"
"C001","GENERATED_SMOKE_RUN","E:\Code\Geocore_M0&1_Preprocessing\runs\smoke_pipeline\m1_3_separator_mark\DH_SMOKE_BOX_box_0001\segments\DH_SMOKE_0004.50_0004.60_mask.png","E:\Code\_DELETE_REVIEW_Geocore_M0and1_Preprocessing_20260902\payload\workspace\runs\smoke_pipeline\m1_3_separator_mark\DH_SMOKE_BOX_box_0001\segments\DH_SMOKE_0004.50_0004.60_mask.png","smoke_pipeline\m1_3_separator_mark\DH_SMOKE_BOX_box_0001\segments\DH_SMOKE_0004.50_0004.60_mask.png","631","492682E6260FCFA265539AF983ED2F8910E874A4187F48339425068042614E02"
"C001","GENERATED_SMOKE_RUN","E:\Code\Geocore_M0&1_Preprocessing\runs\smoke_pipeline\m1_3_separator_mark\DH_SMOKE_BOX_box_0001\segments\DH_SMOKE_0004.50_0004.60.png","E:\Code\_DELETE_REVIEW_Geocore_M0and1_Preprocessing_20260902\payload\workspace\runs\smoke_pipeline\m1_3_separator_mark\DH_SMOKE_BOX_box_0001\segments\DH_SMOKE_0004.50_0004.60.png","smoke_pipeline\m1_3_separator_mark\DH_SMOKE_BOX_box_0001\segments\DH_SMOKE_0004.50_0004.60.png","78092","B574E64112A7F36183683F9B9A71A6B6AF3CE0795327E3369CE48EE117967E9E"
"C001","GENERATED_SMOKE_RUN","E:\Code\Geocore_M0&1_Preprocessing\runs\smoke_pipeline\m1_3_separator_mark\DH_SMOKE_BOX_box_0001\segments\DH_SMOKE_0004.60_0004.70_mask.png","E:\Code\_DELETE_REVIEW_Geocore_M0and1_Preprocessing_20260902\payload\workspace\runs\smoke_pipeline\m1_3_separator_mark\DH_SMOKE_BOX_box_0001\segments\DH_SMOKE_0004.60_0004.70_mask.png","smoke_pipeline\m1_3_separator_mark\DH_SMOKE_BOX_box_0001\segments\DH_SMOKE_0004.60_0004.70_mask.png","708","4429D64BD5B0B8C7CA256A9BF17CB28A1F5D527D98FA4D230BFEC403F8BF3AA6"
"C001","GENERATED_SMOKE_RUN","E:\Code\Geocore_M0&1_Preprocessing\runs\smoke_pipeline\m1_3_separator_mark\DH_SMOKE_BOX_box_0001\segments\DH_SMOKE_0004.60_0004.70.png","E:\Code\_DELETE_REVIEW_Geocore_M0and1_Preprocessing_20260902\payload\workspace\runs\smoke_pipeline\m1_3_separator_mark\DH_SMOKE_BOX_box_0001\segments\DH_SMOKE_0004.60_0004.70.png","smoke_pipeline\m1_3_separator_mark\DH_SMOKE_BOX_box_0001\segments\DH_SMOKE_0004.60_0004.70.png","78217","A3D19B16B80323F746BBF00546AD9B49E75273617057015CA74E80262C79CD23"
"C001","GENERATED_SMOKE_RUN","E:\Code\Geocore_M0&1_Preprocessing\runs\smoke_pipeline\m1_3_separator_mark\DH_SMOKE_BOX_box_0001\segments\DH_SMOKE_0004.70_0004.80_mask.png","E:\Code\_DELETE_REVIEW_Geocore_M0and1_Preprocessing_20260902\payload\workspace\runs\smoke_pipeline\m1_3_separator_mark\DH_SMOKE_BOX_box_0001\segments\DH_SMOKE_0004.70_0004.80_mask.png","smoke_pipeline\m1_3_separator_mark\DH_SMOKE_BOX_box_0001\segments\DH_SMOKE_0004.70_0004.80_mask.png","552","20C43BDC932030ED9DDBE3D0567822FEBC86E3E4F14AE486CA81D67619B039E7"
"C001","GENERATED_SMOKE_RUN","E:\Code\Geocore_M0&1_Preprocessing\runs\smoke_pipeline\m1_3_separator_mark\DH_SMOKE_BOX_box_0001\segments\DH_SMOKE_0004.70_0004.80.png","E:\Code\_DELETE_REVIEW_Geocore_M0and1_Preprocessing_20260902\payload\workspace\runs\smoke_pipeline\m1_3_separator_mark\DH_SMOKE_BOX_box_0001\segments\DH_SMOKE_0004.70_0004.80.png","smoke_pipeline\m1_3_separator_mark\DH_SMOKE_BOX_box_0001\segments\DH_SMOKE_0004.70_0004.80.png","76911","3B47CEDC5D5BC9E5A3A42B11C3B889CA82B6124FCE9A1455D291FFCBF76CDC40"
"C001","GENERATED_SMOKE_RUN","E:\Code\Geocore_M0&1_Preprocessing\runs\smoke_pipeline\m1_3_separator_mark\DH_SMOKE_BOX_box_0001\segments\DH_SMOKE_0004.80_0004.90_mask.png","E:\Code\_DELETE_REVIEW_Geocore_M0and1_Preprocessing_20260902\payload\workspace\runs\smoke_pipeline\m1_3_separator_mark\DH_SMOKE_BOX_box_0001\segments\DH_SMOKE_0004.80_0004.90_mask.png","smoke_pipeline\m1_3_separator_mark\DH_SMOKE_BOX_box_0001\segments\DH_SMOKE_0004.80_0004.90_mask.png","559","271784683F6C6A1D4F4BC7070DD97B20BE07E959DD0193939C365078C2A7BE87"
"C001","GENERATED_SMOKE_RUN","E:\Code\Geocore_M0&1_Preprocessing\runs\smoke_pipeline\m1_3_separator_mark\DH_SMOKE_BOX_box_0001\segments\DH_SMOKE_0004.80_0004.90.png","E:\Code\_DELETE_REVIEW_Geocore_M0and1_Preprocessing_20260902\payload\workspace\runs\smoke_pipeline\m1_3_separator_mark\DH_SMOKE_BOX_box_0001\segments\DH_SMOKE_0004.80_0004.90.png","smoke_pipeline\m1_3_separator_mark\DH_SMOKE_BOX_box_0001\segments\DH_SMOKE_0004.80_0004.90.png","73730","A5504DD7D526A2DF91C46CB198C9B0456851A5861B5D739320B596E091753C1F"
"C001","GENERATED_SMOKE_RUN","E:\Code\Geocore_M0&1_Preprocessing\runs\smoke_pipeline\m1_3_separator_mark\DH_SMOKE_BOX_box_0001\segments\DH_SMOKE_0004.90_0005.00_mask.png","E:\Code\_DELETE_REVIEW_Geocore_M0and1_Preprocessing_20260902\payload\workspace\runs\smoke_pipeline\m1_3_separator_mark\DH_SMOKE_BOX_box_0001\segments\DH_SMOKE_0004.90_0005.00_mask.png","smoke_pipeline\m1_3_separator_mark\DH_SMOKE_BOX_box_0001\segments\DH_SMOKE_0004.90_0005.00_mask.png","947","F63EF04CC8DDC02ABFCC29F3F57EEBD82956CDEB0599AD409801A3814FEC38C9"
"C001","GENERATED_SMOKE_RUN","E:\Code\Geocore_M0&1_Preprocessing\runs\smoke_pipeline\m1_3_separator_mark\DH_SMOKE_BOX_box_0001\segments\DH_SMOKE_0004.90_0005.00.png","E:\Code\_DELETE_REVIEW_Geocore_M0and1_Preprocessing_20260902\payload\workspace\runs\smoke_pipeline\m1_3_separator_mark\DH_SMOKE_BOX_box_0001\segments\DH_SMOKE_0004.90_0005.00.png","smoke_pipeline\m1_3_separator_mark\DH_SMOKE_BOX_box_0001\segments\DH_SMOKE_0004.90_0005.00.png","72899","DB7F4BDE5FB6CA40A8B2D8233A2955A908E243F813BC746F302F242B75C71124"
"C002","REGENERABLE_CACHE","E:\Code\Geocore_M0&1_Preprocessing\modules\M0-1_image_fusion\src\geocore_m01_fusion\__pycache__\__init__.cpython-312.pyc","E:\Code\_DELETE_REVIEW_Geocore_M0and1_Preprocessing_20260902\payload\workspace\modules\M0-1_image_fusion\src\geocore_m01_fusion\__pycache__\__init__.cpython-312.pyc","__init__.cpython-312.pyc","847","3A69BBEF1A1EBC9439CDF6E8D98E8BA7CABA24A9DF256A1F0D6EEF612AC0DCBF"
"C002","REGENERABLE_CACHE","E:\Code\Geocore_M0&1_Preprocessing\modules\M0-1_image_fusion\src\geocore_m01_fusion\__pycache__\algorithms.cpython-312.pyc","E:\Code\_DELETE_REVIEW_Geocore_M0and1_Preprocessing_20260902\payload\workspace\modules\M0-1_image_fusion\src\geocore_m01_fusion\__pycache__\algorithms.cpython-312.pyc","algorithms.cpython-312.pyc","30467","392BD9D3D39A58BABDC83B59953B0F5CD706346301CC74E8089C2466D35CD9CD"
"C002","REGENERABLE_CACHE","E:\Code\Geocore_M0&1_Preprocessing\modules\M0-1_image_fusion\src\geocore_m01_fusion\__pycache__\api_service.cpython-312.pyc","E:\Code\_DELETE_REVIEW_Geocore_M0and1_Preprocessing_20260902\payload\workspace\modules\M0-1_image_fusion\src\geocore_m01_fusion\__pycache__\api_service.cpython-312.pyc","api_service.cpython-312.pyc","23558","D9671BBECC03A0C24467320572E6959244C8A3AF4048D152383A570266688163"
"C002","REGENERABLE_CACHE","E:\Code\Geocore_M0&1_Preprocessing\modules\M0-1_image_fusion\src\geocore_m01_fusion\__pycache__\cli.cpython-312.pyc","E:\Code\_DELETE_REVIEW_Geocore_M0and1_Preprocessing_20260902\payload\workspace\modules\M0-1_image_fusion\src\geocore_m01_fusion\__pycache__\cli.cpython-312.pyc","cli.cpython-312.pyc","10794","51D5CD568A12D4675102F145563F1C2B558622C289D2B84B4E3B1282D384DABF"
"C002","REGENERABLE_CACHE","E:\Code\Geocore_M0&1_Preprocessing\modules\M0-1_image_fusion\src\geocore_m01_fusion\__pycache__\config.cpython-312.pyc","E:\Code\_DELETE_REVIEW_Geocore_M0and1_Preprocessing_20260902\payload\workspace\modules\M0-1_image_fusion\src\geocore_m01_fusion\__pycache__\config.cpython-312.pyc","config.cpython-312.pyc","4303","DFCD2A2B3CF9D19A88CB64357375B7A1D45F18D06D787CF79C7DD5845F67A0F2"
"C002","REGENERABLE_CACHE","E:\Code\Geocore_M0&1_Preprocessing\modules\M0-1_image_fusion\src\geocore_m01_fusion\__pycache__\envi.cpython-312.pyc","E:\Code\_DELETE_REVIEW_Geocore_M0and1_Preprocessing_20260902\payload\workspace\modules\M0-1_image_fusion\src\geocore_m01_fusion\__pycache__\envi.cpython-312.pyc","envi.cpython-312.pyc","11718","782A2978461320C02232BAB479FB5AA80CBB904569A1A7D9ED6063BCB455A8DF"
"C002","REGENERABLE_CACHE","E:\Code\Geocore_M0&1_Preprocessing\modules\M0-1_image_fusion\src\geocore_m01_fusion\__pycache__\metrics.cpython-312.pyc","E:\Code\_DELETE_REVIEW_Geocore_M0and1_Preprocessing_20260902\payload\workspace\modules\M0-1_image_fusion\src\geocore_m01_fusion\__pycache__\metrics.cpython-312.pyc","metrics.cpython-312.pyc","8711","ED909B78F59907D2DDD642BA7A28D19E44ABC8DE1FBB0BC5FC992CF9841D7266"
"C002","REGENERABLE_CACHE","E:\Code\Geocore_M0&1_Preprocessing\modules\M0-1_image_fusion\src\geocore_m01_fusion\__pycache__\output.cpython-312.pyc","E:\Code\_DELETE_REVIEW_Geocore_M0and1_Preprocessing_20260902\payload\workspace\modules\M0-1_image_fusion\src\geocore_m01_fusion\__pycache__\output.cpython-312.pyc","output.cpython-312.pyc","21589","8DBFF55675B5F346B2262AE5D56AEBF456A0805666F493D0EE238521E858F5DC"
"C002","REGENERABLE_CACHE","E:\Code\Geocore_M0&1_Preprocessing\modules\M0-1_image_fusion\src\geocore_m01_fusion\__pycache__\pipeline.cpython-312.pyc","E:\Code\_DELETE_REVIEW_Geocore_M0and1_Preprocessing_20260902\payload\workspace\modules\M0-1_image_fusion\src\geocore_m01_fusion\__pycache__\pipeline.cpython-312.pyc","pipeline.cpython-312.pyc","4949","AFBBCE7C4B6B9782FB82023C634A5F2A534578412E0CBB1A8FD5803A2B0AB00E"
"C002","REGENERABLE_CACHE","E:\Code\Geocore_M0&1_Preprocessing\modules\M0-1_image_fusion\src\geocore_m01_fusion\__pycache__\preprocess.cpython-312.pyc","E:\Code\_DELETE_REVIEW_Geocore_M0and1_Preprocessing_20260902\payload\workspace\modules\M0-1_image_fusion\src\geocore_m01_fusion\__pycache__\preprocess.cpython-312.pyc","preprocess.cpython-312.pyc","5587","F06E3D73FB05713FB696BAC012C8E2E724A95D84043F1686B79B62E4439620D2"
"C002","REGENERABLE_CACHE","E:\Code\Geocore_M0&1_Preprocessing\modules\M0-1_image_fusion\src\geocore_m01_fusion\__pycache__\registration.cpython-312.pyc","E:\Code\_DELETE_REVIEW_Geocore_M0and1_Preprocessing_20260902\payload\workspace\modules\M0-1_image_fusion\src\geocore_m01_fusion\__pycache__\registration.cpython-312.pyc","registration.cpython-312.pyc","23814","EA898F988D1BE24A37325209527C1EC1FE72F0865762513ECA78C35E67369A4C"
"C002","REGENERABLE_CACHE","E:\Code\Geocore_M0&1_Preprocessing\modules\M0-1_image_fusion\src\geocore_m01_fusion\__pycache__\resample.cpython-312.pyc","E:\Code\_DELETE_REVIEW_Geocore_M0and1_Preprocessing_20260902\payload\workspace\modules\M0-1_image_fusion\src\geocore_m01_fusion\__pycache__\resample.cpython-312.pyc","resample.cpython-312.pyc","6563","F611AA28DB2E1C65AF94CF8DF5FB47D851B8D313F67FE4052DAF8AD3E04958F6"
"C002","REGENERABLE_CACHE","E:\Code\Geocore_M0&1_Preprocessing\modules\M0-1_image_fusion\src\geocore_m01_fusion\__pycache__\roi.cpython-312.pyc","E:\Code\_DELETE_REVIEW_Geocore_M0and1_Preprocessing_20260902\payload\workspace\modules\M0-1_image_fusion\src\geocore_m01_fusion\__pycache__\roi.cpython-312.pyc","roi.cpython-312.pyc","45881","F11FDE9D2B2894208F72DA6EC22ABA93AB77707FE5E2AFEAE958C4EB6575CE86"
"C002","REGENERABLE_CACHE","E:\Code\Geocore_M0&1_Preprocessing\modules\M0-1_image_fusion\src\geocore_m01_fusion\__pycache__\spectral.cpython-312.pyc","E:\Code\_DELETE_REVIEW_Geocore_M0and1_Preprocessing_20260902\payload\workspace\modules\M0-1_image_fusion\src\geocore_m01_fusion\__pycache__\spectral.cpython-312.pyc","spectral.cpython-312.pyc","10460","609FF5001515BA1DD51AC1A1A4156F1AFB741885E332C27104665F0AD0DBE54E"
"C002","REGENERABLE_CACHE","E:\Code\Geocore_M0&1_Preprocessing\modules\M0-1_image_fusion\src\geocore_m01_fusion\__pycache__\streaming.cpython-312.pyc","E:\Code\_DELETE_REVIEW_Geocore_M0and1_Preprocessing_20260902\payload\workspace\modules\M0-1_image_fusion\src\geocore_m01_fusion\__pycache__\streaming.cpython-312.pyc","streaming.cpython-312.pyc","28803","5BECA72589C962BDF52CA9092D6418A711124BD7786F2143C61FABB3B51FD24F"
"C002","REGENERABLE_CACHE","E:\Code\Geocore_M0&1_Preprocessing\modules\M0-1_image_fusion\src\geocore_m01_fusion\__pycache__\tiepoints.cpython-312.pyc","E:\Code\_DELETE_REVIEW_Geocore_M0and1_Preprocessing_20260902\payload\workspace\modules\M0-1_image_fusion\src\geocore_m01_fusion\__pycache__\tiepoints.cpython-312.pyc","tiepoints.cpython-312.pyc","39633","BFA7585651A6F2352F20B0731A642CBC148AF90A78565AFC22B2D59D32AC8D6B"
"C003","REGENERABLE_CACHE","E:\Code\Geocore_M0&1_Preprocessing\modules\M1-1_rotation_correction\geocore_m1_1\__pycache__\__init__.cpython-312.pyc","E:\Code\_DELETE_REVIEW_Geocore_M0and1_Preprocessing_20260902\payload\workspace\modules\M1-1_rotation_correction\geocore_m1_1\__pycache__\__init__.cpython-312.pyc","__init__.cpython-312.pyc","469","DE383CFB8BB14C6D1E2C5EC0EE5CD61D50DBCFD5C286A46C13F766A43114F486"
"C003","REGENERABLE_CACHE","E:\Code\Geocore_M0&1_Preprocessing\modules\M1-1_rotation_correction\geocore_m1_1\__pycache__\api.cpython-312.pyc","E:\Code\_DELETE_REVIEW_Geocore_M0and1_Preprocessing_20260902\payload\workspace\modules\M1-1_rotation_correction\geocore_m1_1\__pycache__\api.cpython-312.pyc","api.cpython-312.pyc","3843","226448AAC4BC02AE34B9C7699EAFB707C59E4183E24182F4C711E78BA6EFFDB4"
"C003","REGENERABLE_CACHE","E:\Code\Geocore_M0&1_Preprocessing\modules\M1-1_rotation_correction\geocore_m1_1\__pycache__\config.cpython-312.pyc","E:\Code\_DELETE_REVIEW_Geocore_M0and1_Preprocessing_20260902\payload\workspace\modules\M1-1_rotation_correction\geocore_m1_1\__pycache__\config.cpython-312.pyc","config.cpython-312.pyc","2406","F4DC8291F54AD909FF482AA3FE65967CF20F3707F679DB5A4AEDC92CE99CF6A4"
"C003","REGENERABLE_CACHE","E:\Code\Geocore_M0&1_Preprocessing\modules\M1-1_rotation_correction\geocore_m1_1\__pycache__\correction.cpython-312.pyc","E:\Code\_DELETE_REVIEW_Geocore_M0and1_Preprocessing_20260902\payload\workspace\modules\M1-1_rotation_correction\geocore_m1_1\__pycache__\correction.cpython-312.pyc","correction.cpython-312.pyc","2632","918C238D9366B587537911F0CDB00B4A3217D1AD1E04FE101A2997FD4F63B39D"
"C003","REGENERABLE_CACHE","E:\Code\Geocore_M0&1_Preprocessing\modules\M1-1_rotation_correction\geocore_m1_1\__pycache__\geometry.cpython-312.pyc","E:\Code\_DELETE_REVIEW_Geocore_M0and1_Preprocessing_20260902\payload\workspace\modules\M1-1_rotation_correction\geocore_m1_1\__pycache__\geometry.cpython-312.pyc","geometry.cpython-312.pyc","15145","FC73CCF64B7F84078DA7640597E6E3FE001817210F25C898EEFA6FDAA42AEE25"
"C003","REGENERABLE_CACHE","E:\Code\Geocore_M0&1_Preprocessing\modules\M1-1_rotation_correction\geocore_m1_1\__pycache__\image_ops.cpython-312.pyc","E:\Code\_DELETE_REVIEW_Geocore_M0and1_Preprocessing_20260902\payload\workspace\modules\M1-1_rotation_correction\geocore_m1_1\__pycache__\image_ops.cpython-312.pyc","image_ops.cpython-312.pyc","11075","FC6495CDC536A14DFA53E42A920BF56945DF421D13B5F54FBC0BDA3A963BE90A"
"C003","REGENERABLE_CACHE","E:\Code\Geocore_M0&1_Preprocessing\modules\M1-1_rotation_correction\geocore_m1_1\__pycache__\io_envi.cpython-312.pyc","E:\Code\_DELETE_REVIEW_Geocore_M0and1_Preprocessing_20260902\payload\workspace\modules\M1-1_rotation_correction\geocore_m1_1\__pycache__\io_envi.cpython-312.pyc","io_envi.cpython-312.pyc","7646","41E2A62FAF55460C4FF3138F8E4EF10E5FD9219B45EFB32C890C5909034CA0AB"
"C003","REGENERABLE_CACHE","E:\Code\Geocore_M0&1_Preprocessing\modules\M1-1_rotation_correction\geocore_m1_1\__pycache__\models.cpython-312.pyc","E:\Code\_DELETE_REVIEW_Geocore_M0and1_Preprocessing_20260902\payload\workspace\modules\M1-1_rotation_correction\geocore_m1_1\__pycache__\models.cpython-312.pyc","models.cpython-312.pyc","2956","727F160D4FDD98C5517BB5B462EDC92EACC631735F424A531D32ACEA7CE43047"
"C003","REGENERABLE_CACHE","E:\Code\Geocore_M0&1_Preprocessing\modules\M1-1_rotation_correction\geocore_m1_1\__pycache__\pipeline.cpython-312.pyc","E:\Code\_DELETE_REVIEW_Geocore_M0and1_Preprocessing_20260902\payload\workspace\modules\M1-1_rotation_correction\geocore_m1_1\__pycache__\pipeline.cpython-312.pyc","pipeline.cpython-312.pyc","9122","14870AD3DB04E1EFE108E5E5F2B57DD89FFEB69988849064C555DC4113DA1F96"
"C003","REGENERABLE_CACHE","E:\Code\Geocore_M0&1_Preprocessing\modules\M1-1_rotation_correction\geocore_m1_1\__pycache__\quality.cpython-312.pyc","E:\Code\_DELETE_REVIEW_Geocore_M0and1_Preprocessing_20260902\payload\workspace\modules\M1-1_rotation_correction\geocore_m1_1\__pycache__\quality.cpython-312.pyc","quality.cpython-312.pyc","1667","611F8B8DC78019BA752EFC5C315AA94E36FE77FC41CFB605A538CD645ED294F0"
"C003","REGENERABLE_CACHE","E:\Code\Geocore_M0&1_Preprocessing\modules\M1-1_rotation_correction\geocore_m1_1\__pycache__\review.cpython-312.pyc","E:\Code\_DELETE_REVIEW_Geocore_M0and1_Preprocessing_20260902\payload\workspace\modules\M1-1_rotation_correction\geocore_m1_1\__pycache__\review.cpython-312.pyc","review.cpython-312.pyc","10667","EA9547E8C8F069CFB2A2A147F4A3A20496E1C40331801DC6BFB7378A1F472976"
"C003","REGENERABLE_CACHE","E:\Code\Geocore_M0&1_Preprocessing\modules\M1-1_rotation_correction\geocore_m1_1\__pycache__\segment_boxes.cpython-312.pyc","E:\Code\_DELETE_REVIEW_Geocore_M0and1_Preprocessing_20260902\payload\workspace\modules\M1-1_rotation_correction\geocore_m1_1\__pycache__\segment_boxes.cpython-312.pyc","segment_boxes.cpython-312.pyc","12759","C23E323717C93D2984B7B536D52437EC92D8C97B7D4E252EC73948BC8F1CC32E"
"C003","REGENERABLE_CACHE","E:\Code\Geocore_M0&1_Preprocessing\modules\M1-1_rotation_correction\geocore_m1_1\__pycache__\server.cpython-312.pyc","E:\Code\_DELETE_REVIEW_Geocore_M0and1_Preprocessing_20260902\payload\workspace\modules\M1-1_rotation_correction\geocore_m1_1\__pycache__\server.cpython-312.pyc","server.cpython-312.pyc","10611","1A83FA2B046C77B3EF0B52A8B1E40F55619280F1BDF8AB4016D3EACEB25282DE"
"C004","REGENERABLE_CACHE","E:\Code\Geocore_M0&1_Preprocessing\modules\M1-1_rotation_correction\tests\__pycache__\test_envi_reader.cpython-312.pyc","E:\Code\_DELETE_REVIEW_Geocore_M0and1_Preprocessing_20260902\payload\workspace\modules\M1-1_rotation_correction\tests\__pycache__\test_envi_reader.cpython-312.pyc","test_envi_reader.cpython-312.pyc","1996","54183E5C251D0C2852F0FC6BA96B941BD27DA377CC5BFAFF4BB077A9374BC03D"
"C004","REGENERABLE_CACHE","E:\Code\Geocore_M0&1_Preprocessing\modules\M1-1_rotation_correction\tests\__pycache__\test_geometry_rotation.cpython-312.pyc","E:\Code\_DELETE_REVIEW_Geocore_M0and1_Preprocessing_20260902\payload\workspace\modules\M1-1_rotation_correction\tests\__pycache__\test_geometry_rotation.cpython-312.pyc","test_geometry_rotation.cpython-312.pyc","1622","B98AB2FE3BB0511D2F87C12DDBB32AB0BECCDD6636A32262CBD6FFD053CA290A"
"C004","REGENERABLE_CACHE","E:\Code\Geocore_M0&1_Preprocessing\modules\M1-1_rotation_correction\tests\__pycache__\test_pipeline_sample.cpython-312.pyc","E:\Code\_DELETE_REVIEW_Geocore_M0and1_Preprocessing_20260902\payload\workspace\modules\M1-1_rotation_correction\tests\__pycache__\test_pipeline_sample.cpython-312.pyc","test_pipeline_sample.cpython-312.pyc","1635","42ABEEAF056E63E7D9EAE2151057618C7967457EE999D7AA8B55DE45BD7399EB"
"C004","REGENERABLE_CACHE","E:\Code\Geocore_M0&1_Preprocessing\modules\M1-1_rotation_correction\tests\__pycache__\test_review_manual.cpython-312.pyc","E:\Code\_DELETE_REVIEW_Geocore_M0and1_Preprocessing_20260902\payload\workspace\modules\M1-1_rotation_correction\tests\__pycache__\test_review_manual.cpython-312.pyc","test_review_manual.cpython-312.pyc","3012","A06539C9853C18E9409AAA6E2CD50C1C659136E389ECD0BD297DD23E6DE33C50"
"C004","REGENERABLE_CACHE","E:\Code\Geocore_M0&1_Preprocessing\modules\M1-1_rotation_correction\tests\__pycache__\test_server_api.cpython-312.pyc","E:\Code\_DELETE_REVIEW_Geocore_M0and1_Preprocessing_20260902\payload\workspace\modules\M1-1_rotation_correction\tests\__pycache__\test_server_api.cpython-312.pyc","test_server_api.cpython-312.pyc","2364","A506F22938F7E378CDD9F1A02BC1AC6549F2A22D89B0F60A3BBE27F49DEC73AD"
"C005","REGENERABLE_CACHE","E:\Code\Geocore_M0&1_Preprocessing\modules\M1-2_foreground_mask\geocore_mask\__pycache__\__init__.cpython-312.pyc","E:\Code\_DELETE_REVIEW_Geocore_M0and1_Preprocessing_20260902\payload\workspace\modules\M1-2_foreground_mask\geocore_mask\__pycache__\__init__.cpython-312.pyc","__init__.cpython-312.pyc","270","837E0E6FC44BC32F919C9CDA3864CA079C7A2B13D69B61946A7CE2443EF96CCE"
"C005","REGENERABLE_CACHE","E:\Code\Geocore_M0&1_Preprocessing\modules\M1-2_foreground_mask\geocore_mask\__pycache__\__init__.cpython-39.pyc","E:\Code\_DELETE_REVIEW_Geocore_M0and1_Preprocessing_20260902\payload\workspace\modules\M1-2_foreground_mask\geocore_mask\__pycache__\__init__.cpython-39.pyc","__init__.cpython-39.pyc","258","A463A5B6A442D70EA02F4FC02F2AA839F921A529CAC3405C9DFEB782CA2845B9"
"C006","REGENERABLE_CACHE","E:\Code\Geocore_M0&1_Preprocessing\modules\M1-2_foreground_mask\geocore_mask\inference\__pycache__\__init__.cpython-312.pyc","E:\Code\_DELETE_REVIEW_Geocore_M0and1_Preprocessing_20260902\payload\workspace\modules\M1-2_foreground_mask\geocore_mask\inference\__pycache__\__init__.cpython-312.pyc","__init__.cpython-312.pyc","269","EB26C2F6BA10F52B7684ADB5A003FF45833DC7FF1E79A0E34CE027C4DDF613CE"
"C006","REGENERABLE_CACHE","E:\Code\Geocore_M0&1_Preprocessing\modules\M1-2_foreground_mask\geocore_mask\inference\__pycache__\__init__.cpython-39.pyc","E:\Code\_DELETE_REVIEW_Geocore_M0and1_Preprocessing_20260902\payload\workspace\modules\M1-2_foreground_mask\geocore_mask\inference\__pycache__\__init__.cpython-39.pyc","__init__.cpython-39.pyc","260","05D8435DC71423C554A8317703A20189C3FDDBCBC156339ABDB448757FE5E87D"
"C006","REGENERABLE_CACHE","E:\Code\Geocore_M0&1_Preprocessing\modules\M1-2_foreground_mask\geocore_mask\inference\__pycache__\merger.cpython-39.pyc","E:\Code\_DELETE_REVIEW_Geocore_M0and1_Preprocessing_20260902\payload\workspace\modules\M1-2_foreground_mask\geocore_mask\inference\__pycache__\merger.cpython-39.pyc","merger.cpython-39.pyc","1614","D4ABDC64521CB86D466D29BB8A7E71B46FE660EBB4CA8DA0B4127F0C5A2E46FD"
"C006","REGENERABLE_CACHE","E:\Code\Geocore_M0&1_Preprocessing\modules\M1-2_foreground_mask\geocore_mask\inference\__pycache__\predictor.cpython-312.pyc","E:\Code\_DELETE_REVIEW_Geocore_M0and1_Preprocessing_20260902\payload\workspace\modules\M1-2_foreground_mask\geocore_mask\inference\__pycache__\predictor.cpython-312.pyc","predictor.cpython-312.pyc","12467","4EB3D09232AD473A9A4829219A5781928208CBE75652697E0D20774C9D8FA243"
"C006","REGENERABLE_CACHE","E:\Code\Geocore_M0&1_Preprocessing\modules\M1-2_foreground_mask\geocore_mask\inference\__pycache__\predictor.cpython-39.pyc","E:\Code\_DELETE_REVIEW_Geocore_M0and1_Preprocessing_20260902\payload\workspace\modules\M1-2_foreground_mask\geocore_mask\inference\__pycache__\predictor.cpython-39.pyc","predictor.cpython-39.pyc","6750","5D72A6ECC76D533BA7E7DCE3AE68A77CBBD680CF09FD1628A1ADDD45E606E875"
"C006","REGENERABLE_CACHE","E:\Code\Geocore_M0&1_Preprocessing\modules\M1-2_foreground_mask\geocore_mask\inference\__pycache__\tiler.cpython-39.pyc","E:\Code\_DELETE_REVIEW_Geocore_M0and1_Preprocessing_20260902\payload\workspace\modules\M1-2_foreground_mask\geocore_mask\inference\__pycache__\tiler.cpython-39.pyc","tiler.cpython-39.pyc","1442","055D791B59628AAFA31A12764D060AFF974A46166AD61074FF75487140AE3662"
"C007","REGENERABLE_CACHE","E:\Code\Geocore_M0&1_Preprocessing\modules\M1-2_foreground_mask\geocore_mask\models\__pycache__\__init__.cpython-39.pyc","E:\Code\_DELETE_REVIEW_Geocore_M0and1_Preprocessing_20260902\payload\workspace\modules\M1-2_foreground_mask\geocore_mask\models\__pycache__\__init__.cpython-39.pyc","__init__.cpython-39.pyc","253","737137EEF834C1F9F53214B1160A9953D7D8AE4FFC49BE44D7460507DDAB5376"
"C007","REGENERABLE_CACHE","E:\Code\Geocore_M0&1_Preprocessing\modules\M1-2_foreground_mask\geocore_mask\models\__pycache__\core_unet.cpython-39.pyc","E:\Code\_DELETE_REVIEW_Geocore_M0and1_Preprocessing_20260902\payload\workspace\modules\M1-2_foreground_mask\geocore_mask\models\__pycache__\core_unet.cpython-39.pyc","core_unet.cpython-39.pyc","4336","6977E79B95BAF5E7BD3D3E96CC044767B4DDA173F2193A477B5A97AD6B1E8A86"
"C007","REGENERABLE_CACHE","E:\Code\Geocore_M0&1_Preprocessing\modules\M1-2_foreground_mask\geocore_mask\models\__pycache__\registry.cpython-39.pyc","E:\Code\_DELETE_REVIEW_Geocore_M0and1_Preprocessing_20260902\payload\workspace\modules\M1-2_foreground_mask\geocore_mask\models\__pycache__\registry.cpython-39.pyc","registry.cpython-39.pyc","1405","1B7C02764AF819DCB7A42E775AE3116C0BBD2316BFAAA76B786E899062D0130A"
"C008","REGENERABLE_CACHE","E:\Code\Geocore_M0&1_Preprocessing\modules\M1-2_foreground_mask\geocore_mask\postprocess\__pycache__\__init__.cpython-39.pyc","E:\Code\_DELETE_REVIEW_Geocore_M0and1_Preprocessing_20260902\payload\workspace\modules\M1-2_foreground_mask\geocore_mask\postprocess\__pycache__\__init__.cpython-39.pyc","__init__.cpython-39.pyc","249","A6FFF2AC4AFF1A8103680718BC7EAD4517CC504D63190002559D855D44316838"
"C008","REGENERABLE_CACHE","E:\Code\Geocore_M0&1_Preprocessing\modules\M1-2_foreground_mask\geocore_mask\postprocess\__pycache__\contour.cpython-39.pyc","E:\Code\_DELETE_REVIEW_Geocore_M0and1_Preprocessing_20260902\payload\workspace\modules\M1-2_foreground_mask\geocore_mask\postprocess\__pycache__\contour.cpython-39.pyc","contour.cpython-39.pyc","1397","8EC26116FFAC05F3956275B7F516DFADA3B1F1E0465E0F4B330C8B71805F0BC1"
"C008","REGENERABLE_CACHE","E:\Code\Geocore_M0&1_Preprocessing\modules\M1-2_foreground_mask\geocore_mask\postprocess\__pycache__\refine_mask.cpython-39.pyc","E:\Code\_DELETE_REVIEW_Geocore_M0and1_Preprocessing_20260902\payload\workspace\modules\M1-2_foreground_mask\geocore_mask\postprocess\__pycache__\refine_mask.cpython-39.pyc","refine_mask.cpython-39.pyc","2259","BB28FB78E84CC75B82B8C7A357D2F9213B947D674F8E400623A727FAB6607A7B"
"C009","REGENERABLE_CACHE","E:\Code\Geocore_M0&1_Preprocessing\modules\M1-2_foreground_mask\geocore_mask\utils\__pycache__\__init__.cpython-39.pyc","E:\Code\_DELETE_REVIEW_Geocore_M0and1_Preprocessing_20260902\payload\workspace\modules\M1-2_foreground_mask\geocore_mask\utils\__pycache__\__init__.cpython-39.pyc","__init__.cpython-39.pyc","249","C3315E29DBCEC506A16279DA2AB499871FCC518ADC4CD5BD1E42B544324C79FF"
"C009","REGENERABLE_CACHE","E:\Code\Geocore_M0&1_Preprocessing\modules\M1-2_foreground_mask\geocore_mask\utils\__pycache__\image_io.cpython-39.pyc","E:\Code\_DELETE_REVIEW_Geocore_M0and1_Preprocessing_20260902\payload\workspace\modules\M1-2_foreground_mask\geocore_mask\utils\__pycache__\image_io.cpython-39.pyc","image_io.cpython-39.pyc","4327","AD3BD8D55AD99035CDB6BA97761A4F97968BD7BDB19218D72BAFCB3FA3643D25"
"C009","REGENERABLE_CACHE","E:\Code\Geocore_M0&1_Preprocessing\modules\M1-2_foreground_mask\geocore_mask\utils\__pycache__\metrics.cpython-39.pyc","E:\Code\_DELETE_REVIEW_Geocore_M0and1_Preprocessing_20260902\payload\workspace\modules\M1-2_foreground_mask\geocore_mask\utils\__pycache__\metrics.cpython-39.pyc","metrics.cpython-39.pyc","822","3920C6847A9F39C181988CD7B41F0F777A5AE4D5F2851FD793214C682F20BE24"
"C009","REGENERABLE_CACHE","E:\Code\Geocore_M0&1_Preprocessing\modules\M1-2_foreground_mask\geocore_mask\utils\__pycache__\model_package.cpython-39.pyc","E:\Code\_DELETE_REVIEW_Geocore_M0and1_Preprocessing_20260902\payload\workspace\modules\M1-2_foreground_mask\geocore_mask\utils\__pycache__\model_package.cpython-39.pyc","model_package.cpython-39.pyc","3015","326A500E640879D895809AC8B9F9A5E871AAE5BA8A5DB5CD3BE5DAAC2132D952"
"C010","REGENERABLE_CACHE","E:\Code\Geocore_M0&1_Preprocessing\modules\M1-3_separator_mark\geocore_m1_3\__pycache__\__init__.cpython-312.pyc","E:\Code\_DELETE_REVIEW_Geocore_M0and1_Preprocessing_20260902\payload\workspace\modules\M1-3_separator_mark\geocore_m1_3\__pycache__\__init__.cpython-312.pyc","__init__.cpython-312.pyc","277","2FA1A1F91EE16688278F2756834036BB11A824B54AF255DF943E692202CE886B"
"C010","REGENERABLE_CACHE","E:\Code\Geocore_M0&1_Preprocessing\modules\M1-3_separator_mark\geocore_m1_3\__pycache__\config.cpython-312.pyc","E:\Code\_DELETE_REVIEW_Geocore_M0and1_Preprocessing_20260902\payload\workspace\modules\M1-3_separator_mark\geocore_m1_3\__pycache__\config.cpython-312.pyc","config.cpython-312.pyc","5092","988503FA95FCF2A72B1A9F3F144BB05D118B81486679CEB0B71DA3874789C9D3"
"C010","REGENERABLE_CACHE","E:\Code\Geocore_M0&1_Preprocessing\modules\M1-3_separator_mark\geocore_m1_3\__pycache__\pipeline.cpython-312.pyc","E:\Code\_DELETE_REVIEW_Geocore_M0and1_Preprocessing_20260902\payload\workspace\modules\M1-3_separator_mark\geocore_m1_3\__pycache__\pipeline.cpython-312.pyc","pipeline.cpython-312.pyc","11425","76FB9E16EDF62E00D12C8E0C72682799487A25D58C4E708FB0B998D23ABD8C35"
"C011","REGENERABLE_CACHE","E:\Code\Geocore_M0&1_Preprocessing\modules\M1-3_separator_mark\geocore_m1_3\depth\__pycache__\__init__.cpython-312.pyc","E:\Code\_DELETE_REVIEW_Geocore_M0and1_Preprocessing_20260902\payload\workspace\modules\M1-3_separator_mark\geocore_m1_3\depth\__pycache__\__init__.cpython-312.pyc","__init__.cpython-312.pyc","229","D5932F1994940BF6EDADF0E1914DC408661D681FBE89542CCD2E837B1ED07C80"
"C011","REGENERABLE_CACHE","E:\Code\Geocore_M0&1_Preprocessing\modules\M1-3_separator_mark\geocore_m1_3\depth\__pycache__\mapper.cpython-312.pyc","E:\Code\_DELETE_REVIEW_Geocore_M0and1_Preprocessing_20260902\payload\workspace\modules\M1-3_separator_mark\geocore_m1_3\depth\__pycache__\mapper.cpython-312.pyc","mapper.cpython-312.pyc","7934","E231A37528AA88DB0691A42C1AA02ACF8BAD1CFC1E4C7E542B9289216EF8C532"
"C012","REGENERABLE_CACHE","E:\Code\Geocore_M0&1_Preprocessing\modules\M1-3_separator_mark\geocore_m1_3\io\__pycache__\__init__.cpython-312.pyc","E:\Code\_DELETE_REVIEW_Geocore_M0and1_Preprocessing_20260902\payload\workspace\modules\M1-3_separator_mark\geocore_m1_3\io\__pycache__\__init__.cpython-312.pyc","__init__.cpython-312.pyc","227","3C739D7F8847FC1AEF8DA2D99B5537614C6995D72FDBF9B5CFD42F9404AF04C9"
"C012","REGENERABLE_CACHE","E:\Code\Geocore_M0&1_Preprocessing\modules\M1-3_separator_mark\geocore_m1_3\io\__pycache__\m1_2_loader.cpython-312.pyc","E:\Code\_DELETE_REVIEW_Geocore_M0and1_Preprocessing_20260902\payload\workspace\modules\M1-3_separator_mark\geocore_m1_3\io\__pycache__\m1_2_loader.cpython-312.pyc","m1_2_loader.cpython-312.pyc","1983","049F3A1C2C8A19391FBD3352E2D8F5C6BDA15DC6A078EE43E087EA01CF20B24E"
"C013","REGENERABLE_CACHE","E:\Code\Geocore_M0&1_Preprocessing\modules\M1-3_separator_mark\geocore_m1_3\layout\__pycache__\__init__.cpython-312.pyc","E:\Code\_DELETE_REVIEW_Geocore_M0and1_Preprocessing_20260902\payload\workspace\modules\M1-3_separator_mark\geocore_m1_3\layout\__pycache__\__init__.cpython-312.pyc","__init__.cpython-312.pyc","233","0AB811C8C0AE9B59AAFCED454BCA30D7711BFC4076962A49E7A38AE6050D110D"
"C013","REGENERABLE_CACHE","E:\Code\Geocore_M0&1_Preprocessing\modules\M1-3_separator_mark\geocore_m1_3\layout\__pycache__\lane_detector.cpython-312.pyc","E:\Code\_DELETE_REVIEW_Geocore_M0and1_Preprocessing_20260902\payload\workspace\modules\M1-3_separator_mark\geocore_m1_3\layout\__pycache__\lane_detector.cpython-312.pyc","lane_detector.cpython-312.pyc","9603","3EB72C61D456DF45218C33759FD0283A2DB3C771B54BD6B94D4531FC3E2C2EBA"
"C014","REGENERABLE_CACHE","E:\Code\Geocore_M0&1_Preprocessing\modules\M1-3_separator_mark\geocore_m1_3\mask_refine\__pycache__\__init__.cpython-312.pyc","E:\Code\_DELETE_REVIEW_Geocore_M0and1_Preprocessing_20260902\payload\workspace\modules\M1-3_separator_mark\geocore_m1_3\mask_refine\__pycache__\__init__.cpython-312.pyc","__init__.cpython-312.pyc","237","74D7CE4EB002788498BD4AA6769D08CFF8715A91C9F2D33F18816F910192A263"
"C014","REGENERABLE_CACHE","E:\Code\Geocore_M0&1_Preprocessing\modules\M1-3_separator_mark\geocore_m1_3\mask_refine\__pycache__\components.cpython-312.pyc","E:\Code\_DELETE_REVIEW_Geocore_M0and1_Preprocessing_20260902\payload\workspace\modules\M1-3_separator_mark\geocore_m1_3\mask_refine\__pycache__\components.cpython-312.pyc","components.cpython-312.pyc","8068","3041D54BDBB71A023AD7546E8CB497DFF1F2D40A0978E3BCCEE4E91F3A03FD75"
"C014","REGENERABLE_CACHE","E:\Code\Geocore_M0&1_Preprocessing\modules\M1-3_separator_mark\geocore_m1_3\mask_refine\__pycache__\refiner.cpython-312.pyc","E:\Code\_DELETE_REVIEW_Geocore_M0and1_Preprocessing_20260902\payload\workspace\modules\M1-3_separator_mark\geocore_m1_3\mask_refine\__pycache__\refiner.cpython-312.pyc","refiner.cpython-312.pyc","7028","2A42A514BDE6C738F645697643DBB6437562FD9420D55960F70DC1971D9822BC"
"C015","REGENERABLE_CACHE","E:\Code\Geocore_M0&1_Preprocessing\modules\M1-3_separator_mark\geocore_m1_3\quality\__pycache__\__init__.cpython-312.pyc","E:\Code\_DELETE_REVIEW_Geocore_M0and1_Preprocessing_20260902\payload\workspace\modules\M1-3_separator_mark\geocore_m1_3\quality\__pycache__\__init__.cpython-312.pyc","__init__.cpython-312.pyc","223","08FAC1300E9C8EDC0D6F5A3CD8A629B18E17E0E4C97334368FBAC3FF1DE4C1FA"
"C015","REGENERABLE_CACHE","E:\Code\Geocore_M0&1_Preprocessing\modules\M1-3_separator_mark\geocore_m1_3\quality\__pycache__\reports.cpython-312.pyc","E:\Code\_DELETE_REVIEW_Geocore_M0and1_Preprocessing_20260902\payload\workspace\modules\M1-3_separator_mark\geocore_m1_3\quality\__pycache__\reports.cpython-312.pyc","reports.cpython-312.pyc","2148","8E003352A14A33733A5B1A4801421E1858115801DC2B4302CF64BFCB633A7442"
"C016","REGENERABLE_CACHE","E:\Code\Geocore_M0&1_Preprocessing\modules\M1-3_separator_mark\geocore_m1_3\reconstruct\__pycache__\__init__.cpython-312.pyc","E:\Code\_DELETE_REVIEW_Geocore_M0and1_Preprocessing_20260902\payload\workspace\modules\M1-3_separator_mark\geocore_m1_3\reconstruct\__pycache__\__init__.cpython-312.pyc","__init__.cpython-312.pyc","237","6D002EC0985F3918364118E0B4F69950FE554C68ECAD5A186BA7C58D9E4E26D9"
"C016","REGENERABLE_CACHE","E:\Code\Geocore_M0&1_Preprocessing\modules\M1-3_separator_mark\geocore_m1_3\reconstruct\__pycache__\lane_strip.cpython-312.pyc","E:\Code\_DELETE_REVIEW_Geocore_M0and1_Preprocessing_20260902\payload\workspace\modules\M1-3_separator_mark\geocore_m1_3\reconstruct\__pycache__\lane_strip.cpython-312.pyc","lane_strip.cpython-312.pyc","5330","780EC7628165832381DF0D3001F38796C666F5CD0B5263D0C84F90748E72E3CA"
"C016","REGENERABLE_CACHE","E:\Code\Geocore_M0&1_Preprocessing\modules\M1-3_separator_mark\geocore_m1_3\reconstruct\__pycache__\strip_builder.cpython-312.pyc","E:\Code\_DELETE_REVIEW_Geocore_M0and1_Preprocessing_20260902\payload\workspace\modules\M1-3_separator_mark\geocore_m1_3\reconstruct\__pycache__\strip_builder.cpython-312.pyc","strip_builder.cpython-312.pyc","4054","A7E52A12966DACAB00141EEF032EBC3929EB7EC9741C0FA1EA25B6739E4E9E3C"
"C017","REGENERABLE_CACHE","E:\Code\Geocore_M0&1_Preprocessing\modules\M1-3_separator_mark\geocore_m1_3\segments\__pycache__\__init__.cpython-312.pyc","E:\Code\_DELETE_REVIEW_Geocore_M0and1_Preprocessing_20260902\payload\workspace\modules\M1-3_separator_mark\geocore_m1_3\segments\__pycache__\__init__.cpython-312.pyc","__init__.cpython-312.pyc","232","2EFE755EC3D38B8F6E8C7B38DB92722C080BD0B3183158D6387000BD6145CE92"
"C017","REGENERABLE_CACHE","E:\Code\Geocore_M0&1_Preprocessing\modules\M1-3_separator_mark\geocore_m1_3\segments\__pycache__\core_segment.cpython-312.pyc","E:\Code\_DELETE_REVIEW_Geocore_M0and1_Preprocessing_20260902\payload\workspace\modules\M1-3_separator_mark\geocore_m1_3\segments\__pycache__\core_segment.cpython-312.pyc","core_segment.cpython-312.pyc","1618","FAD41AA7FB8CF454DE8D289483A1DE950D53119E2F8FC31A13FCA5C05844AFAB"
"C017","REGENERABLE_CACHE","E:\Code\Geocore_M0&1_Preprocessing\modules\M1-3_separator_mark\geocore_m1_3\segments\__pycache__\cutter.cpython-312.pyc","E:\Code\_DELETE_REVIEW_Geocore_M0and1_Preprocessing_20260902\payload\workspace\modules\M1-3_separator_mark\geocore_m1_3\segments\__pycache__\cutter.cpython-312.pyc","cutter.cpython-312.pyc","4571","5AB8C5CBCAEE6E1A21BA0D78D2196B69017F6506B21C3ADFC8402FDBADE97B99"
"C017","REGENERABLE_CACHE","E:\Code\Geocore_M0&1_Preprocessing\modules\M1-3_separator_mark\geocore_m1_3\segments\__pycache__\naming.cpython-312.pyc","E:\Code\_DELETE_REVIEW_Geocore_M0and1_Preprocessing_20260902\payload\workspace\modules\M1-3_separator_mark\geocore_m1_3\segments\__pycache__\naming.cpython-312.pyc","naming.cpython-312.pyc","994","8A084F7A2ACC3463EC37657FB53CB87AD5090C9B5469FAB5B349BC6DD2A0DC62"
"C018","REGENERABLE_CACHE","E:\Code\Geocore_M0&1_Preprocessing\modules\M1-3_separator_mark\geocore_m1_3\utils\__pycache__\__init__.cpython-312.pyc","E:\Code\_DELETE_REVIEW_Geocore_M0and1_Preprocessing_20260902\payload\workspace\modules\M1-3_separator_mark\geocore_m1_3\utils\__pycache__\__init__.cpython-312.pyc","__init__.cpython-312.pyc","222","FF654E5BEFAB33BE5FBD3E08502167B036753F750106423D60C793267784E037"
"C018","REGENERABLE_CACHE","E:\Code\Geocore_M0&1_Preprocessing\modules\M1-3_separator_mark\geocore_m1_3\utils\__pycache__\geometry.cpython-312.pyc","E:\Code\_DELETE_REVIEW_Geocore_M0and1_Preprocessing_20260902\payload\workspace\modules\M1-3_separator_mark\geocore_m1_3\utils\__pycache__\geometry.cpython-312.pyc","geometry.cpython-312.pyc","1410","2DEFAF6195471D0E8D8DDD68591C57ED3B16B53BD0DE652D683EA0409495E16C"
"C018","REGENERABLE_CACHE","E:\Code\Geocore_M0&1_Preprocessing\modules\M1-3_separator_mark\geocore_m1_3\utils\__pycache__\image_io.cpython-312.pyc","E:\Code\_DELETE_REVIEW_Geocore_M0and1_Preprocessing_20260902\payload\workspace\modules\M1-3_separator_mark\geocore_m1_3\utils\__pycache__\image_io.cpython-312.pyc","image_io.cpython-312.pyc","4465","4420728CD3CEC3F7A634A4912018D8DCC73711F49B6FEF0C2A79A8EBF7742FBC"
"C018","REGENERABLE_CACHE","E:\Code\Geocore_M0&1_Preprocessing\modules\M1-3_separator_mark\geocore_m1_3\utils\__pycache__\json_io.cpython-312.pyc","E:\Code\_DELETE_REVIEW_Geocore_M0and1_Preprocessing_20260902\payload\workspace\modules\M1-3_separator_mark\geocore_m1_3\utils\__pycache__\json_io.cpython-312.pyc","json_io.cpython-312.pyc","2016","D1154DBCB3EA8350C3CE91E2ED43A6F161EB57343DF1E52FA1125FC540409526"
"C019","REGENERABLE_CACHE","E:\Code\Geocore_M0&1_Preprocessing\modules\M1-3_separator_mark\tests\__pycache__\test_depth_mapper.cpython-312.pyc","E:\Code\_DELETE_REVIEW_Geocore_M0and1_Preprocessing_20260902\payload\workspace\modules\M1-3_separator_mark\tests\__pycache__\test_depth_mapper.cpython-312.pyc","test_depth_mapper.cpython-312.pyc","1679","328BC1B919FB368208F805DA806554A969C78145238FA60196376BADD60728CD"
"C019","REGENERABLE_CACHE","E:\Code\Geocore_M0&1_Preprocessing\modules\M1-3_separator_mark\tests\__pycache__\test_lane_detector.cpython-312.pyc","E:\Code\_DELETE_REVIEW_Geocore_M0and1_Preprocessing_20260902\payload\workspace\modules\M1-3_separator_mark\tests\__pycache__\test_lane_detector.cpython-312.pyc","test_lane_detector.cpython-312.pyc","2280","3B7E5E25B9943E0204FE654D31DDD31F86D1E82318C5EC7E46005A9A483BA625"
"C019","REGENERABLE_CACHE","E:\Code\Geocore_M0&1_Preprocessing\modules\M1-3_separator_mark\tests\__pycache__\test_pipeline.cpython-312.pyc","E:\Code\_DELETE_REVIEW_Geocore_M0and1_Preprocessing_20260902\payload\workspace\modules\M1-3_separator_mark\tests\__pycache__\test_pipeline.cpython-312.pyc","test_pipeline.cpython-312.pyc","3375","32E6AC338C1FAB8F31FCCCF47C11D87FE33362F579BD2EED029C0C067ED83889"
"C019","REGENERABLE_CACHE","E:\Code\Geocore_M0&1_Preprocessing\modules\M1-3_separator_mark\tests\__pycache__\test_segment_cutter.cpython-312.pyc","E:\Code\_DELETE_REVIEW_Geocore_M0and1_Preprocessing_20260902\payload\workspace\modules\M1-3_separator_mark\tests\__pycache__\test_segment_cutter.cpython-312.pyc","test_segment_cutter.cpython-312.pyc","2341","ACC18414E722A61D9756EC8D3ED3AF652D54DF67FA0E3C907E4E42659C8BED2E"
"C020","REGENERABLE_CACHE","E:\Code\Geocore_M0&1_Preprocessing\src\geocore_preprocessing\__pycache__\__init__.cpython-312.pyc","E:\Code\_DELETE_REVIEW_Geocore_M0and1_Preprocessing_20260902\payload\workspace\src\geocore_preprocessing\__pycache__\__init__.cpython-312.pyc","__init__.cpython-312.pyc","259","646A63B9D7DA49EB0921CAD3341D382ADE83CD9DFBD366464C6A34015B88BF7E"
"C020","REGENERABLE_CACHE","E:\Code\Geocore_M0&1_Preprocessing\src\geocore_preprocessing\__pycache__\__init__.cpython-39.pyc","E:\Code\_DELETE_REVIEW_Geocore_M0and1_Preprocessing_20260902\payload\workspace\src\geocore_preprocessing\__pycache__\__init__.cpython-39.pyc","__init__.cpython-39.pyc","250","3E168454CBCE02802C22A2E1C8144AFB79701E45F081675F341CA946238BC481"
"C020","REGENERABLE_CACHE","E:\Code\Geocore_M0&1_Preprocessing\src\geocore_preprocessing\__pycache__\classical_mask.cpython-312.pyc","E:\Code\_DELETE_REVIEW_Geocore_M0and1_Preprocessing_20260902\payload\workspace\src\geocore_preprocessing\__pycache__\classical_mask.cpython-312.pyc","classical_mask.cpython-312.pyc","7584","ABCF19A8453F606592A5D6380FB5241E8938DDDE66903014DA57D3DDE74CFDC8"
"C020","REGENERABLE_CACHE","E:\Code\Geocore_M0&1_Preprocessing\src\geocore_preprocessing\__pycache__\classical_mask.cpython-39.pyc","E:\Code\_DELETE_REVIEW_Geocore_M0and1_Preprocessing_20260902\payload\workspace\src\geocore_preprocessing\__pycache__\classical_mask.cpython-39.pyc","classical_mask.cpython-39.pyc","4280","C2A48F0DA3599E449ED84FD014138581A47962E1F0897FBB5B9EFA4259C108CB"
"C020","REGENERABLE_CACHE","E:\Code\Geocore_M0&1_Preprocessing\src\geocore_preprocessing\__pycache__\cli.cpython-312.pyc","E:\Code\_DELETE_REVIEW_Geocore_M0and1_Preprocessing_20260902\payload\workspace\src\geocore_preprocessing\__pycache__\cli.cpython-312.pyc","cli.cpython-312.pyc","9311","1CF7D4EF5784BD65BD716CD6E3DE1DD0AD7138ABF24349901D5821EAAC7E92F0"
"C020","REGENERABLE_CACHE","E:\Code\Geocore_M0&1_Preprocessing\src\geocore_preprocessing\__pycache__\cli.cpython-39.pyc","E:\Code\_DELETE_REVIEW_Geocore_M0and1_Preprocessing_20260902\payload\workspace\src\geocore_preprocessing\__pycache__\cli.cpython-39.pyc","cli.cpython-39.pyc","5630","9F65C0E6DA196CC13F6BADBA484AFFD37BB5FF0342D98DA6ABDBE06BAF386839"
"C020","REGENERABLE_CACHE","E:\Code\Geocore_M0&1_Preprocessing\src\geocore_preprocessing\__pycache__\fusion_accessor.cpython-312.pyc","E:\Code\_DELETE_REVIEW_Geocore_M0and1_Preprocessing_20260902\payload\workspace\src\geocore_preprocessing\__pycache__\fusion_accessor.cpython-312.pyc","fusion_accessor.cpython-312.pyc","13684","86AA81E2EC59F48F026DCDC08027A1A9DB06E93C450AAE22757F190339837014"
"C020","REGENERABLE_CACHE","E:\Code\Geocore_M0&1_Preprocessing\src\geocore_preprocessing\__pycache__\fusion_accessor.cpython-39.pyc","E:\Code\_DELETE_REVIEW_Geocore_M0and1_Preprocessing_20260902\payload\workspace\src\geocore_preprocessing\__pycache__\fusion_accessor.cpython-39.pyc","fusion_accessor.cpython-39.pyc","8075","8D68386057A656912B0632BD918CA2C21A5654CB636380E4445F00D06E59520F"
"C020","REGENERABLE_CACHE","E:\Code\Geocore_M0&1_Preprocessing\src\geocore_preprocessing\__pycache__\json_utils.cpython-312.pyc","E:\Code\_DELETE_REVIEW_Geocore_M0and1_Preprocessing_20260902\payload\workspace\src\geocore_preprocessing\__pycache__\json_utils.cpython-312.pyc","json_utils.cpython-312.pyc","2526","31FD8099087CE5436885949111113B3DAEB04F8F8D0C55E6C7C32DC7FD73D732"
"C020","REGENERABLE_CACHE","E:\Code\Geocore_M0&1_Preprocessing\src\geocore_preprocessing\__pycache__\json_utils.cpython-39.pyc","E:\Code\_DELETE_REVIEW_Geocore_M0and1_Preprocessing_20260902\payload\workspace\src\geocore_preprocessing\__pycache__\json_utils.cpython-39.pyc","json_utils.cpython-39.pyc","1686","F0F94B0E00F6BEF2BCE236DE56E9F24ADDB86AD6103773963D3AC4E6E3726BA0"
"C020","REGENERABLE_CACHE","E:\Code\Geocore_M0&1_Preprocessing\src\geocore_preprocessing\__pycache__\paths.cpython-312.pyc","E:\Code\_DELETE_REVIEW_Geocore_M0and1_Preprocessing_20260902\payload\workspace\src\geocore_preprocessing\__pycache__\paths.cpython-312.pyc","paths.cpython-312.pyc","3747","A8233B7DE40293032F1C2F971C11A57C8AD8B96808D71472D14C1BEAED7D76CC"
"C020","REGENERABLE_CACHE","E:\Code\Geocore_M0&1_Preprocessing\src\geocore_preprocessing\__pycache__\paths.cpython-39.pyc","E:\Code\_DELETE_REVIEW_Geocore_M0and1_Preprocessing_20260902\payload\workspace\src\geocore_preprocessing\__pycache__\paths.cpython-39.pyc","paths.cpython-39.pyc","2521","FB4817F04364EB22D73D640AC70A158DD4B1293C95289F9FA90587480FD7D17C"
"C020","REGENERABLE_CACHE","E:\Code\Geocore_M0&1_Preprocessing\src\geocore_preprocessing\__pycache__\pipeline.cpython-312.pyc","E:\Code\_DELETE_REVIEW_Geocore_M0and1_Preprocessing_20260902\payload\workspace\src\geocore_preprocessing\__pycache__\pipeline.cpython-312.pyc","pipeline.cpython-312.pyc","25593","56D39B56734FD0534FCAD16FE067B845FB7A12BF0D281EF4FCD18624420400FA"
"C020","REGENERABLE_CACHE","E:\Code\Geocore_M0&1_Preprocessing\src\geocore_preprocessing\__pycache__\pipeline.cpython-39.pyc","E:\Code\_DELETE_REVIEW_Geocore_M0and1_Preprocessing_20260902\payload\workspace\src\geocore_preprocessing\__pycache__\pipeline.cpython-39.pyc","pipeline.cpython-39.pyc","15093","079719AE521CC0F2EA7CD0718249EA10252B055BF4FF0CF09027227AB7292066"
