"Module","LegacyRoot","RelativePath","FullPath","Category","SizeBytes","SHA256"
"M0-1","E:\Code\Geocore_M0-1_image_fusion","roi_outputs\ZKH3_132_140_roi_768x512_final_hsi_rgb_warp\fusion_v2_classical\fused_cube.zarr\.zarray","E:\Code\Geocore_M0-1_image_fusion\roi_outputs\ZKH3_132_140_roi_768x512_final_hsi_rgb_warp\fusion_v2_classical\fused_cube.zarr\.zarray","REGENERABLE_FUSION_CUBE","223","E77BB43D2782DD10A35B9ADD04AEE15BBCD7142DAF1164DA108EBA6D9626580B"
"M0-1","E:\Code\Geocore_M0-1_image_fusion","roi_outputs\ZKH3_132_140_roi_768x512_final_hsi_rgb_warp\fusion_v2_classical\fused_cube.zarr\.zattrs","E:\Code\Geocore_M0-1_image_fusion\roi_outputs\ZKH3_132_140_roi_768x512_final_hsi_rgb_warp\fusion_v2_classical\fused_cube.zarr\.zattrs","REGENERABLE_FUSION_CUBE","151","0C6803F6C243FFDA2B06C0B15706B6431A3D873A7EE83A9924D710CD92D136FF"
"M0-1","E:\Code\Geocore_M0-1_image_fusion","roi_outputs\ZKH3_132_140_roi_768x512_final_hsi_rgb_warp\fusion_v2_classical\fused_cube.zarr\0.0.0","E:\Code\Geocore_M0-1_image_fusion\roi_outputs\ZKH3_132_140_roi_768x512_final_hsi_rgb_warp\fusion_v2_classical\fused_cube.zarr\0.0.0","REGENERABLE_FUSION_CUBE","8388608","9C4504B94FB6BF98F6AA1E55BF241C6DD4E316860D7DE8D1290DE5C01055A19E"
"M0-1","E:\Code\Geocore_M0-1_image_fusion","roi_outputs\ZKH3_132_140_roi_768x512_final_hsi_rgb_warp\fusion_v2_classical\fused_cube.zarr\0.0.1","E:\Code\Geocore_M0-1_image_fusion\roi_outputs\ZKH3_132_140_roi_768x512_final_hsi_rgb_warp\fusion_v2_classical\fused_cube.zarr\0.0.1","REGENERABLE_FUSION_CUBE","8388608","E3D47E60C3D49CFA891F8731A241AF71E8AC83E88DEA67EBBB53A229B600B08F"
"M0-1","E:\Code\Geocore_M0-1_image_fusion","roi_outputs\ZKH3_132_140_roi_768x512_final_hsi_rgb_warp\fusion_v2_classical\fused_cube.zarr\0.0.10","E:\Code\Geocore_M0-1_image_fusion\roi_outputs\ZKH3_132_140_roi_768x512_final_hsi_rgb_warp\fusion_v2_classical\fused_cube.zarr\0.0.10","REGENERABLE_FUSION_CUBE","8388608","6943D2CAE52A4C8D7685AA203ED5DC2DF246E6A22DDF4458D2AB6309D35BF69A"
"M0-1","E:\Code\Geocore_M0-1_image_fusion","roi_outputs\ZKH3_132_140_roi_768x512_final_hsi_rgb_warp\fusion_v2_classical\fused_cube.zarr\0.0.11","E:\Code\Geocore_M0-1_image_fusion\roi_outputs\ZKH3_132_140_roi_768x512_final_hsi_rgb_warp\fusion_v2_classical\fused_cube.zarr\0.0.11","REGENERABLE_FUSION_CUBE","8388608","AAA35F97BA5050209689B18818951B91310C60A33209970309EB3D7CB3C930E9"
"M0-1","E:\Code\Geocore_M0-1_image_fusion","roi_outputs\ZKH3_132_140_roi_768x512_final_hsi_rgb_warp\fusion_v2_classical\fused_cube.zarr\0.0.12","E:\Code\Geocore_M0-1_image_fusion\roi_outputs\ZKH3_132_140_roi_768x512_final_hsi_rgb_warp\fusion_v2_classical\fused_cube.zarr\0.0.12","REGENERABLE_FUSION_CUBE","8388608","C0F4E0E9F5CB7FF060FDF0A9D20B0DCCE3DF135407EB17792625480273880AA6"
"M0-1","E:\Code\Geocore_M0-1_image_fusion","roi_outputs\ZKH3_132_140_roi_768x512_final_hsi_rgb_warp\fusion_v2_classical\fused_cube.zarr\0.0.13","E:\Code\Geocore_M0-1_image_fusion\roi_outputs\ZKH3_132_140_roi_768x512_final_hsi_rgb_warp\fusion_v2_classical\fused_cube.zarr\0.0.13","REGENERABLE_FUSION_CUBE","8388608","61E4B9E274F72745321A1786061E98DD32FAF9294EDC241D0E9F8572C2399110"
"M0-1","E:\Code\Geocore_M0-1_image_fusion","roi_outputs\ZKH3_132_140_roi_768x512_final_hsi_rgb_warp\fusion_v2_classical\fused_cube.zarr\0.0.14","E:\Code\Geocore_M0-1_image_fusion\roi_outputs\ZKH3_132_140_roi_768x512_final_hsi_rgb_warp\fusion_v2_classical\fused_cube.zarr\0.0.14","REGENERABLE_FUSION_CUBE","8388608","B27DFF05091FBB2916865BD8A7698B70FD9EFC0F7E8C9A23990D62D904F0B0DC"
"M0-1","E:\Code\Geocore_M0-1_image_fusion","roi_outputs\ZKH3_132_140_roi_768x512_final_hsi_rgb_warp\fusion_v2_classical\fused_cube.zarr\0.0.15","E:\Code\Geocore_M0-1_image_fusion\roi_outputs\ZKH3_132_140_roi_768x512_final_hsi_rgb_warp\fusion_v2_classical\fused_cube.zarr\0.0.15","REGENERABLE_FUSION_CUBE","8388608","7C44B47A2AE4EFC30113F3D5757D97CEB62F5EBF255A0A14A427E9D6C829FA7C"
"M0-1","E:\Code\Geocore_M0-1_image_fusion","roi_outputs\ZKH3_132_140_roi_768x512_final_hsi_rgb_warp\fusion_v2_classical\fused_cube.zarr\0.0.16","E:\Code\Geocore_M0-1_image_fusion\roi_outputs\ZKH3_132_140_roi_768x512_final_hsi_rgb_warp\fusion_v2_classical\fused_cube.zarr\0.0.16","REGENERABLE_FUSION_CUBE","8388608","6F6F7E188B8E0C344AF9AD50A71E9D7596C80CD7C8195BA6A5F1997CF1FD84AD"
"M0-1","E:\Code\Geocore_M0-1_image_fusion","roi_outputs\ZKH3_132_140_roi_768x512_final_hsi_rgb_warp\fusion_v2_classical\fused_cube.zarr\0.0.17","E:\Code\Geocore_M0-1_image_fusion\roi_outputs\ZKH3_132_140_roi_768x512_final_hsi_rgb_warp\fusion_v2_classical\fused_cube.zarr\0.0.17","REGENERABLE_FUSION_CUBE","8388608","BAAFFDA60BCDDD1861E2ED451A66BEBADB90595D2AD11E0E5BE7134BE151F324"
"M0-1","E:\Code\Geocore_M0-1_image_fusion","roi_outputs\ZKH3_132_140_roi_768x512_final_hsi_rgb_warp\fusion_v2_classical\fused_cube.zarr\0.0.2","E:\Code\Geocore_M0-1_image_fusion\roi_outputs\ZKH3_132_140_roi_768x512_final_hsi_rgb_warp\fusion_v2_classical\fused_cube.zarr\0.0.2","REGENERABLE_FUSION_CUBE","8388608","8E304914201E6BDF7CB37DEBC4388A7EBE1F23773D688BFCF346C39D12AB159F"
"M0-1","E:\Code\Geocore_M0-1_image_fusion","roi_outputs\ZKH3_132_140_roi_768x512_final_hsi_rgb_warp\fusion_v2_classical\fused_cube.zarr\0.0.3","E:\Code\Geocore_M0-1_image_fusion\roi_outputs\ZKH3_132_140_roi_768x512_final_hsi_rgb_warp\fusion_v2_classical\fused_cube.zarr\0.0.3","REGENERABLE_FUSION_CUBE","8388608","D740CE66BC5C3A226B659FE2DEC4A7096F545B116633C52D568A49BBB8A54268"
"M0-1","E:\Code\Geocore_M0-1_image_fusion","roi_outputs\ZKH3_132_140_roi_768x512_final_hsi_rgb_warp\fusion_v2_classical\fused_cube.zarr\0.0.4","E:\Code\Geocore_M0-1_image_fusion\roi_outputs\ZKH3_132_140_roi_768x512_final_hsi_rgb_warp\fusion_v2_classical\fused_cube.zarr\0.0.4","REGENERABLE_FUSION_CUBE","8388608","AC909E24BD4FBB741A4426A916072FCFED0BBB396FCBB812C0871009801CA794"
"M0-1","E:\Code\Geocore_M0-1_image_fusion","roi_outputs\ZKH3_132_140_roi_768x512_final_hsi_rgb_warp\fusion_v2_classical\fused_cube.zarr\0.0.5","E:\Code\Geocore_M0-1_image_fusion\roi_outputs\ZKH3_132_140_roi_768x512_final_hsi_rgb_warp\fusion_v2_classical\fused_cube.zarr\0.0.5","REGENERABLE_FUSION_CUBE","8388608","86F382742AE61234F6F40F5E5922458D55CB55CBE0216552652523A4CBF53EE1"
"M0-1","E:\Code\Geocore_M0-1_image_fusion","roi_outputs\ZKH3_132_140_roi_768x512_final_hsi_rgb_warp\fusion_v2_classical\fused_cube.zarr\0.0.6","E:\Code\Geocore_M0-1_image_fusion\roi_outputs\ZKH3_132_140_roi_768x512_final_hsi_rgb_warp\fusion_v2_classical\fused_cube.zarr\0.0.6","REGENERABLE_FUSION_CUBE","8388608","CA156FB57882B31B50EFF1A6DD43DD1D92866870F3B4FA0809835E794C07A316"
"M0-1","E:\Code\Geocore_M0-1_image_fusion","roi_outputs\ZKH3_132_140_roi_768x512_final_hsi_rgb_warp\fusion_v2_classical\fused_cube.zarr\0.0.7","E:\Code\Geocore_M0-1_image_fusion\roi_outputs\ZKH3_132_140_roi_768x512_final_hsi_rgb_warp\fusion_v2_classical\fused_cube.zarr\0.0.7","REGENERABLE_FUSION_CUBE","8388608","6010BA656FD5825A311396E92EAD2D0C8C66F4E3C7A3A6B7D07B7ED8EB3D678B"
"M0-1","E:\Code\Geocore_M0-1_image_fusion","roi_outputs\ZKH3_132_140_roi_768x512_final_hsi_rgb_warp\fusion_v2_classical\fused_cube.zarr\0.0.8","E:\Code\Geocore_M0-1_image_fusion\roi_outputs\ZKH3_132_140_roi_768x512_final_hsi_rgb_warp\fusion_v2_classical\fused_cube.zarr\0.0.8","REGENERABLE_FUSION_CUBE","8388608","2B882FEA4EB9158F40AE54009533E26E07D31EBAE87CC31466ACCB2926BD4BB3"
"M0-1","E:\Code\Geocore_M0-1_image_fusion","roi_outputs\ZKH3_132_140_roi_768x512_final_hsi_rgb_warp\fusion_v2_classical\fused_cube.zarr\0.0.9","E:\Code\Geocore_M0-1_image_fusion\roi_outputs\ZKH3_132_140_roi_768x512_final_hsi_rgb_warp\fusion_v2_classical\fused_cube.zarr\0.0.9","REGENERABLE_FUSION_CUBE","8388608","53CE1590C017DBCC6426A8C39D478078A2429A7A09ABF4A715C82183EDFB07C9"
"M0-1","E:\Code\Geocore_M0-1_image_fusion","roi_outputs\ZKH3_132_140_roi_768x512_final_hsi_rgb_warp\fusion_v2_classical\fused_cube.zarr\0.1.0","E:\Code\Geocore_M0-1_image_fusion\roi_outputs\ZKH3_132_140_roi_768x512_final_hsi_rgb_warp\fusion_v2_classical\fused_cube.zarr\0.1.0","REGENERABLE_FUSION_CUBE","8388608","1B1DF7853B637B4E6BCCB81C1DEB2380BA330BA50A792E7E3C02E5BF02781524"
"M0-1","E:\Code\Geocore_M0-1_image_fusion","roi_outputs\ZKH3_132_140_roi_768x512_final_hsi_rgb_warp\fusion_v2_classical\fused_cube.zarr\0.1.1","E:\Code\Geocore_M0-1_image_fusion\roi_outputs\ZKH3_132_140_roi_768x512_final_hsi_rgb_warp\fusion_v2_classical\fused_cube.zarr\0.1.1","REGENERABLE_FUSION_CUBE","8388608","D86D2695CE37631CD03963E51F1025BA0CC54566668104F0ECCDEC60C7E88FB3"
"M0-1","E:\Code\Geocore_M0-1_image_fusion","roi_outputs\ZKH3_132_140_roi_768x512_final_hsi_rgb_warp\fusion_v2_classical\fused_cube.zarr\0.1.10","E:\Code\Geocore_M0-1_image_fusion\roi_outputs\ZKH3_132_140_roi_768x512_final_hsi_rgb_warp\fusion_v2_classical\fused_cube.zarr\0.1.10","REGENERABLE_FUSION_CUBE","8388608","5409B00339D78CACC8081898158456D224CECB292B54905374D0B636B928301D"
"M0-1","E:\Code\Geocore_M0-1_image_fusion","roi_outputs\ZKH3_132_140_roi_768x512_final_hsi_rgb_warp\fusion_v2_classical\fused_cube.zarr\0.1.11","E:\Code\Geocore_M0-1_image_fusion\roi_outputs\ZKH3_132_140_roi_768x512_final_hsi_rgb_warp\fusion_v2_classical\fused_cube.zarr\0.1.11","REGENERABLE_FUSION_CUBE","8388608","753756766553B702D53B772F6AABF2E4272B1B04D80C2053E0BA18FED4934FC9"
"M0-1","E:\Code\Geocore_M0-1_image_fusion","roi_outputs\ZKH3_132_140_roi_768x512_final_hsi_rgb_warp\fusion_v2_classical\fused_cube.zarr\0.1.12","E:\Code\Geocore_M0-1_image_fusion\roi_outputs\ZKH3_132_140_roi_768x512_final_hsi_rgb_warp\fusion_v2_classical\fused_cube.zarr\0.1.12","REGENERABLE_FUSION_CUBE","8388608","72E998A62EE4D9F296AB1CE5DED2339CCA2D7BB72E52765ED4A9F5DC08AAB883"
"M0-1","E:\Code\Geocore_M0-1_image_fusion","roi_outputs\ZKH3_132_140_roi_768x512_final_hsi_rgb_warp\fusion_v2_classical\fused_cube.zarr\0.1.13","E:\Code\Geocore_M0-1_image_fusion\roi_outputs\ZKH3_132_140_roi_768x512_final_hsi_rgb_warp\fusion_v2_classical\fused_cube.zarr\0.1.13","REGENERABLE_FUSION_CUBE","8388608","2585EC2B9C0618CE0462B06974FE193401A2066A844252DA1BA3B226F2AA359F"
"M0-1","E:\Code\Geocore_M0-1_image_fusion","roi_outputs\ZKH3_132_140_roi_768x512_final_hsi_rgb_warp\fusion_v2_classical\fused_cube.zarr\0.1.14","E:\Code\Geocore_M0-1_image_fusion\roi_outputs\ZKH3_132_140_roi_768x512_final_hsi_rgb_warp\fusion_v2_classical\fused_cube.zarr\0.1.14","REGENERABLE_FUSION_CUBE","8388608","1A85E47BBFA45A1175B08CFF578D5A05BE5015A070855F735421A62F8479E672"
"M0-1","E:\Code\Geocore_M0-1_image_fusion","roi_outputs\ZKH3_132_140_roi_768x512_final_hsi_rgb_warp\fusion_v2_classical\fused_cube.zarr\0.1.15","E:\Code\Geocore_M0-1_image_fusion\roi_outputs\ZKH3_132_140_roi_768x512_final_hsi_rgb_warp\fusion_v2_classical\fused_cube.zarr\0.1.15","REGENERABLE_FUSION_CUBE","8388608","FB557B932F973EA012E63958500FD5C71414C524D6FE34F73A7C05FD7DA1C6F1"
"M0-1","E:\Code\Geocore_M0-1_image_fusion","roi_outputs\ZKH3_132_140_roi_768x512_final_hsi_rgb_warp\fusion_v2_classical\fused_cube.zarr\0.1.16","E:\Code\Geocore_M0-1_image_fusion\roi_outputs\ZKH3_132_140_roi_768x512_final_hsi_rgb_warp\fusion_v2_classical\fused_cube.zarr\0.1.16","REGENERABLE_FUSION_CUBE","8388608","A4EB1E9A9AD17AF5E1D48C651319327C51B228297F9F14BEB76D14395C853E6B"
"M0-1","E:\Code\Geocore_M0-1_image_fusion","roi_outputs\ZKH3_132_140_roi_768x512_final_hsi_rgb_warp\fusion_v2_classical\fused_cube.zarr\0.1.17","E:\Code\Geocore_M0-1_image_fusion\roi_outputs\ZKH3_132_140_roi_768x512_final_hsi_rgb_warp\fusion_v2_classical\fused_cube.zarr\0.1.17","REGENERABLE_FUSION_CUBE","8388608","2B8A874B5B569452E8486ADBB163BB895BE702AA64BE4EFAFF61B9F4D6839F1F"
"M0-1","E:\Code\Geocore_M0-1_image_fusion","roi_outputs\ZKH3_132_140_roi_768x512_final_hsi_rgb_warp\fusion_v2_classical\fused_cube.zarr\0.1.2","E:\Code\Geocore_M0-1_image_fusion\roi_outputs\ZKH3_132_140_roi_768x512_final_hsi_rgb_warp\fusion_v2_classical\fused_cube.zarr\0.1.2","REGENERABLE_FUSION_CUBE","8388608","07B7D52B421B64D7F33C2E8861ED00DAE48C4D041E30EF95708B15FB8B779F92"
"M0-1","E:\Code\Geocore_M0-1_image_fusion","roi_outputs\ZKH3_132_140_roi_768x512_final_hsi_rgb_warp\fusion_v2_classical\fused_cube.zarr\0.1.3","E:\Code\Geocore_M0-1_image_fusion\roi_outputs\ZKH3_132_140_roi_768x512_final_hsi_rgb_warp\fusion_v2_classical\fused_cube.zarr\0.1.3","REGENERABLE_FUSION_CUBE","8388608","0B1EC3BEC66035A74D23F01B67ED886733BD4C5EE11D553DADA7DC511D915551"
"M0-1","E:\Code\Geocore_M0-1_image_fusion","roi_outputs\ZKH3_132_140_roi_768x512_final_hsi_rgb_warp\fusion_v2_classical\fused_cube.zarr\0.1.4","E:\Code\Geocore_M0-1_image_fusion\roi_outputs\ZKH3_132_140_roi_768x512_final_hsi_rgb_warp\fusion_v2_classical\fused_cube.zarr\0.1.4","REGENERABLE_FUSION_CUBE","8388608","62093A4E5A4E446AF7150DDDF0A04D75C1E62CE41C74ABB89F6C57A544E3A4FE"
"M0-1","E:\Code\Geocore_M0-1_image_fusion","roi_outputs\ZKH3_132_140_roi_768x512_final_hsi_rgb_warp\fusion_v2_classical\fused_cube.zarr\0.1.5","E:\Code\Geocore_M0-1_image_fusion\roi_outputs\ZKH3_132_140_roi_768x512_final_hsi_rgb_warp\fusion_v2_classical\fused_cube.zarr\0.1.5","REGENERABLE_FUSION_CUBE","8388608","CD934E8E0E57C545E0F1D348D50390557B36665AC143CD143F843473C82F287E"
"M0-1","E:\Code\Geocore_M0-1_image_fusion","roi_outputs\ZKH3_132_140_roi_768x512_final_hsi_rgb_warp\fusion_v2_classical\fused_cube.zarr\0.1.6","E:\Code\Geocore_M0-1_image_fusion\roi_outputs\ZKH3_132_140_roi_768x512_final_hsi_rgb_warp\fusion_v2_classical\fused_cube.zarr\0.1.6","REGENERABLE_FUSION_CUBE","8388608","EF7132A5873FC831121AD2DD5B61A8DB2F627043D7C025536FFA4A461165EB79"
"M0-1","E:\Code\Geocore_M0-1_image_fusion","roi_outputs\ZKH3_132_140_roi_768x512_final_hsi_rgb_warp\fusion_v2_classical\fused_cube.zarr\0.1.7","E:\Code\Geocore_M0-1_image_fusion\roi_outputs\ZKH3_132_140_roi_768x512_final_hsi_rgb_warp\fusion_v2_classical\fused_cube.zarr\0.1.7","REGENERABLE_FUSION_CUBE","8388608","91FFD02D84319B7B15C7D6F19284EC436C6862F54335C41169E9FA9D71FB683C"
"M0-1","E:\Code\Geocore_M0-1_image_fusion","roi_outputs\ZKH3_132_140_roi_768x512_final_hsi_rgb_warp\fusion_v2_classical\fused_cube.zarr\0.1.8","E:\Code\Geocore_M0-1_image_fusion\roi_outputs\ZKH3_132_140_roi_768x512_final_hsi_rgb_warp\fusion_v2_classical\fused_cube.zarr\0.1.8","REGENERABLE_FUSION_CUBE","8388608","C9152FBCC91B76E8FF1BFA66E4CE4C2D50C1AB05E34AEA7ECD9280494FB87564"
"M0-1","E:\Code\Geocore_M0-1_image_fusion","roi_outputs\ZKH3_132_140_roi_768x512_final_hsi_rgb_warp\fusion_v2_classical\fused_cube.zarr\0.1.9","E:\Code\Geocore_M0-1_image_fusion\roi_outputs\ZKH3_132_140_roi_768x512_final_hsi_rgb_warp\fusion_v2_classical\fused_cube.zarr\0.1.9","REGENERABLE_FUSION_CUBE","8388608","F1E20484CB910533200DDB8D206DC7F498E7B35100D0E9B74EBC0AD78CC4622A"
"M0-1","E:\Code\Geocore_M0-1_image_fusion","roi_outputs\ZKH3_132_140_roi_768x512_final_hsi_rgb_warp\fusion_v2_classical\fused_cube.zarr\1.0.0","E:\Code\Geocore_M0-1_image_fusion\roi_outputs\ZKH3_132_140_roi_768x512_final_hsi_rgb_warp\fusion_v2_classical\fused_cube.zarr\1.0.0","REGENERABLE_FUSION_CUBE","8388608","AC4E93329284816C6B4FA0DCDD4AD631C7E1F412B8E1A78CED74378376F98AE0"
"M0-1","E:\Code\Geocore_M0-1_image_fusion","roi_outputs\ZKH3_132_140_roi_768x512_final_hsi_rgb_warp\fusion_v2_classical\fused_cube.zarr\1.0.1","E:\Code\Geocore_M0-1_image_fusion\roi_outputs\ZKH3_132_140_roi_768x512_final_hsi_rgb_warp\fusion_v2_classical\fused_cube.zarr\1.0.1","REGENERABLE_FUSION_CUBE","8388608","33DBB30BF435DFB9A321308CDBBB306707E2FEA72B23B18BA7DB375375081E8F"
"M0-1","E:\Code\Geocore_M0-1_image_fusion","roi_outputs\ZKH3_132_140_roi_768x512_final_hsi_rgb_warp\fusion_v2_classical\fused_cube.zarr\1.0.10","E:\Code\Geocore_M0-1_image_fusion\roi_outputs\ZKH3_132_140_roi_768x512_final_hsi_rgb_warp\fusion_v2_classical\fused_cube.zarr\1.0.10","REGENERABLE_FUSION_CUBE","8388608","1D8BA0B749144CF241BB9DF7DDCF5B6DA09CEE11C809845A6F72EF63A0DE3392"
"M0-1","E:\Code\Geocore_M0-1_image_fusion","roi_outputs\ZKH3_132_140_roi_768x512_final_hsi_rgb_warp\fusion_v2_classical\fused_cube.zarr\1.0.11","E:\Code\Geocore_M0-1_image_fusion\roi_outputs\ZKH3_132_140_roi_768x512_final_hsi_rgb_warp\fusion_v2_classical\fused_cube.zarr\1.0.11","REGENERABLE_FUSION_CUBE","8388608","8E0E35B0B407C4ABC9B6F90449ED28DC2F69B4B3A3F67D50BFE87BC8AE25E6FB"
"M0-1","E:\Code\Geocore_M0-1_image_fusion","roi_outputs\ZKH3_132_140_roi_768x512_final_hsi_rgb_warp\fusion_v2_classical\fused_cube.zarr\1.0.12","E:\Code\Geocore_M0-1_image_fusion\roi_outputs\ZKH3_132_140_roi_768x512_final_hsi_rgb_warp\fusion_v2_classical\fused_cube.zarr\1.0.12","REGENERABLE_FUSION_CUBE","8388608","981E1FA14FAC3C47366CCE6EED12286E3D37D05F7E1D9E11C3DC408303875813"
"M0-1","E:\Code\Geocore_M0-1_image_fusion","roi_outputs\ZKH3_132_140_roi_768x512_final_hsi_rgb_warp\fusion_v2_classical\fused_cube.zarr\1.0.13","E:\Code\Geocore_M0-1_image_fusion\roi_outputs\ZKH3_132_140_roi_768x512_final_hsi_rgb_warp\fusion_v2_classical\fused_cube.zarr\1.0.13","REGENERABLE_FUSION_CUBE","8388608","B59F62BC96A05BA12762B53B80016227A1629711D48FEE10E8B64A8B809BB7D2"
"M0-1","E:\Code\Geocore_M0-1_image_fusion","roi_outputs\ZKH3_132_140_roi_768x512_final_hsi_rgb_warp\fusion_v2_classical\fused_cube.zarr\1.0.14","E:\Code\Geocore_M0-1_image_fusion\roi_outputs\ZKH3_132_140_roi_768x512_final_hsi_rgb_warp\fusion_v2_classical\fused_cube.zarr\1.0.14","REGENERABLE_FUSION_CUBE","8388608","13584BE249B3F3466A5934E15EA7983178E87358AF680DA26350F37C0DD1DDC5"
"M0-1","E:\Code\Geocore_M0-1_image_fusion","roi_outputs\ZKH3_132_140_roi_768x512_final_hsi_rgb_warp\fusion_v2_classical\fused_cube.zarr\1.0.15","E:\Code\Geocore_M0-1_image_fusion\roi_outputs\ZKH3_132_140_roi_768x512_final_hsi_rgb_warp\fusion_v2_classical\fused_cube.zarr\1.0.15","REGENERABLE_FUSION_CUBE","8388608","AAA5C93B6D69FFEDE7F9FC11EABE7BB8BC7A54AC6D35FDE4EC5F4D02C080C85D"
"M0-1","E:\Code\Geocore_M0-1_image_fusion","roi_outputs\ZKH3_132_140_roi_768x512_final_hsi_rgb_warp\fusion_v2_classical\fused_cube.zarr\1.0.16","E:\Code\Geocore_M0-1_image_fusion\roi_outputs\ZKH3_132_140_roi_768x512_final_hsi_rgb_warp\fusion_v2_classical\fused_cube.zarr\1.0.16","REGENERABLE_FUSION_CUBE","8388608","5D4423D05B61542DC6A717F2DBFDF6D1207A15260F8B0BB055500456623885ED"
"M0-1","E:\Code\Geocore_M0-1_image_fusion","roi_outputs\ZKH3_132_140_roi_768x512_final_hsi_rgb_warp\fusion_v2_classical\fused_cube.zarr\1.0.17","E:\Code\Geocore_M0-1_image_fusion\roi_outputs\ZKH3_132_140_roi_768x512_final_hsi_rgb_warp\fusion_v2_classical\fused_cube.zarr\1.0.17","REGENERABLE_FUSION_CUBE","8388608","778696A6283AA759F20B2199F1FE78BE2911696C7C16FEE90644032D7932D918"
"M0-1","E:\Code\Geocore_M0-1_image_fusion","roi_outputs\ZKH3_132_140_roi_768x512_final_hsi_rgb_warp\fusion_v2_classical\fused_cube.zarr\1.0.2","E:\Code\Geocore_M0-1_image_fusion\roi_outputs\ZKH3_132_140_roi_768x512_final_hsi_rgb_warp\fusion_v2_classical\fused_cube.zarr\1.0.2","REGENERABLE_FUSION_CUBE","8388608","A74577457F6890FA907A7F76B9089EDB7E14DC0CBB7682D715B1E7A487E1B885"
"M0-1","E:\Code\Geocore_M0-1_image_fusion","roi_outputs\ZKH3_132_140_roi_768x512_final_hsi_rgb_warp\fusion_v2_classical\fused_cube.zarr\1.0.3","E:\Code\Geocore_M0-1_image_fusion\roi_outputs\ZKH3_132_140_roi_768x512_final_hsi_rgb_warp\fusion_v2_classical\fused_cube.zarr\1.0.3","REGENERABLE_FUSION_CUBE","8388608","BDC075A44C76727809399511BC955CA29690347AE08368B27727F5411872A8EF"
"M0-1","E:\Code\Geocore_M0-1_image_fusion","roi_outputs\ZKH3_132_140_roi_768x512_final_hsi_rgb_warp\fusion_v2_classical\fused_cube.zarr\1.0.4","E:\Code\Geocore_M0-1_image_fusion\roi_outputs\ZKH3_132_140_roi_768x512_final_hsi_rgb_warp\fusion_v2_classical\fused_cube.zarr\1.0.4","REGENERABLE_FUSION_CUBE","8388608","DEB780CCB578263792FE1939A6DE68DE6634ABD7CEA3ACD543C26ACCD2EDFF14"
"M0-1","E:\Code\Geocore_M0-1_image_fusion","roi_outputs\ZKH3_132_140_roi_768x512_final_hsi_rgb_warp\fusion_v2_classical\fused_cube.zarr\1.0.5","E:\Code\Geocore_M0-1_image_fusion\roi_outputs\ZKH3_132_140_roi_768x512_final_hsi_rgb_warp\fusion_v2_classical\fused_cube.zarr\1.0.5","REGENERABLE_FUSION_CUBE","8388608","EA6F165434976CB34EE764158FBDFFCC27D99DE52795BEE4589AA43CEACF701B"
"M0-1","E:\Code\Geocore_M0-1_image_fusion","roi_outputs\ZKH3_132_140_roi_768x512_final_hsi_rgb_warp\fusion_v2_classical\fused_cube.zarr\1.0.6","E:\Code\Geocore_M0-1_image_fusion\roi_outputs\ZKH3_132_140_roi_768x512_final_hsi_rgb_warp\fusion_v2_classical\fused_cube.zarr\1.0.6","REGENERABLE_FUSION_CUBE","8388608","16F594C59F0B4830455E2C337F74BC14C7D23248DC284201790638A86A57540C"
"M0-1","E:\Code\Geocore_M0-1_image_fusion","roi_outputs\ZKH3_132_140_roi_768x512_final_hsi_rgb_warp\fusion_v2_classical\fused_cube.zarr\1.0.7","E:\Code\Geocore_M0-1_image_fusion\roi_outputs\ZKH3_132_140_roi_768x512_final_hsi_rgb_warp\fusion_v2_classical\fused_cube.zarr\1.0.7","REGENERABLE_FUSION_CUBE","8388608","98E96202F20DCE5726673B63E06CC201BF6F7630060FEEF1CD0003A7C4EEFA85"
"M0-1","E:\Code\Geocore_M0-1_image_fusion","roi_outputs\ZKH3_132_140_roi_768x512_final_hsi_rgb_warp\fusion_v2_classical\fused_cube.zarr\1.0.8","E:\Code\Geocore_M0-1_image_fusion\roi_outputs\ZKH3_132_140_roi_768x512_final_hsi_rgb_warp\fusion_v2_classical\fused_cube.zarr\1.0.8","REGENERABLE_FUSION_CUBE","8388608","BFA7815303B509DAFAE03AF5CB1D213CA20A861DC3C85926A4764386F9748A54"
"M0-1","E:\Code\Geocore_M0-1_image_fusion","roi_outputs\ZKH3_132_140_roi_768x512_final_hsi_rgb_warp\fusion_v2_classical\fused_cube.zarr\1.0.9","E:\Code\Geocore_M0-1_image_fusion\roi_outputs\ZKH3_132_140_roi_768x512_final_hsi_rgb_warp\fusion_v2_classical\fused_cube.zarr\1.0.9","REGENERABLE_FUSION_CUBE","8388608","8614E878C35E7A5C76988778147AD89819DF8D2F05A69128EFD18E1934B568C2"
"M0-1","E:\Code\Geocore_M0-1_image_fusion","roi_outputs\ZKH3_132_140_roi_768x512_final_hsi_rgb_warp\fusion_v2_classical\fused_cube.zarr\1.1.0","E:\Code\Geocore_M0-1_image_fusion\roi_outputs\ZKH3_132_140_roi_768x512_final_hsi_rgb_warp\fusion_v2_classical\fused_cube.zarr\1.1.0","REGENERABLE_FUSION_CUBE","8388608","560F0CDE5D273605F01175A24C605676DA373059E11B1E5768711E6BEAFF80FE"
"M0-1","E:\Code\Geocore_M0-1_image_fusion","roi_outputs\ZKH3_132_140_roi_768x512_final_hsi_rgb_warp\fusion_v2_classical\fused_cube.zarr\1.1.1","E:\Code\Geocore_M0-1_image_fusion\roi_outputs\ZKH3_132_140_roi_768x512_final_hsi_rgb_warp\fusion_v2_classical\fused_cube.zarr\1.1.1","REGENERABLE_FUSION_CUBE","8388608","6C3C600E5555F136B9DB3406C1355040732D13B0F7386C6B4414891F7A4ED33D"
"M0-1","E:\Code\Geocore_M0-1_image_fusion","roi_outputs\ZKH3_132_140_roi_768x512_final_hsi_rgb_warp\fusion_v2_classical\fused_cube.zarr\1.1.10","E:\Code\Geocore_M0-1_image_fusion\roi_outputs\ZKH3_132_140_roi_768x512_final_hsi_rgb_warp\fusion_v2_classical\fused_cube.zarr\1.1.10","REGENERABLE_FUSION_CUBE","8388608","A635981B7B9E65B0DCE4B6846DE7E6CA0FEADECB21674BA44E00AE988EEECDEF"
"M0-1","E:\Code\Geocore_M0-1_image_fusion","roi_outputs\ZKH3_132_140_roi_768x512_final_hsi_rgb_warp\fusion_v2_classical\fused_cube.zarr\1.1.11","E:\Code\Geocore_M0-1_image_fusion\roi_outputs\ZKH3_132_140_roi_768x512_final_hsi_rgb_warp\fusion_v2_classical\fused_cube.zarr\1.1.11","REGENERABLE_FUSION_CUBE","8388608","F908B5B77506E73B86E793D8804A6DC11455D22392DF8107D2487C63A3F9B4B6"
"M0-1","E:\Code\Geocore_M0-1_image_fusion","roi_outputs\ZKH3_132_140_roi_768x512_final_hsi_rgb_warp\fusion_v2_classical\fused_cube.zarr\1.1.12","E:\Code\Geocore_M0-1_image_fusion\roi_outputs\ZKH3_132_140_roi_768x512_final_hsi_rgb_warp\fusion_v2_classical\fused_cube.zarr\1.1.12","REGENERABLE_FUSION_CUBE","8388608","833F78132E8556CD77D3CBEED125C9A6764622A735462CD355617D0D8E097B04"
"M0-1","E:\Code\Geocore_M0-1_image_fusion","roi_outputs\ZKH3_132_140_roi_768x512_final_hsi_rgb_warp\fusion_v2_classical\fused_cube.zarr\1.1.13","E:\Code\Geocore_M0-1_image_fusion\roi_outputs\ZKH3_132_140_roi_768x512_final_hsi_rgb_warp\fusion_v2_classical\fused_cube.zarr\1.1.13","REGENERABLE_FUSION_CUBE","8388608","DD670BF3F2F647C7747FAAB0DD18563B1D76DA65C82FB75B644E3DE03F07364B"
"M0-1","E:\Code\Geocore_M0-1_image_fusion","roi_outputs\ZKH3_132_140_roi_768x512_final_hsi_rgb_warp\fusion_v2_classical\fused_cube.zarr\1.1.14","E:\Code\Geocore_M0-1_image_fusion\roi_outputs\ZKH3_132_140_roi_768x512_final_hsi_rgb_warp\fusion_v2_classical\fused_cube.zarr\1.1.14","REGENERABLE_FUSION_CUBE","8388608","9E9E4BE254472EAE21B6769DCFFCD3499B5500B2BD6FB32016354DDCF7A718BD"
"M0-1","E:\Code\Geocore_M0-1_image_fusion","roi_outputs\ZKH3_132_140_roi_768x512_final_hsi_rgb_warp\fusion_v2_classical\fused_cube.zarr\1.1.15","E:\Code\Geocore_M0-1_image_fusion\roi_outputs\ZKH3_132_140_roi_768x512_final_hsi_rgb_warp\fusion_v2_classical\fused_cube.zarr\1.1.15","REGENERABLE_FUSION_CUBE","8388608","48D56ED39F505671512729D5FE814D5F48D62AD83653416A35169C751A2F12D6"
"M0-1","E:\Code\Geocore_M0-1_image_fusion","roi_outputs\ZKH3_132_140_roi_768x512_final_hsi_rgb_warp\fusion_v2_classical\fused_cube.zarr\1.1.16","E:\Code\Geocore_M0-1_image_fusion\roi_outputs\ZKH3_132_140_roi_768x512_final_hsi_rgb_warp\fusion_v2_classical\fused_cube.zarr\1.1.16","REGENERABLE_FUSION_CUBE","8388608","20268126AAE0B64C52AC141DFC6202C0AC170BB6D492DCA1650A7177CB052F61"
"M0-1","E:\Code\Geocore_M0-1_image_fusion","roi_outputs\ZKH3_132_140_roi_768x512_final_hsi_rgb_warp\fusion_v2_classical\fused_cube.zarr\1.1.17","E:\Code\Geocore_M0-1_image_fusion\roi_outputs\ZKH3_132_140_roi_768x512_final_hsi_rgb_warp\fusion_v2_classical\fused_cube.zarr\1.1.17","REGENERABLE_FUSION_CUBE","8388608","29AF2468776D30AB300C0837DC6517A3C2596050921A4191A5637176618C2204"
"M0-1","E:\Code\Geocore_M0-1_image_fusion","roi_outputs\ZKH3_132_140_roi_768x512_final_hsi_rgb_warp\fusion_v2_classical\fused_cube.zarr\1.1.2","E:\Code\Geocore_M0-1_image_fusion\roi_outputs\ZKH3_132_140_roi_768x512_final_hsi_rgb_warp\fusion_v2_classical\fused_cube.zarr\1.1.2","REGENERABLE_FUSION_CUBE","8388608","298898FE7857FB8EEA2D613BAB5C554096AC21DC8ACA6329AA3EB42440BA99DA"
"M0-1","E:\Code\Geocore_M0-1_image_fusion","roi_outputs\ZKH3_132_140_roi_768x512_final_hsi_rgb_warp\fusion_v2_classical\fused_cube.zarr\1.1.3","E:\Code\Geocore_M0-1_image_fusion\roi_outputs\ZKH3_132_140_roi_768x512_final_hsi_rgb_warp\fusion_v2_classical\fused_cube.zarr\1.1.3","REGENERABLE_FUSION_CUBE","8388608","FCBDB179A68BDDFA238173F795152538283071D5E4ADBE29515464CF1E7191AF"
"M0-1","E:\Code\Geocore_M0-1_image_fusion","roi_outputs\ZKH3_132_140_roi_768x512_final_hsi_rgb_warp\fusion_v2_classical\fused_cube.zarr\1.1.4","E:\Code\Geocore_M0-1_image_fusion\roi_outputs\ZKH3_132_140_roi_768x512_final_hsi_rgb_warp\fusion_v2_classical\fused_cube.zarr\1.1.4","REGENERABLE_FUSION_CUBE","8388608","0BE4864978DA88CF617F0329A2A1B50D517D933D785485C98C876B15860879A7"
"M0-1","E:\Code\Geocore_M0-1_image_fusion","roi_outputs\ZKH3_132_140_roi_768x512_final_hsi_rgb_warp\fusion_v2_classical\fused_cube.zarr\1.1.5","E:\Code\Geocore_M0-1_image_fusion\roi_outputs\ZKH3_132_140_roi_768x512_final_hsi_rgb_warp\fusion_v2_classical\fused_cube.zarr\1.1.5","REGENERABLE_FUSION_CUBE","8388608","6CD6A36A6902CCC26DEB3A1725643A680AC85A2B30EB2225C2295E13B95AF1C9"
"M0-1","E:\Code\Geocore_M0-1_image_fusion","roi_outputs\ZKH3_132_140_roi_768x512_final_hsi_rgb_warp\fusion_v2_classical\fused_cube.zarr\1.1.6","E:\Code\Geocore_M0-1_image_fusion\roi_outputs\ZKH3_132_140_roi_768x512_final_hsi_rgb_warp\fusion_v2_classical\fused_cube.zarr\1.1.6","REGENERABLE_FUSION_CUBE","8388608","C215E149FDE13D30D5EEA3C012ED251FC174DC1DFA886441D88DA9153A5B0CB7"
"M0-1","E:\Code\Geocore_M0-1_image_fusion","roi_outputs\ZKH3_132_140_roi_768x512_final_hsi_rgb_warp\fusion_v2_classical\fused_cube.zarr\1.1.7","E:\Code\Geocore_M0-1_image_fusion\roi_outputs\ZKH3_132_140_roi_768x512_final_hsi_rgb_warp\fusion_v2_classical\fused_cube.zarr\1.1.7","REGENERABLE_FUSION_CUBE","8388608","B7FD13896FF930E02BA405E1140E2112A361985B8A1D78D06A7094094B2DC8E0"
"M0-1","E:\Code\Geocore_M0-1_image_fusion","roi_outputs\ZKH3_132_140_roi_768x512_final_hsi_rgb_warp\fusion_v2_classical\fused_cube.zarr\1.1.8","E:\Code\Geocore_M0-1_image_fusion\roi_outputs\ZKH3_132_140_roi_768x512_final_hsi_rgb_warp\fusion_v2_classical\fused_cube.zarr\1.1.8","REGENERABLE_FUSION_CUBE","8388608","9F83513736DEBCF95375B7AE4EA47E3EB871E4F08A4F7D1623FF4110A8A2580A"
"M0-1","E:\Code\Geocore_M0-1_image_fusion","roi_outputs\ZKH3_132_140_roi_768x512_final_hsi_rgb_warp\fusion_v2_classical\fused_cube.zarr\1.1.9","E:\Code\Geocore_M0-1_image_fusion\roi_outputs\ZKH3_132_140_roi_768x512_final_hsi_rgb_warp\fusion_v2_classical\fused_cube.zarr\1.1.9","REGENERABLE_FUSION_CUBE","8388608","46E3116A91E13D249CDFDA76E0AC48EEA659CA28A8D60DE74684D531204F9D60"
"M0-1","E:\Code\Geocore_M0-1_image_fusion","roi_outputs\ZKH3_132_140_roi_768x512_final_hsi_rgb_warp\fusion_v2_classical\fused_cube.zarr\2.0.0","E:\Code\Geocore_M0-1_image_fusion\roi_outputs\ZKH3_132_140_roi_768x512_final_hsi_rgb_warp\fusion_v2_classical\fused_cube.zarr\2.0.0","REGENERABLE_FUSION_CUBE","8388608","CCB20166070C48EA8158E65EAAEC3ED1AA0DFBCA09573448853A30B818A9BEC7"
"M0-1","E:\Code\Geocore_M0-1_image_fusion","roi_outputs\ZKH3_132_140_roi_768x512_final_hsi_rgb_warp\fusion_v2_classical\fused_cube.zarr\2.0.1","E:\Code\Geocore_M0-1_image_fusion\roi_outputs\ZKH3_132_140_roi_768x512_final_hsi_rgb_warp\fusion_v2_classical\fused_cube.zarr\2.0.1","REGENERABLE_FUSION_CUBE","8388608","8DE4F2F8614AAE066D13B0EFA9507E249CC6C15B207E677185E8751A2955C798"
"M0-1","E:\Code\Geocore_M0-1_image_fusion","roi_outputs\ZKH3_132_140_roi_768x512_final_hsi_rgb_warp\fusion_v2_classical\fused_cube.zarr\2.0.10","E:\Code\Geocore_M0-1_image_fusion\roi_outputs\ZKH3_132_140_roi_768x512_final_hsi_rgb_warp\fusion_v2_classical\fused_cube.zarr\2.0.10","REGENERABLE_FUSION_CUBE","8388608","96694A02F3842F95DB7984C48FEE2C1922B996824A66DD8873497FDD90297190"
"M0-1","E:\Code\Geocore_M0-1_image_fusion","roi_outputs\ZKH3_132_140_roi_768x512_final_hsi_rgb_warp\fusion_v2_classical\fused_cube.zarr\2.0.11","E:\Code\Geocore_M0-1_image_fusion\roi_outputs\ZKH3_132_140_roi_768x512_final_hsi_rgb_warp\fusion_v2_classical\fused_cube.zarr\2.0.11","REGENERABLE_FUSION_CUBE","8388608","FDA5EE938E82F0699489B7F0A32B139606E906285D52F0A425183DD944447B09"
"M0-1","E:\Code\Geocore_M0-1_image_fusion","roi_outputs\ZKH3_132_140_roi_768x512_final_hsi_rgb_warp\fusion_v2_classical\fused_cube.zarr\2.0.12","E:\Code\Geocore_M0-1_image_fusion\roi_outputs\ZKH3_132_140_roi_768x512_final_hsi_rgb_warp\fusion_v2_classical\fused_cube.zarr\2.0.12","REGENERABLE_FUSION_CUBE","8388608","429D2BECB7DADC0D4848E80E23315238FD5E70D0204E162F476B4953E939DDFA"
"M0-1","E:\Code\Geocore_M0-1_image_fusion","roi_outputs\ZKH3_132_140_roi_768x512_final_hsi_rgb_warp\fusion_v2_classical\fused_cube.zarr\2.0.13","E:\Code\Geocore_M0-1_image_fusion\roi_outputs\ZKH3_132_140_roi_768x512_final_hsi_rgb_warp\fusion_v2_classical\fused_cube.zarr\2.0.13","REGENERABLE_FUSION_CUBE","8388608","B1140B1D9703427F17B86FFBF77746E12311F893E6C178BEF20EED314619F8E1"
"M0-1","E:\Code\Geocore_M0-1_image_fusion","roi_outputs\ZKH3_132_140_roi_768x512_final_hsi_rgb_warp\fusion_v2_classical\fused_cube.zarr\2.0.14","E:\Code\Geocore_M0-1_image_fusion\roi_outputs\ZKH3_132_140_roi_768x512_final_hsi_rgb_warp\fusion_v2_classical\fused_cube.zarr\2.0.14","REGENERABLE_FUSION_CUBE","8388608","5ABFDF59E435961D6E21974B3147E55D395A843462F63DE942AE008772D01979"
"M0-1","E:\Code\Geocore_M0-1_image_fusion","roi_outputs\ZKH3_132_140_roi_768x512_final_hsi_rgb_warp\fusion_v2_classical\fused_cube.zarr\2.0.15","E:\Code\Geocore_M0-1_image_fusion\roi_outputs\ZKH3_132_140_roi_768x512_final_hsi_rgb_warp\fusion_v2_classical\fused_cube.zarr\2.0.15","REGENERABLE_FUSION_CUBE","8388608","902A8613697A47498A1FCE63704C914392140042E962F4703D8F0858468035A2"
"M0-1","E:\Code\Geocore_M0-1_image_fusion","roi_outputs\ZKH3_132_140_roi_768x512_final_hsi_rgb_warp\fusion_v2_classical\fused_cube.zarr\2.0.16","E:\Code\Geocore_M0-1_image_fusion\roi_outputs\ZKH3_132_140_roi_768x512_final_hsi_rgb_warp\fusion_v2_classical\fused_cube.zarr\2.0.16","REGENERABLE_FUSION_CUBE","8388608","B10A72A67E5E96908C2E3687CEE8180DB43A9E8F21A0C4713E5F45B6D2632546"
"M0-1","E:\Code\Geocore_M0-1_image_fusion","roi_outputs\ZKH3_132_140_roi_768x512_final_hsi_rgb_warp\fusion_v2_classical\fused_cube.zarr\2.0.17","E:\Code\Geocore_M0-1_image_fusion\roi_outputs\ZKH3_132_140_roi_768x512_final_hsi_rgb_warp\fusion_v2_classical\fused_cube.zarr\2.0.17","REGENERABLE_FUSION_CUBE","8388608","CA763578EBD278F47E67691566C5CFB72B08BF99AF569811291F9E1244D20DD4"
"M0-1","E:\Code\Geocore_M0-1_image_fusion","roi_outputs\ZKH3_132_140_roi_768x512_final_hsi_rgb_warp\fusion_v2_classical\fused_cube.zarr\2.0.2","E:\Code\Geocore_M0-1_image_fusion\roi_outputs\ZKH3_132_140_roi_768x512_final_hsi_rgb_warp\fusion_v2_classical\fused_cube.zarr\2.0.2","REGENERABLE_FUSION_CUBE","8388608","2C69F163D8C5F837860F89AA00D4079E9780D0DD3FA0E2BCDE4C9D448E39D8CC"
"M0-1","E:\Code\Geocore_M0-1_image_fusion","roi_outputs\ZKH3_132_140_roi_768x512_final_hsi_rgb_warp\fusion_v2_classical\fused_cube.zarr\2.0.3","E:\Code\Geocore_M0-1_image_fusion\roi_outputs\ZKH3_132_140_roi_768x512_final_hsi_rgb_warp\fusion_v2_classical\fused_cube.zarr\2.0.3","REGENERABLE_FUSION_CUBE","8388608","8FA0FF5893FF8C7DC0C3B19C27FD4BB8D0A2E584D540FCAFB4C5863F586A18E1"
"M0-1","E:\Code\Geocore_M0-1_image_fusion","roi_outputs\ZKH3_132_140_roi_768x512_final_hsi_rgb_warp\fusion_v2_classical\fused_cube.zarr\2.0.4","E:\Code\Geocore_M0-1_image_fusion\roi_outputs\ZKH3_132_140_roi_768x512_final_hsi_rgb_warp\fusion_v2_classical\fused_cube.zarr\2.0.4","REGENERABLE_FUSION_CUBE","8388608","BD845ED236170F6A88FA8507AB460B7F29F8A66DD1173BD4EFEAF729250A5144"
"M0-1","E:\Code\Geocore_M0-1_image_fusion","roi_outputs\ZKH3_132_140_roi_768x512_final_hsi_rgb_warp\fusion_v2_classical\fused_cube.zarr\2.0.5","E:\Code\Geocore_M0-1_image_fusion\roi_outputs\ZKH3_132_140_roi_768x512_final_hsi_rgb_warp\fusion_v2_classical\fused_cube.zarr\2.0.5","REGENERABLE_FUSION_CUBE","8388608","D3371EDDFEA271DAF3347DBB24AEC83DD995030CCE2B9D6EE24F8D16670D7181"
"M0-1","E:\Code\Geocore_M0-1_image_fusion","roi_outputs\ZKH3_132_140_roi_768x512_final_hsi_rgb_warp\fusion_v2_classical\fused_cube.zarr\2.0.6","E:\Code\Geocore_M0-1_image_fusion\roi_outputs\ZKH3_132_140_roi_768x512_final_hsi_rgb_warp\fusion_v2_classical\fused_cube.zarr\2.0.6","REGENERABLE_FUSION_CUBE","8388608","0E8E921C2CCC8F7E93B3F7BBFF69CF239CB298563B780D861ADCD9022324A00C"
"M0-1","E:\Code\Geocore_M0-1_image_fusion","roi_outputs\ZKH3_132_140_roi_768x512_final_hsi_rgb_warp\fusion_v2_classical\fused_cube.zarr\2.0.7","E:\Code\Geocore_M0-1_image_fusion\roi_outputs\ZKH3_132_140_roi_768x512_final_hsi_rgb_warp\fusion_v2_classical\fused_cube.zarr\2.0.7","REGENERABLE_FUSION_CUBE","8388608","BF9ACCF6BAB857BB02B1DF86F916326DC6B066B695A1E1FFD951740A6B702482"
"M0-1","E:\Code\Geocore_M0-1_image_fusion","roi_outputs\ZKH3_132_140_roi_768x512_final_hsi_rgb_warp\fusion_v2_classical\fused_cube.zarr\2.0.8","E:\Code\Geocore_M0-1_image_fusion\roi_outputs\ZKH3_132_140_roi_768x512_final_hsi_rgb_warp\fusion_v2_classical\fused_cube.zarr\2.0.8","REGENERABLE_FUSION_CUBE","8388608","4D2E60E98A4CB1D773F6F24755291AA57ECF065B1B2B8F25224288FE69E4D665"
"M0-1","E:\Code\Geocore_M0-1_image_fusion","roi_outputs\ZKH3_132_140_roi_768x512_final_hsi_rgb_warp\fusion_v2_classical\fused_cube.zarr\2.0.9","E:\Code\Geocore_M0-1_image_fusion\roi_outputs\ZKH3_132_140_roi_768x512_final_hsi_rgb_warp\fusion_v2_classical\fused_cube.zarr\2.0.9","REGENERABLE_FUSION_CUBE","8388608","87E8AC6B3C17A2D5B0E9128210532DAD55E5A10BBDD92A07C36E72CB44054ECD"
"M0-1","E:\Code\Geocore_M0-1_image_fusion","roi_outputs\ZKH3_132_140_roi_768x512_final_hsi_rgb_warp\fusion_v2_classical\fused_cube.zarr\2.1.0","E:\Code\Geocore_M0-1_image_fusion\roi_outputs\ZKH3_132_140_roi_768x512_final_hsi_rgb_warp\fusion_v2_classical\fused_cube.zarr\2.1.0","REGENERABLE_FUSION_CUBE","8388608","08C162A3BFBFE656FA817EECCBEA017B74F8629B7E737B9AE18294A0F83A4D0F"
"M0-1","E:\Code\Geocore_M0-1_image_fusion","roi_outputs\ZKH3_132_140_roi_768x512_final_hsi_rgb_warp\fusion_v2_classical\fused_cube.zarr\2.1.1","E:\Code\Geocore_M0-1_image_fusion\roi_outputs\ZKH3_132_140_roi_768x512_final_hsi_rgb_warp\fusion_v2_classical\fused_cube.zarr\2.1.1","REGENERABLE_FUSION_CUBE","8388608","CF8AB57F5B7A80AE3CBAC9433B75087B8A9BF3F7161F3B607C8F691D415ABBB9"
"M0-1","E:\Code\Geocore_M0-1_image_fusion","roi_outputs\ZKH3_132_140_roi_768x512_final_hsi_rgb_warp\fusion_v2_classical\fused_cube.zarr\2.1.10","E:\Code\Geocore_M0-1_image_fusion\roi_outputs\ZKH3_132_140_roi_768x512_final_hsi_rgb_warp\fusion_v2_classical\fused_cube.zarr\2.1.10","REGENERABLE_FUSION_CUBE","8388608","2A05007F4D2ADCBDE33F324101EABC4C231E9B7411141EEFD82EDF85DF31DAE5"
"M0-1","E:\Code\Geocore_M0-1_image_fusion","roi_outputs\ZKH3_132_140_roi_768x512_final_hsi_rgb_warp\fusion_v2_classical\fused_cube.zarr\2.1.11","E:\Code\Geocore_M0-1_image_fusion\roi_outputs\ZKH3_132_140_roi_768x512_final_hsi_rgb_warp\fusion_v2_classical\fused_cube.zarr\2.1.11","REGENERABLE_FUSION_CUBE","8388608","3C32534E5960AED563B0779713A4DDEF17A0216954870932F6B6E5551389B60F"
"M0-1","E:\Code\Geocore_M0-1_image_fusion","roi_outputs\ZKH3_132_140_roi_768x512_final_hsi_rgb_warp\fusion_v2_classical\fused_cube.zarr\2.1.12","E:\Code\Geocore_M0-1_image_fusion\roi_outputs\ZKH3_132_140_roi_768x512_final_hsi_rgb_warp\fusion_v2_classical\fused_cube.zarr\2.1.12","REGENERABLE_FUSION_CUBE","8388608","DDD5AE8149CD0CD3F9CA03D30D6BCCB5DB869DA949E622A23F233809EBDD7F52"
"M0-1","E:\Code\Geocore_M0-1_image_fusion","roi_outputs\ZKH3_132_140_roi_768x512_final_hsi_rgb_warp\fusion_v2_classical\fused_cube.zarr\2.1.13","E:\Code\Geocore_M0-1_image_fusion\roi_outputs\ZKH3_132_140_roi_768x512_final_hsi_rgb_warp\fusion_v2_classical\fused_cube.zarr\2.1.13","REGENERABLE_FUSION_CUBE","8388608","0D831C7A97B18EC2F1555D5F3E05FFD66C68B1739FCC92923AB280FD9AE690B9"
"M0-1","E:\Code\Geocore_M0-1_image_fusion","roi_outputs\ZKH3_132_140_roi_768x512_final_hsi_rgb_warp\fusion_v2_classical\fused_cube.zarr\2.1.14","E:\Code\Geocore_M0-1_image_fusion\roi_outputs\ZKH3_132_140_roi_768x512_final_hsi_rgb_warp\fusion_v2_classical\fused_cube.zarr\2.1.14","REGENERABLE_FUSION_CUBE","8388608","87E6B4321258E204A116D8C993A20BE71A175162F541E3A80E7C28DDE30383AA"
"M0-1","E:\Code\Geocore_M0-1_image_fusion","roi_outputs\ZKH3_132_140_roi_768x512_final_hsi_rgb_warp\fusion_v2_classical\fused_cube.zarr\2.1.15","E:\Code\Geocore_M0-1_image_fusion\roi_outputs\ZKH3_132_140_roi_768x512_final_hsi_rgb_warp\fusion_v2_classical\fused_cube.zarr\2.1.15","REGENERABLE_FUSION_CUBE","8388608","CFDCFCCC00C0458D510F12A5F323B3147E39BE657CADCF5A0C32B3443F71926A"
"M0-1","E:\Code\Geocore_M0-1_image_fusion","roi_outputs\ZKH3_132_140_roi_768x512_final_hsi_rgb_warp\fusion_v2_classical\fused_cube.zarr\2.1.16","E:\Code\Geocore_M0-1_image_fusion\roi_outputs\ZKH3_132_140_roi_768x512_final_hsi_rgb_warp\fusion_v2_classical\fused_cube.zarr\2.1.16","REGENERABLE_FUSION_CUBE","8388608","A26AAE00FE38EDCDB0B56403EA5D4804BC6225DA7E910F697C64EA78F19AEAF1"
"M0-1","E:\Code\Geocore_M0-1_image_fusion","roi_outputs\ZKH3_132_140_roi_768x512_final_hsi_rgb_warp\fusion_v2_classical\fused_cube.zarr\2.1.17","E:\Code\Geocore_M0-1_image_fusion\roi_outputs\ZKH3_132_140_roi_768x512_final_hsi_rgb_warp\fusion_v2_classical\fused_cube.zarr\2.1.17","REGENERABLE_FUSION_CUBE","8388608","9A720B9DF174863C42527F4B400ED89F464F05DD648093696262E978AD41F68A"
"M0-1","E:\Code\Geocore_M0-1_image_fusion","roi_outputs\ZKH3_132_140_roi_768x512_final_hsi_rgb_warp\fusion_v2_classical\fused_cube.zarr\2.1.2","E:\Code\Geocore_M0-1_image_fusion\roi_outputs\ZKH3_132_140_roi_768x512_final_hsi_rgb_warp\fusion_v2_classical\fused_cube.zarr\2.1.2","REGENERABLE_FUSION_CUBE","8388608","AFE4A61C256BC0C07C93193981DCC92FD3445D94008064A7FEB1FE645568D3AD"
"M0-1","E:\Code\Geocore_M0-1_image_fusion","roi_outputs\ZKH3_132_140_roi_768x512_final_hsi_rgb_warp\fusion_v2_classical\fused_cube.zarr\2.1.3","E:\Code\Geocore_M0-1_image_fusion\roi_outputs\ZKH3_132_140_roi_768x512_final_hsi_rgb_warp\fusion_v2_classical\fused_cube.zarr\2.1.3","REGENERABLE_FUSION_CUBE","8388608","414755FC47CFC2336F0E277B6F690D1A10ACA75E8A1F3959E9B0413F03C4561E"
"M0-1","E:\Code\Geocore_M0-1_image_fusion","roi_outputs\ZKH3_132_140_roi_768x512_final_hsi_rgb_warp\fusion_v2_classical\fused_cube.zarr\2.1.4","E:\Code\Geocore_M0-1_image_fusion\roi_outputs\ZKH3_132_140_roi_768x512_final_hsi_rgb_warp\fusion_v2_classical\fused_cube.zarr\2.1.4","REGENERABLE_FUSION_CUBE","8388608","82382F52AC00BD4658B86B73878BA6E85E254D64751D867CD479476D29F93E3B"
"M0-1","E:\Code\Geocore_M0-1_image_fusion","roi_outputs\ZKH3_132_140_roi_768x512_final_hsi_rgb_warp\fusion_v2_classical\fused_cube.zarr\2.1.5","E:\Code\Geocore_M0-1_image_fusion\roi_outputs\ZKH3_132_140_roi_768x512_final_hsi_rgb_warp\fusion_v2_classical\fused_cube.zarr\2.1.5","REGENERABLE_FUSION_CUBE","8388608","00B16A513588A4656BB395298B8123436BBB1DAAB7627DA5103981A915909C11"
"M0-1","E:\Code\Geocore_M0-1_image_fusion","roi_outputs\ZKH3_132_140_roi_768x512_final_hsi_rgb_warp\fusion_v2_classical\fused_cube.zarr\2.1.6","E:\Code\Geocore_M0-1_image_fusion\roi_outputs\ZKH3_132_140_roi_768x512_final_hsi_rgb_warp\fusion_v2_classical\fused_cube.zarr\2.1.6","REGENERABLE_FUSION_CUBE","8388608","AB915423F3A4EB11D22EBE0DCC67D0B4FA43DE05B7AB33273F2E7F1792978292"
"M0-1","E:\Code\Geocore_M0-1_image_fusion","roi_outputs\ZKH3_132_140_roi_768x512_final_hsi_rgb_warp\fusion_v2_classical\fused_cube.zarr\2.1.7","E:\Code\Geocore_M0-1_image_fusion\roi_outputs\ZKH3_132_140_roi_768x512_final_hsi_rgb_warp\fusion_v2_classical\fused_cube.zarr\2.1.7","REGENERABLE_FUSION_CUBE","8388608","0C9F12C91F0D1E212C9E16849ED2B7D982F48EDDB94B04C1B87DF02106753AD6"
"M0-1","E:\Code\Geocore_M0-1_image_fusion","roi_outputs\ZKH3_132_140_roi_768x512_final_hsi_rgb_warp\fusion_v2_classical\fused_cube.zarr\2.1.8","E:\Code\Geocore_M0-1_image_fusion\roi_outputs\ZKH3_132_140_roi_768x512_final_hsi_rgb_warp\fusion_v2_classical\fused_cube.zarr\2.1.8","REGENERABLE_FUSION_CUBE","8388608","DFEDCC6CE1E6F2FE31E0F21043D14011A22C1DFFF001D367679A6A41474041F9"
"M0-1","E:\Code\Geocore_M0-1_image_fusion","roi_outputs\ZKH3_132_140_roi_768x512_final_hsi_rgb_warp\fusion_v2_classical\fused_cube.zarr\2.1.9","E:\Code\Geocore_M0-1_image_fusion\roi_outputs\ZKH3_132_140_roi_768x512_final_hsi_rgb_warp\fusion_v2_classical\fused_cube.zarr\2.1.9","REGENERABLE_FUSION_CUBE","8388608","9A564990E7B9C1DD51ABAFF3F14DBA5F15EF988EFBC1AD93E41AE2D6A2BF8458"
"M0-1","E:\Code\Geocore_M0-1_image_fusion","roi_outputs\ZKH3_132_140_roi_768x512_final_hsi_rgb_warp\fusion_v2_deep_unsupervised\fused_cube.zarr\.zarray","E:\Code\Geocore_M0-1_image_fusion\roi_outputs\ZKH3_132_140_roi_768x512_final_hsi_rgb_warp\fusion_v2_deep_unsupervised\fused_cube.zarr\.zarray","REGENERABLE_FUSION_CUBE","223","E77BB43D2782DD10A35B9ADD04AEE15BBCD7142DAF1164DA108EBA6D9626580B"
"M0-1","E:\Code\Geocore_M0-1_image_fusion","roi_outputs\ZKH3_132_140_roi_768x512_final_hsi_rgb_warp\fusion_v2_deep_unsupervised\fused_cube.zarr\.zattrs","E:\Code\Geocore_M0-1_image_fusion\roi_outputs\ZKH3_132_140_roi_768x512_final_hsi_rgb_warp\fusion_v2_deep_unsupervised\fused_cube.zarr\.zattrs","REGENERABLE_FUSION_CUBE","159","D1ECDF14176FAF3210A5F573FBA092550DADD12FA00BB7CADAA72BC6D49E00A0"
"M0-1","E:\Code\Geocore_M0-1_image_fusion","roi_outputs\ZKH3_132_140_roi_768x512_final_hsi_rgb_warp\fusion_v2_deep_unsupervised\fused_cube.zarr\0.0.0","E:\Code\Geocore_M0-1_image_fusion\roi_outputs\ZKH3_132_140_roi_768x512_final_hsi_rgb_warp\fusion_v2_deep_unsupervised\fused_cube.zarr\0.0.0","REGENERABLE_FUSION_CUBE","8388608","C6BEC0345FBECF8C94FCEBD928E12FC9789F740F329D51731C08ECE73049ED46"
"M0-1","E:\Code\Geocore_M0-1_image_fusion","roi_outputs\ZKH3_132_140_roi_768x512_final_hsi_rgb_warp\fusion_v2_deep_unsupervised\fused_cube.zarr\0.0.1","E:\Code\Geocore_M0-1_image_fusion\roi_outputs\ZKH3_132_140_roi_768x512_final_hsi_rgb_warp\fusion_v2_deep_unsupervised\fused_cube.zarr\0.0.1","REGENERABLE_FUSION_CUBE","8388608","ACEF02C5430A197202021D618A24802EF860E4D5698FC61D6F6625DCD555303E"
"M0-1","E:\Code\Geocore_M0-1_image_fusion","roi_outputs\ZKH3_132_140_roi_768x512_final_hsi_rgb_warp\fusion_v2_deep_unsupervised\fused_cube.zarr\0.0.10","E:\Code\Geocore_M0-1_image_fusion\roi_outputs\ZKH3_132_140_roi_768x512_final_hsi_rgb_warp\fusion_v2_deep_unsupervised\fused_cube.zarr\0.0.10","REGENERABLE_FUSION_CUBE","8388608","1F4C8058B3D2AA26D0BBF33FB26D33EF37764DAE1AA4508544CCDCAF9EE4572C"
"M0-1","E:\Code\Geocore_M0-1_image_fusion","roi_outputs\ZKH3_132_140_roi_768x512_final_hsi_rgb_warp\fusion_v2_deep_unsupervised\fused_cube.zarr\0.0.11","E:\Code\Geocore_M0-1_image_fusion\roi_outputs\ZKH3_132_140_roi_768x512_final_hsi_rgb_warp\fusion_v2_deep_unsupervised\fused_cube.zarr\0.0.11","REGENERABLE_FUSION_CUBE","8388608","214A32A77C362323926174449C9B7944DB126CA367ACAB35D621C1DBBBD2CEE8"
"M0-1","E:\Code\Geocore_M0-1_image_fusion","roi_outputs\ZKH3_132_140_roi_768x512_final_hsi_rgb_warp\fusion_v2_deep_unsupervised\fused_cube.zarr\0.0.12","E:\Code\Geocore_M0-1_image_fusion\roi_outputs\ZKH3_132_140_roi_768x512_final_hsi_rgb_warp\fusion_v2_deep_unsupervised\fused_cube.zarr\0.0.12","REGENERABLE_FUSION_CUBE","8388608","760D33FFA0132EEEE5ABAF029FA41DFE98CCE927A86E8C3D333372AE9C3F8C97"
"M0-1","E:\Code\Geocore_M0-1_image_fusion","roi_outputs\ZKH3_132_140_roi_768x512_final_hsi_rgb_warp\fusion_v2_deep_unsupervised\fused_cube.zarr\0.0.13","E:\Code\Geocore_M0-1_image_fusion\roi_outputs\ZKH3_132_140_roi_768x512_final_hsi_rgb_warp\fusion_v2_deep_unsupervised\fused_cube.zarr\0.0.13","REGENERABLE_FUSION_CUBE","8388608","E3B361507AC68CFCCA19C308569DD23EC23CD2CE93011BECB8725B291277EA8D"
"M0-1","E:\Code\Geocore_M0-1_image_fusion","roi_outputs\ZKH3_132_140_roi_768x512_final_hsi_rgb_warp\fusion_v2_deep_unsupervised\fused_cube.zarr\0.0.14","E:\Code\Geocore_M0-1_image_fusion\roi_outputs\ZKH3_132_140_roi_768x512_final_hsi_rgb_warp\fusion_v2_deep_unsupervised\fused_cube.zarr\0.0.14","REGENERABLE_FUSION_CUBE","8388608","287444F4FF11B4030CA2BD417093D3E5367A4066AC654E2C15D9D03E8A24B6D3"
"M0-1","E:\Code\Geocore_M0-1_image_fusion","roi_outputs\ZKH3_132_140_roi_768x512_final_hsi_rgb_warp\fusion_v2_deep_unsupervised\fused_cube.zarr\0.0.15","E:\Code\Geocore_M0-1_image_fusion\roi_outputs\ZKH3_132_140_roi_768x512_final_hsi_rgb_warp\fusion_v2_deep_unsupervised\fused_cube.zarr\0.0.15","REGENERABLE_FUSION_CUBE","8388608","5710F5983AA61AD2BA7FAAD24B632B20E65F9B2437D90E973971FECA97FCD4EF"
"M0-1","E:\Code\Geocore_M0-1_image_fusion","roi_outputs\ZKH3_132_140_roi_768x512_final_hsi_rgb_warp\fusion_v2_deep_unsupervised\fused_cube.zarr\0.0.16","E:\Code\Geocore_M0-1_image_fusion\roi_outputs\ZKH3_132_140_roi_768x512_final_hsi_rgb_warp\fusion_v2_deep_unsupervised\fused_cube.zarr\0.0.16","REGENERABLE_FUSION_CUBE","8388608","2082E0F5BA299723B42CEC00F4D4D83F37CBEEAAA6ACF148ECF483486A11EC7B"
"M0-1","E:\Code\Geocore_M0-1_image_fusion","roi_outputs\ZKH3_132_140_roi_768x512_final_hsi_rgb_warp\fusion_v2_deep_unsupervised\fused_cube.zarr\0.0.17","E:\Code\Geocore_M0-1_image_fusion\roi_outputs\ZKH3_132_140_roi_768x512_final_hsi_rgb_warp\fusion_v2_deep_unsupervised\fused_cube.zarr\0.0.17","REGENERABLE_FUSION_CUBE","8388608","8BE6A7052D85A406FC653F06EBB1A54CA9EC5FDE8DB4D40185135C91FE0F9D4F"
"M0-1","E:\Code\Geocore_M0-1_image_fusion","roi_outputs\ZKH3_132_140_roi_768x512_final_hsi_rgb_warp\fusion_v2_deep_unsupervised\fused_cube.zarr\0.0.2","E:\Code\Geocore_M0-1_image_fusion\roi_outputs\ZKH3_132_140_roi_768x512_final_hsi_rgb_warp\fusion_v2_deep_unsupervised\fused_cube.zarr\0.0.2","REGENERABLE_FUSION_CUBE","8388608","FB706D40E36012F2E27EB4FA146C5160C680EA2958C0D594AAA4E8FA1F19A94A"
"M0-1","E:\Code\Geocore_M0-1_image_fusion","roi_outputs\ZKH3_132_140_roi_768x512_final_hsi_rgb_warp\fusion_v2_deep_unsupervised\fused_cube.zarr\0.0.3","E:\Code\Geocore_M0-1_image_fusion\roi_outputs\ZKH3_132_140_roi_768x512_final_hsi_rgb_warp\fusion_v2_deep_unsupervised\fused_cube.zarr\0.0.3","REGENERABLE_FUSION_CUBE","8388608","81751A95A1007D60C04FEE361DF5828656684822D6215DBE78F1AC247080FFFF"
"M0-1","E:\Code\Geocore_M0-1_image_fusion","roi_outputs\ZKH3_132_140_roi_768x512_final_hsi_rgb_warp\fusion_v2_deep_unsupervised\fused_cube.zarr\0.0.4","E:\Code\Geocore_M0-1_image_fusion\roi_outputs\ZKH3_132_140_roi_768x512_final_hsi_rgb_warp\fusion_v2_deep_unsupervised\fused_cube.zarr\0.0.4","REGENERABLE_FUSION_CUBE","8388608","3655127E3615F451560D4FBB1E9AA57434956077AC9EA9D4CA0027E35557710C"
"M0-1","E:\Code\Geocore_M0-1_image_fusion","roi_outputs\ZKH3_132_140_roi_768x512_final_hsi_rgb_warp\fusion_v2_deep_unsupervised\fused_cube.zarr\0.0.5","E:\Code\Geocore_M0-1_image_fusion\roi_outputs\ZKH3_132_140_roi_768x512_final_hsi_rgb_warp\fusion_v2_deep_unsupervised\fused_cube.zarr\0.0.5","REGENERABLE_FUSION_CUBE","8388608","96A616E47E9071505EC63D9E639E58331D7C1C59DF06CE8DB6CF7AA599CF9D10"
"M0-1","E:\Code\Geocore_M0-1_image_fusion","roi_outputs\ZKH3_132_140_roi_768x512_final_hsi_rgb_warp\fusion_v2_deep_unsupervised\fused_cube.zarr\0.0.6","E:\Code\Geocore_M0-1_image_fusion\roi_outputs\ZKH3_132_140_roi_768x512_final_hsi_rgb_warp\fusion_v2_deep_unsupervised\fused_cube.zarr\0.0.6","REGENERABLE_FUSION_CUBE","8388608","C0E07D413A9F064A250D545DC4D3F7C53D4B3133CA48E43239A0D75A144CCCDF"
"M0-1","E:\Code\Geocore_M0-1_image_fusion","roi_outputs\ZKH3_132_140_roi_768x512_final_hsi_rgb_warp\fusion_v2_deep_unsupervised\fused_cube.zarr\0.0.7","E:\Code\Geocore_M0-1_image_fusion\roi_outputs\ZKH3_132_140_roi_768x512_final_hsi_rgb_warp\fusion_v2_deep_unsupervised\fused_cube.zarr\0.0.7","REGENERABLE_FUSION_CUBE","8388608","C07C10349DCE18CA71C4E7B09DF23C1B25EF1C67EBAA9CE4188C38BE2BC4B7FB"
"M0-1","E:\Code\Geocore_M0-1_image_fusion","roi_outputs\ZKH3_132_140_roi_768x512_final_hsi_rgb_warp\fusion_v2_deep_unsupervised\fused_cube.zarr\0.0.8","E:\Code\Geocore_M0-1_image_fusion\roi_outputs\ZKH3_132_140_roi_768x512_final_hsi_rgb_warp\fusion_v2_deep_unsupervised\fused_cube.zarr\0.0.8","REGENERABLE_FUSION_CUBE","8388608","6764A27A2834A4E8D62221428C65A39F69D7D827902DDD3F1E5ADA672F41AC1A"
"M0-1","E:\Code\Geocore_M0-1_image_fusion","roi_outputs\ZKH3_132_140_roi_768x512_final_hsi_rgb_warp\fusion_v2_deep_unsupervised\fused_cube.zarr\0.0.9","E:\Code\Geocore_M0-1_image_fusion\roi_outputs\ZKH3_132_140_roi_768x512_final_hsi_rgb_warp\fusion_v2_deep_unsupervised\fused_cube.zarr\0.0.9","REGENERABLE_FUSION_CUBE","8388608","025F4B8AFFA6EEFE2289A3329C7C0CC96D40DDFEE753B1065D4CD06EF1D45D76"
"M0-1","E:\Code\Geocore_M0-1_image_fusion","roi_outputs\ZKH3_132_140_roi_768x512_final_hsi_rgb_warp\fusion_v2_deep_unsupervised\fused_cube.zarr\0.1.0","E:\Code\Geocore_M0-1_image_fusion\roi_outputs\ZKH3_132_140_roi_768x512_final_hsi_rgb_warp\fusion_v2_deep_unsupervised\fused_cube.zarr\0.1.0","REGENERABLE_FUSION_CUBE","8388608","FD7C8D9DCAF5F7FBFA960F0A4096FF0C755A676B2283C9056623DFB27A6238BF"
"M0-1","E:\Code\Geocore_M0-1_image_fusion","roi_outputs\ZKH3_132_140_roi_768x512_final_hsi_rgb_warp\fusion_v2_deep_unsupervised\fused_cube.zarr\0.1.1","E:\Code\Geocore_M0-1_image_fusion\roi_outputs\ZKH3_132_140_roi_768x512_final_hsi_rgb_warp\fusion_v2_deep_unsupervised\fused_cube.zarr\0.1.1","REGENERABLE_FUSION_CUBE","8388608","B931A2C13FC9527883672695B6EA3D94676CB3BB9DC5F0560F24FA44C0C63791"
"M0-1","E:\Code\Geocore_M0-1_image_fusion","roi_outputs\ZKH3_132_140_roi_768x512_final_hsi_rgb_warp\fusion_v2_deep_unsupervised\fused_cube.zarr\0.1.10","E:\Code\Geocore_M0-1_image_fusion\roi_outputs\ZKH3_132_140_roi_768x512_final_hsi_rgb_warp\fusion_v2_deep_unsupervised\fused_cube.zarr\0.1.10","REGENERABLE_FUSION_CUBE","8388608","E134C3C3D35B49EFB4B6AA0177679B4A269C893447C123567A90BA196A2AACD0"
"M0-1","E:\Code\Geocore_M0-1_image_fusion","roi_outputs\ZKH3_132_140_roi_768x512_final_hsi_rgb_warp\fusion_v2_deep_unsupervised\fused_cube.zarr\0.1.11","E:\Code\Geocore_M0-1_image_fusion\roi_outputs\ZKH3_132_140_roi_768x512_final_hsi_rgb_warp\fusion_v2_deep_unsupervised\fused_cube.zarr\0.1.11","REGENERABLE_FUSION_CUBE","8388608","C5E08DDF99E385F38D66817D58E65034474A431FD64D1264AC470886C2E28A09"
"M0-1","E:\Code\Geocore_M0-1_image_fusion","roi_outputs\ZKH3_132_140_roi_768x512_final_hsi_rgb_warp\fusion_v2_deep_unsupervised\fused_cube.zarr\0.1.12","E:\Code\Geocore_M0-1_image_fusion\roi_outputs\ZKH3_132_140_roi_768x512_final_hsi_rgb_warp\fusion_v2_deep_unsupervised\fused_cube.zarr\0.1.12","REGENERABLE_FUSION_CUBE","8388608","388ABF0A26DCA10D851E36298C0FAD523CCC57025DE337654079CB5A01576057"
"M0-1","E:\Code\Geocore_M0-1_image_fusion","roi_outputs\ZKH3_132_140_roi_768x512_final_hsi_rgb_warp\fusion_v2_deep_unsupervised\fused_cube.zarr\0.1.13","E:\Code\Geocore_M0-1_image_fusion\roi_outputs\ZKH3_132_140_roi_768x512_final_hsi_rgb_warp\fusion_v2_deep_unsupervised\fused_cube.zarr\0.1.13","REGENERABLE_FUSION_CUBE","8388608","429C78FC49E5584ED8D5B0C21F2925FB4AABB4FB1470BD9F49F54D82EDCDE700"
"M0-1","E:\Code\Geocore_M0-1_image_fusion","roi_outputs\ZKH3_132_140_roi_768x512_final_hsi_rgb_warp\fusion_v2_deep_unsupervised\fused_cube.zarr\0.1.14","E:\Code\Geocore_M0-1_image_fusion\roi_outputs\ZKH3_132_140_roi_768x512_final_hsi_rgb_warp\fusion_v2_deep_unsupervised\fused_cube.zarr\0.1.14","REGENERABLE_FUSION_CUBE","8388608","854F870B4A1B856461750E10D93D4890B044DD68DCCC5EE456D36D4F124B3CBD"
"M0-1","E:\Code\Geocore_M0-1_image_fusion","roi_outputs\ZKH3_132_140_roi_768x512_final_hsi_rgb_warp\fusion_v2_deep_unsupervised\fused_cube.zarr\0.1.15","E:\Code\Geocore_M0-1_image_fusion\roi_outputs\ZKH3_132_140_roi_768x512_final_hsi_rgb_warp\fusion_v2_deep_unsupervised\fused_cube.zarr\0.1.15","REGENERABLE_FUSION_CUBE","8388608","0B2823A8DF099ED1C2A81337304D02E7D19EB0C2DD20640D236B61A3D531667A"
"M0-1","E:\Code\Geocore_M0-1_image_fusion","roi_outputs\ZKH3_132_140_roi_768x512_final_hsi_rgb_warp\fusion_v2_deep_unsupervised\fused_cube.zarr\0.1.16","E:\Code\Geocore_M0-1_image_fusion\roi_outputs\ZKH3_132_140_roi_768x512_final_hsi_rgb_warp\fusion_v2_deep_unsupervised\fused_cube.zarr\0.1.16","REGENERABLE_FUSION_CUBE","8388608","07D7DE12876BD2CBAAFA3FF8C30949FFA56BFEB92796D7574F8088F8493871D7"
"M0-1","E:\Code\Geocore_M0-1_image_fusion","roi_outputs\ZKH3_132_140_roi_768x512_final_hsi_rgb_warp\fusion_v2_deep_unsupervised\fused_cube.zarr\0.1.17","E:\Code\Geocore_M0-1_image_fusion\roi_outputs\ZKH3_132_140_roi_768x512_final_hsi_rgb_warp\fusion_v2_deep_unsupervised\fused_cube.zarr\0.1.17","REGENERABLE_FUSION_CUBE","8388608","C529C56FE9C23AD807C03B6D21257EA693DFE440F19C2B7B52C45F61667463E2"
"M0-1","E:\Code\Geocore_M0-1_image_fusion","roi_outputs\ZKH3_132_140_roi_768x512_final_hsi_rgb_warp\fusion_v2_deep_unsupervised\fused_cube.zarr\0.1.2","E:\Code\Geocore_M0-1_image_fusion\roi_outputs\ZKH3_132_140_roi_768x512_final_hsi_rgb_warp\fusion_v2_deep_unsupervised\fused_cube.zarr\0.1.2","REGENERABLE_FUSION_CUBE","8388608","D8BCA7AD3993DDBAE03AF5D5CD99F2CFF92BC133ECDABAFA638C983653C07A2C"
"M0-1","E:\Code\Geocore_M0-1_image_fusion","roi_outputs\ZKH3_132_140_roi_768x512_final_hsi_rgb_warp\fusion_v2_deep_unsupervised\fused_cube.zarr\0.1.3","E:\Code\Geocore_M0-1_image_fusion\roi_outputs\ZKH3_132_140_roi_768x512_final_hsi_rgb_warp\fusion_v2_deep_unsupervised\fused_cube.zarr\0.1.3","REGENERABLE_FUSION_CUBE","8388608","EE3C312C2AD4EC61DF8C1A06F4E7C6EC45BA6A75EBBBC8E6141CD5E0B357528D"
"M0-1","E:\Code\Geocore_M0-1_image_fusion","roi_outputs\ZKH3_132_140_roi_768x512_final_hsi_rgb_warp\fusion_v2_deep_unsupervised\fused_cube.zarr\0.1.4","E:\Code\Geocore_M0-1_image_fusion\roi_outputs\ZKH3_132_140_roi_768x512_final_hsi_rgb_warp\fusion_v2_deep_unsupervised\fused_cube.zarr\0.1.4","REGENERABLE_FUSION_CUBE","8388608","9F03AEFDF1D7EBF05AC62432670DC0D2530E2320695E5A94FEE8364BC4D62E0E"
"M0-1","E:\Code\Geocore_M0-1_image_fusion","roi_outputs\ZKH3_132_140_roi_768x512_final_hsi_rgb_warp\fusion_v2_deep_unsupervised\fused_cube.zarr\0.1.5","E:\Code\Geocore_M0-1_image_fusion\roi_outputs\ZKH3_132_140_roi_768x512_final_hsi_rgb_warp\fusion_v2_deep_unsupervised\fused_cube.zarr\0.1.5","REGENERABLE_FUSION_CUBE","8388608","A0C2EDB9D149ECD19E241A67B145BDCDC00A20B3D152945BDE36EECFC58A124E"
"M0-1","E:\Code\Geocore_M0-1_image_fusion","roi_outputs\ZKH3_132_140_roi_768x512_final_hsi_rgb_warp\fusion_v2_deep_unsupervised\fused_cube.zarr\0.1.6","E:\Code\Geocore_M0-1_image_fusion\roi_outputs\ZKH3_132_140_roi_768x512_final_hsi_rgb_warp\fusion_v2_deep_unsupervised\fused_cube.zarr\0.1.6","REGENERABLE_FUSION_CUBE","8388608","E18FE2C5701287B8BB9E565519DA153DEAC96494DD9D045FFAFDC80BF207754E"
"M0-1","E:\Code\Geocore_M0-1_image_fusion","roi_outputs\ZKH3_132_140_roi_768x512_final_hsi_rgb_warp\fusion_v2_deep_unsupervised\fused_cube.zarr\0.1.7","E:\Code\Geocore_M0-1_image_fusion\roi_outputs\ZKH3_132_140_roi_768x512_final_hsi_rgb_warp\fusion_v2_deep_unsupervised\fused_cube.zarr\0.1.7","REGENERABLE_FUSION_CUBE","8388608","A3238FE3757A45F73A1BC2B6377D60C062130EAD5A3F6BF77C00E6AC02DE1B83"
"M0-1","E:\Code\Geocore_M0-1_image_fusion","roi_outputs\ZKH3_132_140_roi_768x512_final_hsi_rgb_warp\fusion_v2_deep_unsupervised\fused_cube.zarr\0.1.8","E:\Code\Geocore_M0-1_image_fusion\roi_outputs\ZKH3_132_140_roi_768x512_final_hsi_rgb_warp\fusion_v2_deep_unsupervised\fused_cube.zarr\0.1.8","REGENERABLE_FUSION_CUBE","8388608","F97004B9FE81F1A0A69C9B9235FD0901F4D6F278F3F68A1B4F80EEFFD250FAF6"
"M0-1","E:\Code\Geocore_M0-1_image_fusion","roi_outputs\ZKH3_132_140_roi_768x512_final_hsi_rgb_warp\fusion_v2_deep_unsupervised\fused_cube.zarr\0.1.9","E:\Code\Geocore_M0-1_image_fusion\roi_outputs\ZKH3_132_140_roi_768x512_final_hsi_rgb_warp\fusion_v2_deep_unsupervised\fused_cube.zarr\0.1.9","REGENERABLE_FUSION_CUBE","8388608","DA4673DADF3F741044A8FECC6FF2DBCD840815F29BD4FD40E21692365A076D7B"
"M0-1","E:\Code\Geocore_M0-1_image_fusion","roi_outputs\ZKH3_132_140_roi_768x512_final_hsi_rgb_warp\fusion_v2_deep_unsupervised\fused_cube.zarr\1.0.0","E:\Code\Geocore_M0-1_image_fusion\roi_outputs\ZKH3_132_140_roi_768x512_final_hsi_rgb_warp\fusion_v2_deep_unsupervised\fused_cube.zarr\1.0.0","REGENERABLE_FUSION_CUBE","8388608","DF9D31607DFB1B2E85EFEC43E4D37D371CD6C18A53620319F07F0FBC141E8779"
"M0-1","E:\Code\Geocore_M0-1_image_fusion","roi_outputs\ZKH3_132_140_roi_768x512_final_hsi_rgb_warp\fusion_v2_deep_unsupervised\fused_cube.zarr\1.0.1","E:\Code\Geocore_M0-1_image_fusion\roi_outputs\ZKH3_132_140_roi_768x512_final_hsi_rgb_warp\fusion_v2_deep_unsupervised\fused_cube.zarr\1.0.1","REGENERABLE_FUSION_CUBE","8388608","7DD5390E214FA244540CC8D90A922422119D666C4EAE887C37039817C11D3D55"
"M0-1","E:\Code\Geocore_M0-1_image_fusion","roi_outputs\ZKH3_132_140_roi_768x512_final_hsi_rgb_warp\fusion_v2_deep_unsupervised\fused_cube.zarr\1.0.10","E:\Code\Geocore_M0-1_image_fusion\roi_outputs\ZKH3_132_140_roi_768x512_final_hsi_rgb_warp\fusion_v2_deep_unsupervised\fused_cube.zarr\1.0.10","REGENERABLE_FUSION_CUBE","8388608","5400398A21E417114E1469B8B25A08C37FBC2A7228630F0DB9B146C9022347C2"
"M0-1","E:\Code\Geocore_M0-1_image_fusion","roi_outputs\ZKH3_132_140_roi_768x512_final_hsi_rgb_warp\fusion_v2_deep_unsupervised\fused_cube.zarr\1.0.11","E:\Code\Geocore_M0-1_image_fusion\roi_outputs\ZKH3_132_140_roi_768x512_final_hsi_rgb_warp\fusion_v2_deep_unsupervised\fused_cube.zarr\1.0.11","REGENERABLE_FUSION_CUBE","8388608","777882A77696E6D1EBBB3968B311B6270C28A3158108C8B2AEB2A151A25739A5"
"M0-1","E:\Code\Geocore_M0-1_image_fusion","roi_outputs\ZKH3_132_140_roi_768x512_final_hsi_rgb_warp\fusion_v2_deep_unsupervised\fused_cube.zarr\1.0.12","E:\Code\Geocore_M0-1_image_fusion\roi_outputs\ZKH3_132_140_roi_768x512_final_hsi_rgb_warp\fusion_v2_deep_unsupervised\fused_cube.zarr\1.0.12","REGENERABLE_FUSION_CUBE","8388608","79B8C8D1E52FF4124094A85144BBDB858CF735C5B71C6F7454F3892B6B02508B"
"M0-1","E:\Code\Geocore_M0-1_image_fusion","roi_outputs\ZKH3_132_140_roi_768x512_final_hsi_rgb_warp\fusion_v2_deep_unsupervised\fused_cube.zarr\1.0.13","E:\Code\Geocore_M0-1_image_fusion\roi_outputs\ZKH3_132_140_roi_768x512_final_hsi_rgb_warp\fusion_v2_deep_unsupervised\fused_cube.zarr\1.0.13","REGENERABLE_FUSION_CUBE","8388608","141FF6D638302617A6875F6A769804E0D2F79F62211449D37197EE3E5CB7C082"
"M0-1","E:\Code\Geocore_M0-1_image_fusion","roi_outputs\ZKH3_132_140_roi_768x512_final_hsi_rgb_warp\fusion_v2_deep_unsupervised\fused_cube.zarr\1.0.14","E:\Code\Geocore_M0-1_image_fusion\roi_outputs\ZKH3_132_140_roi_768x512_final_hsi_rgb_warp\fusion_v2_deep_unsupervised\fused_cube.zarr\1.0.14","REGENERABLE_FUSION_CUBE","8388608","BAB0C4E471EFB18EFAB10CC7629DDC8A5D1B21E450102E4860F96BE645CCC594"
"M0-1","E:\Code\Geocore_M0-1_image_fusion","roi_outputs\ZKH3_132_140_roi_768x512_final_hsi_rgb_warp\fusion_v2_deep_unsupervised\fused_cube.zarr\1.0.15","E:\Code\Geocore_M0-1_image_fusion\roi_outputs\ZKH3_132_140_roi_768x512_final_hsi_rgb_warp\fusion_v2_deep_unsupervised\fused_cube.zarr\1.0.15","REGENERABLE_FUSION_CUBE","8388608","4FC22AE0FB7154CC7A56D3F4FE858C8479CA726747E1F3132B1406EC3BDA49CC"
"M0-1","E:\Code\Geocore_M0-1_image_fusion","roi_outputs\ZKH3_132_140_roi_768x512_final_hsi_rgb_warp\fusion_v2_deep_unsupervised\fused_cube.zarr\1.0.16","E:\Code\Geocore_M0-1_image_fusion\roi_outputs\ZKH3_132_140_roi_768x512_final_hsi_rgb_warp\fusion_v2_deep_unsupervised\fused_cube.zarr\1.0.16","REGENERABLE_FUSION_CUBE","8388608","0053A916DAAD45FBB36F87AD2C4F88582BDBECD00DA940FA3A3A618F22930525"
"M0-1","E:\Code\Geocore_M0-1_image_fusion","roi_outputs\ZKH3_132_140_roi_768x512_final_hsi_rgb_warp\fusion_v2_deep_unsupervised\fused_cube.zarr\1.0.17","E:\Code\Geocore_M0-1_image_fusion\roi_outputs\ZKH3_132_140_roi_768x512_final_hsi_rgb_warp\fusion_v2_deep_unsupervised\fused_cube.zarr\1.0.17","REGENERABLE_FUSION_CUBE","8388608","3447695880CD1576B618CB412A6AB48E318A1419810FE64F2BC015CEA36F7296"
"M0-1","E:\Code\Geocore_M0-1_image_fusion","roi_outputs\ZKH3_132_140_roi_768x512_final_hsi_rgb_warp\fusion_v2_deep_unsupervised\fused_cube.zarr\1.0.2","E:\Code\Geocore_M0-1_image_fusion\roi_outputs\ZKH3_132_140_roi_768x512_final_hsi_rgb_warp\fusion_v2_deep_unsupervised\fused_cube.zarr\1.0.2","REGENERABLE_FUSION_CUBE","8388608","C98F2FFC517CD754D0C018E788154B646DE7AFA494D972BF9078CC844814258D"
"M0-1","E:\Code\Geocore_M0-1_image_fusion","roi_outputs\ZKH3_132_140_roi_768x512_final_hsi_rgb_warp\fusion_v2_deep_unsupervised\fused_cube.zarr\1.0.3","E:\Code\Geocore_M0-1_image_fusion\roi_outputs\ZKH3_132_140_roi_768x512_final_hsi_rgb_warp\fusion_v2_deep_unsupervised\fused_cube.zarr\1.0.3","REGENERABLE_FUSION_CUBE","8388608","263A9A08AA459E25FCFAC4B06D8B6F8EB6DA36064BFC55B920CE5A6160DA1334"
"M0-1","E:\Code\Geocore_M0-1_image_fusion","roi_outputs\ZKH3_132_140_roi_768x512_final_hsi_rgb_warp\fusion_v2_deep_unsupervised\fused_cube.zarr\1.0.4","E:\Code\Geocore_M0-1_image_fusion\roi_outputs\ZKH3_132_140_roi_768x512_final_hsi_rgb_warp\fusion_v2_deep_unsupervised\fused_cube.zarr\1.0.4","REGENERABLE_FUSION_CUBE","8388608","E2DF999E93F2DE3054D166368F74E36F2632C9A29B231CEC3F4E305950E77AFC"
"M0-1","E:\Code\Geocore_M0-1_image_fusion","roi_outputs\ZKH3_132_140_roi_768x512_final_hsi_rgb_warp\fusion_v2_deep_unsupervised\fused_cube.zarr\1.0.5","E:\Code\Geocore_M0-1_image_fusion\roi_outputs\ZKH3_132_140_roi_768x512_final_hsi_rgb_warp\fusion_v2_deep_unsupervised\fused_cube.zarr\1.0.5","REGENERABLE_FUSION_CUBE","8388608","9A28E484893802652742A105A93CEB9B8752A81BAA4E1BA26202578CB63C8D17"
"M0-1","E:\Code\Geocore_M0-1_image_fusion","roi_outputs\ZKH3_132_140_roi_768x512_final_hsi_rgb_warp\fusion_v2_deep_unsupervised\fused_cube.zarr\1.0.6","E:\Code\Geocore_M0-1_image_fusion\roi_outputs\ZKH3_132_140_roi_768x512_final_hsi_rgb_warp\fusion_v2_deep_unsupervised\fused_cube.zarr\1.0.6","REGENERABLE_FUSION_CUBE","8388608","A87ED633546C4BD4CCCCE1C2F15C63F5DA39559CD61CF4C6CF068352CB413AED"
"M0-1","E:\Code\Geocore_M0-1_image_fusion","roi_outputs\ZKH3_132_140_roi_768x512_final_hsi_rgb_warp\fusion_v2_deep_unsupervised\fused_cube.zarr\1.0.7","E:\Code\Geocore_M0-1_image_fusion\roi_outputs\ZKH3_132_140_roi_768x512_final_hsi_rgb_warp\fusion_v2_deep_unsupervised\fused_cube.zarr\1.0.7","REGENERABLE_FUSION_CUBE","8388608","333B5C438512A69C1166A880C3D7642E6DB4245804966722AC5DC6DF53F16713"
"M0-1","E:\Code\Geocore_M0-1_image_fusion","roi_outputs\ZKH3_132_140_roi_768x512_final_hsi_rgb_warp\fusion_v2_deep_unsupervised\fused_cube.zarr\1.0.8","E:\Code\Geocore_M0-1_image_fusion\roi_outputs\ZKH3_132_140_roi_768x512_final_hsi_rgb_warp\fusion_v2_deep_unsupervised\fused_cube.zarr\1.0.8","REGENERABLE_FUSION_CUBE","8388608","8CA3D2FF6295EA1CCEFB9661F324AEFCF9EB61E3C68B12C6D541D62585D5EAE5"
"M0-1","E:\Code\Geocore_M0-1_image_fusion","roi_outputs\ZKH3_132_140_roi_768x512_final_hsi_rgb_warp\fusion_v2_deep_unsupervised\fused_cube.zarr\1.0.9","E:\Code\Geocore_M0-1_image_fusion\roi_outputs\ZKH3_132_140_roi_768x512_final_hsi_rgb_warp\fusion_v2_deep_unsupervised\fused_cube.zarr\1.0.9","REGENERABLE_FUSION_CUBE","8388608","4BED51A3924F3076577C216E9C88EE6B161CC45255FA54B97754E0890075771A"
"M0-1","E:\Code\Geocore_M0-1_image_fusion","roi_outputs\ZKH3_132_140_roi_768x512_final_hsi_rgb_warp\fusion_v2_deep_unsupervised\fused_cube.zarr\1.1.0","E:\Code\Geocore_M0-1_image_fusion\roi_outputs\ZKH3_132_140_roi_768x512_final_hsi_rgb_warp\fusion_v2_deep_unsupervised\fused_cube.zarr\1.1.0","REGENERABLE_FUSION_CUBE","8388608","65BEDBE9B20A623BB1DEFA2E15BF0DB011EBDEAEE3E3BB77C80645315085563B"
"M0-1","E:\Code\Geocore_M0-1_image_fusion","roi_outputs\ZKH3_132_140_roi_768x512_final_hsi_rgb_warp\fusion_v2_deep_unsupervised\fused_cube.zarr\1.1.1","E:\Code\Geocore_M0-1_image_fusion\roi_outputs\ZKH3_132_140_roi_768x512_final_hsi_rgb_warp\fusion_v2_deep_unsupervised\fused_cube.zarr\1.1.1","REGENERABLE_FUSION_CUBE","8388608","7027E89AB75CB15C54BD0B438C4A1073AC8641C1DC3395687E7C75885E022FDE"
"M0-1","E:\Code\Geocore_M0-1_image_fusion","roi_outputs\ZKH3_132_140_roi_768x512_final_hsi_rgb_warp\fusion_v2_deep_unsupervised\fused_cube.zarr\1.1.10","E:\Code\Geocore_M0-1_image_fusion\roi_outputs\ZKH3_132_140_roi_768x512_final_hsi_rgb_warp\fusion_v2_deep_unsupervised\fused_cube.zarr\1.1.10","REGENERABLE_FUSION_CUBE","8388608","B3545326B9E04B3167F62AD88917F2792465330D8786CD8BF661519024BD4F4E"
"M0-1","E:\Code\Geocore_M0-1_image_fusion","roi_outputs\ZKH3_132_140_roi_768x512_final_hsi_rgb_warp\fusion_v2_deep_unsupervised\fused_cube.zarr\1.1.11","E:\Code\Geocore_M0-1_image_fusion\roi_outputs\ZKH3_132_140_roi_768x512_final_hsi_rgb_warp\fusion_v2_deep_unsupervised\fused_cube.zarr\1.1.11","REGENERABLE_FUSION_CUBE","8388608","21F79CCD4D408FDB52D08B8EE7512FA8EC44B124A6A46F905F04F718A01DA981"
"M0-1","E:\Code\Geocore_M0-1_image_fusion","roi_outputs\ZKH3_132_140_roi_768x512_final_hsi_rgb_warp\fusion_v2_deep_unsupervised\fused_cube.zarr\1.1.12","E:\Code\Geocore_M0-1_image_fusion\roi_outputs\ZKH3_132_140_roi_768x512_final_hsi_rgb_warp\fusion_v2_deep_unsupervised\fused_cube.zarr\1.1.12","REGENERABLE_FUSION_CUBE","8388608","1677E5058078C2026ADF01EF1779D078D5C8B840B43E166051CBFE1249310439"
"M0-1","E:\Code\Geocore_M0-1_image_fusion","roi_outputs\ZKH3_132_140_roi_768x512_final_hsi_rgb_warp\fusion_v2_deep_unsupervised\fused_cube.zarr\1.1.13","E:\Code\Geocore_M0-1_image_fusion\roi_outputs\ZKH3_132_140_roi_768x512_final_hsi_rgb_warp\fusion_v2_deep_unsupervised\fused_cube.zarr\1.1.13","REGENERABLE_FUSION_CUBE","8388608","3517CD1A68928403FAF5C16DCE7592620DF43B598F8F175098D40BB962D0EBFD"
"M0-1","E:\Code\Geocore_M0-1_image_fusion","roi_outputs\ZKH3_132_140_roi_768x512_final_hsi_rgb_warp\fusion_v2_deep_unsupervised\fused_cube.zarr\1.1.14","E:\Code\Geocore_M0-1_image_fusion\roi_outputs\ZKH3_132_140_roi_768x512_final_hsi_rgb_warp\fusion_v2_deep_unsupervised\fused_cube.zarr\1.1.14","REGENERABLE_FUSION_CUBE","8388608","03935C6F28CF349E1249BA56546B0B3C553889C73BB2E75F1275FF83BB0DBB91"
"M0-1","E:\Code\Geocore_M0-1_image_fusion","roi_outputs\ZKH3_132_140_roi_768x512_final_hsi_rgb_warp\fusion_v2_deep_unsupervised\fused_cube.zarr\1.1.15","E:\Code\Geocore_M0-1_image_fusion\roi_outputs\ZKH3_132_140_roi_768x512_final_hsi_rgb_warp\fusion_v2_deep_unsupervised\fused_cube.zarr\1.1.15","REGENERABLE_FUSION_CUBE","8388608","A02CBDD125F02E933F5BBEE6A0CDCC6FCB33B524497A75800D98F3277AB58F4B"
"M0-1","E:\Code\Geocore_M0-1_image_fusion","roi_outputs\ZKH3_132_140_roi_768x512_final_hsi_rgb_warp\fusion_v2_deep_unsupervised\fused_cube.zarr\1.1.16","E:\Code\Geocore_M0-1_image_fusion\roi_outputs\ZKH3_132_140_roi_768x512_final_hsi_rgb_warp\fusion_v2_deep_unsupervised\fused_cube.zarr\1.1.16","REGENERABLE_FUSION_CUBE","8388608","C9B3F6B71E6EF8FB6297CC900DAA4D99C058E4E46A38373CC944EC8626CBD691"
"M0-1","E:\Code\Geocore_M0-1_image_fusion","roi_outputs\ZKH3_132_140_roi_768x512_final_hsi_rgb_warp\fusion_v2_deep_unsupervised\fused_cube.zarr\1.1.17","E:\Code\Geocore_M0-1_image_fusion\roi_outputs\ZKH3_132_140_roi_768x512_final_hsi_rgb_warp\fusion_v2_deep_unsupervised\fused_cube.zarr\1.1.17","REGENERABLE_FUSION_CUBE","8388608","6126FD6305BC83F83CA1165E798D783555850D8F655696B17A7370CA574EF862"
"M0-1","E:\Code\Geocore_M0-1_image_fusion","roi_outputs\ZKH3_132_140_roi_768x512_final_hsi_rgb_warp\fusion_v2_deep_unsupervised\fused_cube.zarr\1.1.2","E:\Code\Geocore_M0-1_image_fusion\roi_outputs\ZKH3_132_140_roi_768x512_final_hsi_rgb_warp\fusion_v2_deep_unsupervised\fused_cube.zarr\1.1.2","REGENERABLE_FUSION_CUBE","8388608","280A860B9FBF7F62893E203ABC8357D2EBF18B1FAC84A605CF9E70F05544054E"
"M0-1","E:\Code\Geocore_M0-1_image_fusion","roi_outputs\ZKH3_132_140_roi_768x512_final_hsi_rgb_warp\fusion_v2_deep_unsupervised\fused_cube.zarr\1.1.3","E:\Code\Geocore_M0-1_image_fusion\roi_outputs\ZKH3_132_140_roi_768x512_final_hsi_rgb_warp\fusion_v2_deep_unsupervised\fused_cube.zarr\1.1.3","REGENERABLE_FUSION_CUBE","8388608","0278475D5F7F402EC9CB89F6074E7717F3C620AD99F3ABAECB458317184678A5"
"M0-1","E:\Code\Geocore_M0-1_image_fusion","roi_outputs\ZKH3_132_140_roi_768x512_final_hsi_rgb_warp\fusion_v2_deep_unsupervised\fused_cube.zarr\1.1.4","E:\Code\Geocore_M0-1_image_fusion\roi_outputs\ZKH3_132_140_roi_768x512_final_hsi_rgb_warp\fusion_v2_deep_unsupervised\fused_cube.zarr\1.1.4","REGENERABLE_FUSION_CUBE","8388608","05EB856239DB434305468E45D3311112157825A3F41E3651DC6D729D0F010A65"
"M0-1","E:\Code\Geocore_M0-1_image_fusion","roi_outputs\ZKH3_132_140_roi_768x512_final_hsi_rgb_warp\fusion_v2_deep_unsupervised\fused_cube.zarr\1.1.5","E:\Code\Geocore_M0-1_image_fusion\roi_outputs\ZKH3_132_140_roi_768x512_final_hsi_rgb_warp\fusion_v2_deep_unsupervised\fused_cube.zarr\1.1.5","REGENERABLE_FUSION_CUBE","8388608","E280AB6FC3C6AA6B9421DD976F5268283CAC297CBA22EFD69D9561984F3BDF0D"
"M0-1","E:\Code\Geocore_M0-1_image_fusion","roi_outputs\ZKH3_132_140_roi_768x512_final_hsi_rgb_warp\fusion_v2_deep_unsupervised\fused_cube.zarr\1.1.6","E:\Code\Geocore_M0-1_image_fusion\roi_outputs\ZKH3_132_140_roi_768x512_final_hsi_rgb_warp\fusion_v2_deep_unsupervised\fused_cube.zarr\1.1.6","REGENERABLE_FUSION_CUBE","8388608","D151F37389C61FAA4EB4E0BD139DBDD01ADBB7AEF85A69A28BEB982B737035F2"
"M0-1","E:\Code\Geocore_M0-1_image_fusion","roi_outputs\ZKH3_132_140_roi_768x512_final_hsi_rgb_warp\fusion_v2_deep_unsupervised\fused_cube.zarr\1.1.7","E:\Code\Geocore_M0-1_image_fusion\roi_outputs\ZKH3_132_140_roi_768x512_final_hsi_rgb_warp\fusion_v2_deep_unsupervised\fused_cube.zarr\1.1.7","REGENERABLE_FUSION_CUBE","8388608","C0974666B6B3FCD4A9581C2BC9994786AEF85B55E3E5B25E0EAAA76902867D2A"
"M0-1","E:\Code\Geocore_M0-1_image_fusion","roi_outputs\ZKH3_132_140_roi_768x512_final_hsi_rgb_warp\fusion_v2_deep_unsupervised\fused_cube.zarr\1.1.8","E:\Code\Geocore_M0-1_image_fusion\roi_outputs\ZKH3_132_140_roi_768x512_final_hsi_rgb_warp\fusion_v2_deep_unsupervised\fused_cube.zarr\1.1.8","REGENERABLE_FUSION_CUBE","8388608","4C85FECDA1324444ACB356EC898181EDA07434906439464D09866B36178F386D"
"M0-1","E:\Code\Geocore_M0-1_image_fusion","roi_outputs\ZKH3_132_140_roi_768x512_final_hsi_rgb_warp\fusion_v2_deep_unsupervised\fused_cube.zarr\1.1.9","E:\Code\Geocore_M0-1_image_fusion\roi_outputs\ZKH3_132_140_roi_768x512_final_hsi_rgb_warp\fusion_v2_deep_unsupervised\fused_cube.zarr\1.1.9","REGENERABLE_FUSION_CUBE","8388608","E72C158964703A59AE6195F9F5ED364B4C5962B638272752E1BD28561747A1D0"
"M0-1","E:\Code\Geocore_M0-1_image_fusion","roi_outputs\ZKH3_132_140_roi_768x512_final_hsi_rgb_warp\fusion_v2_deep_unsupervised\fused_cube.zarr\2.0.0","E:\Code\Geocore_M0-1_image_fusion\roi_outputs\ZKH3_132_140_roi_768x512_final_hsi_rgb_warp\fusion_v2_deep_unsupervised\fused_cube.zarr\2.0.0","REGENERABLE_FUSION_CUBE","8388608","764286E642E0D4B834AC1639DCF68BD8665F2916DAE1C58A19758D46922A6BEF"
"M0-1","E:\Code\Geocore_M0-1_image_fusion","roi_outputs\ZKH3_132_140_roi_768x512_final_hsi_rgb_warp\fusion_v2_deep_unsupervised\fused_cube.zarr\2.0.1","E:\Code\Geocore_M0-1_image_fusion\roi_outputs\ZKH3_132_140_roi_768x512_final_hsi_rgb_warp\fusion_v2_deep_unsupervised\fused_cube.zarr\2.0.1","REGENERABLE_FUSION_CUBE","8388608","F7457681828CA306029A0D927732E4B9AB13D0E9F82ABFF00C2EA55D0E92A631"
"M0-1","E:\Code\Geocore_M0-1_image_fusion","roi_outputs\ZKH3_132_140_roi_768x512_final_hsi_rgb_warp\fusion_v2_deep_unsupervised\fused_cube.zarr\2.0.10","E:\Code\Geocore_M0-1_image_fusion\roi_outputs\ZKH3_132_140_roi_768x512_final_hsi_rgb_warp\fusion_v2_deep_unsupervised\fused_cube.zarr\2.0.10","REGENERABLE_FUSION_CUBE","8388608","AB4B96F7B6DAD69D4CCCC483EA40A2383D98F868D63EC0B394DB918B2AD44439"
"M0-1","E:\Code\Geocore_M0-1_image_fusion","roi_outputs\ZKH3_132_140_roi_768x512_final_hsi_rgb_warp\fusion_v2_deep_unsupervised\fused_cube.zarr\2.0.11","E:\Code\Geocore_M0-1_image_fusion\roi_outputs\ZKH3_132_140_roi_768x512_final_hsi_rgb_warp\fusion_v2_deep_unsupervised\fused_cube.zarr\2.0.11","REGENERABLE_FUSION_CUBE","8388608","D4931D2463DEB07227ED7E88B51819A89AB5EFBCC62376A3ABD0F955AED07B0F"
"M0-1","E:\Code\Geocore_M0-1_image_fusion","roi_outputs\ZKH3_132_140_roi_768x512_final_hsi_rgb_warp\fusion_v2_deep_unsupervised\fused_cube.zarr\2.0.12","E:\Code\Geocore_M0-1_image_fusion\roi_outputs\ZKH3_132_140_roi_768x512_final_hsi_rgb_warp\fusion_v2_deep_unsupervised\fused_cube.zarr\2.0.12","REGENERABLE_FUSION_CUBE","8388608","C14BE549A14EB4C5DD84C6329A0CB5AB210FEF4B2B515C772CD44C30053BD40D"
"M0-1","E:\Code\Geocore_M0-1_image_fusion","roi_outputs\ZKH3_132_140_roi_768x512_final_hsi_rgb_warp\fusion_v2_deep_unsupervised\fused_cube.zarr\2.0.13","E:\Code\Geocore_M0-1_image_fusion\roi_outputs\ZKH3_132_140_roi_768x512_final_hsi_rgb_warp\fusion_v2_deep_unsupervised\fused_cube.zarr\2.0.13","REGENERABLE_FUSION_CUBE","8388608","2D39B825811CBF3AB9669637FAC6B65BBE0B58C4CD19767606414D9D401075C6"
"M0-1","E:\Code\Geocore_M0-1_image_fusion","roi_outputs\ZKH3_132_140_roi_768x512_final_hsi_rgb_warp\fusion_v2_deep_unsupervised\fused_cube.zarr\2.0.14","E:\Code\Geocore_M0-1_image_fusion\roi_outputs\ZKH3_132_140_roi_768x512_final_hsi_rgb_warp\fusion_v2_deep_unsupervised\fused_cube.zarr\2.0.14","REGENERABLE_FUSION_CUBE","8388608","BBD5E114CFEAA04E1F4F0E3FE3E91C4BEAF4CEA15E87332FC933E78B082D3F56"
"M0-1","E:\Code\Geocore_M0-1_image_fusion","roi_outputs\ZKH3_132_140_roi_768x512_final_hsi_rgb_warp\fusion_v2_deep_unsupervised\fused_cube.zarr\2.0.15","E:\Code\Geocore_M0-1_image_fusion\roi_outputs\ZKH3_132_140_roi_768x512_final_hsi_rgb_warp\fusion_v2_deep_unsupervised\fused_cube.zarr\2.0.15","REGENERABLE_FUSION_CUBE","8388608","E2F74FE9480A58B3ED564ABD0E6DC000A043FB82C4342F467EB511B69E8546DE"
"M0-1","E:\Code\Geocore_M0-1_image_fusion","roi_outputs\ZKH3_132_140_roi_768x512_final_hsi_rgb_warp\fusion_v2_deep_unsupervised\fused_cube.zarr\2.0.16","E:\Code\Geocore_M0-1_image_fusion\roi_outputs\ZKH3_132_140_roi_768x512_final_hsi_rgb_warp\fusion_v2_deep_unsupervised\fused_cube.zarr\2.0.16","REGENERABLE_FUSION_CUBE","8388608","0C662F782EA652F6CB86B8FB52716CC1EADC4C4187606F2B24007E10449DFB74"
"M0-1","E:\Code\Geocore_M0-1_image_fusion","roi_outputs\ZKH3_132_140_roi_768x512_final_hsi_rgb_warp\fusion_v2_deep_unsupervised\fused_cube.zarr\2.0.17","E:\Code\Geocore_M0-1_image_fusion\roi_outputs\ZKH3_132_140_roi_768x512_final_hsi_rgb_warp\fusion_v2_deep_unsupervised\fused_cube.zarr\2.0.17","REGENERABLE_FUSION_CUBE","8388608","43B859323582B46745946E72E043CCFEA98E7AE55BEA57A67EF123511F191439"
"M0-1","E:\Code\Geocore_M0-1_image_fusion","roi_outputs\ZKH3_132_140_roi_768x512_final_hsi_rgb_warp\fusion_v2_deep_unsupervised\fused_cube.zarr\2.0.2","E:\Code\Geocore_M0-1_image_fusion\roi_outputs\ZKH3_132_140_roi_768x512_final_hsi_rgb_warp\fusion_v2_deep_unsupervised\fused_cube.zarr\2.0.2","REGENERABLE_FUSION_CUBE","8388608","CEB550984C6C04370EDFB8CA287CFBCD2E68A86E1D522278B6C1711ADBFE0BD7"
"M0-1","E:\Code\Geocore_M0-1_image_fusion","roi_outputs\ZKH3_132_140_roi_768x512_final_hsi_rgb_warp\fusion_v2_deep_unsupervised\fused_cube.zarr\2.0.3","E:\Code\Geocore_M0-1_image_fusion\roi_outputs\ZKH3_132_140_roi_768x512_final_hsi_rgb_warp\fusion_v2_deep_unsupervised\fused_cube.zarr\2.0.3","REGENERABLE_FUSION_CUBE","8388608","741D6113AA57E86D873DABACA67C95A6D1BF1235395375AADC4E4405E8AABB67"
"M0-1","E:\Code\Geocore_M0-1_image_fusion","roi_outputs\ZKH3_132_140_roi_768x512_final_hsi_rgb_warp\fusion_v2_deep_unsupervised\fused_cube.zarr\2.0.4","E:\Code\Geocore_M0-1_image_fusion\roi_outputs\ZKH3_132_140_roi_768x512_final_hsi_rgb_warp\fusion_v2_deep_unsupervised\fused_cube.zarr\2.0.4","REGENERABLE_FUSION_CUBE","8388608","7F0394FB2FFD498E31898088073877D1A635C81874F1FB7F869F773F988EE3C8"
"M0-1","E:\Code\Geocore_M0-1_image_fusion","roi_outputs\ZKH3_132_140_roi_768x512_final_hsi_rgb_warp\fusion_v2_deep_unsupervised\fused_cube.zarr\2.0.5","E:\Code\Geocore_M0-1_image_fusion\roi_outputs\ZKH3_132_140_roi_768x512_final_hsi_rgb_warp\fusion_v2_deep_unsupervised\fused_cube.zarr\2.0.5","REGENERABLE_FUSION_CUBE","8388608","DB67A078545492065F78EDE94001A6E60087B78A552AAC7FE2E6758574862F4E"
"M0-1","E:\Code\Geocore_M0-1_image_fusion","roi_outputs\ZKH3_132_140_roi_768x512_final_hsi_rgb_warp\fusion_v2_deep_unsupervised\fused_cube.zarr\2.0.6","E:\Code\Geocore_M0-1_image_fusion\roi_outputs\ZKH3_132_140_roi_768x512_final_hsi_rgb_warp\fusion_v2_deep_unsupervised\fused_cube.zarr\2.0.6","REGENERABLE_FUSION_CUBE","8388608","FD141DA7BA83B76B6D1690F28B8A978DDEA246491AE270EF567FB0456DDEFF85"
"M0-1","E:\Code\Geocore_M0-1_image_fusion","roi_outputs\ZKH3_132_140_roi_768x512_final_hsi_rgb_warp\fusion_v2_deep_unsupervised\fused_cube.zarr\2.0.7","E:\Code\Geocore_M0-1_image_fusion\roi_outputs\ZKH3_132_140_roi_768x512_final_hsi_rgb_warp\fusion_v2_deep_unsupervised\fused_cube.zarr\2.0.7","REGENERABLE_FUSION_CUBE","8388608","F1872ED9C9E83698ED43D3F044569583694B3A6E39FA48594F1D6D706D63FBE2"
"M0-1","E:\Code\Geocore_M0-1_image_fusion","roi_outputs\ZKH3_132_140_roi_768x512_final_hsi_rgb_warp\fusion_v2_deep_unsupervised\fused_cube.zarr\2.0.8","E:\Code\Geocore_M0-1_image_fusion\roi_outputs\ZKH3_132_140_roi_768x512_final_hsi_rgb_warp\fusion_v2_deep_unsupervised\fused_cube.zarr\2.0.8","REGENERABLE_FUSION_CUBE","8388608","B3E8A80829E6ADEC39094881B86C42BD3FE9B0845A3951597EE52980AEAE629D"
"M0-1","E:\Code\Geocore_M0-1_image_fusion","roi_outputs\ZKH3_132_140_roi_768x512_final_hsi_rgb_warp\fusion_v2_deep_unsupervised\fused_cube.zarr\2.0.9","E:\Code\Geocore_M0-1_image_fusion\roi_outputs\ZKH3_132_140_roi_768x512_final_hsi_rgb_warp\fusion_v2_deep_unsupervised\fused_cube.zarr\2.0.9","REGENERABLE_FUSION_CUBE","8388608","644DE7BEC6F5B0C97CB2EFE131E70849464F453FF79894391B167E52D22D3D83"
"M0-1","E:\Code\Geocore_M0-1_image_fusion","roi_outputs\ZKH3_132_140_roi_768x512_final_hsi_rgb_warp\fusion_v2_deep_unsupervised\fused_cube.zarr\2.1.0","E:\Code\Geocore_M0-1_image_fusion\roi_outputs\ZKH3_132_140_roi_768x512_final_hsi_rgb_warp\fusion_v2_deep_unsupervised\fused_cube.zarr\2.1.0","REGENERABLE_FUSION_CUBE","8388608","D4844954194F359A0C45002AD34DD3289C0007ABB82AEF53E45493BE32296747"
"M0-1","E:\Code\Geocore_M0-1_image_fusion","roi_outputs\ZKH3_132_140_roi_768x512_final_hsi_rgb_warp\fusion_v2_deep_unsupervised\fused_cube.zarr\2.1.1","E:\Code\Geocore_M0-1_image_fusion\roi_outputs\ZKH3_132_140_roi_768x512_final_hsi_rgb_warp\fusion_v2_deep_unsupervised\fused_cube.zarr\2.1.1","REGENERABLE_FUSION_CUBE","8388608","3DE20746BBD215418A3EBD85C09083241622A5D94FBC297F6BB3941D0B404D5E"
"M0-1","E:\Code\Geocore_M0-1_image_fusion","roi_outputs\ZKH3_132_140_roi_768x512_final_hsi_rgb_warp\fusion_v2_deep_unsupervised\fused_cube.zarr\2.1.10","E:\Code\Geocore_M0-1_image_fusion\roi_outputs\ZKH3_132_140_roi_768x512_final_hsi_rgb_warp\fusion_v2_deep_unsupervised\fused_cube.zarr\2.1.10","REGENERABLE_FUSION_CUBE","8388608","3465D09D4678AC0EDA5A603BF8FC65B2A6ED8D3F749C982F29D33DBA7DB61391"
"M0-1","E:\Code\Geocore_M0-1_image_fusion","roi_outputs\ZKH3_132_140_roi_768x512_final_hsi_rgb_warp\fusion_v2_deep_unsupervised\fused_cube.zarr\2.1.11","E:\Code\Geocore_M0-1_image_fusion\roi_outputs\ZKH3_132_140_roi_768x512_final_hsi_rgb_warp\fusion_v2_deep_unsupervised\fused_cube.zarr\2.1.11","REGENERABLE_FUSION_CUBE","8388608","462A7BC3A3CF8EA64B5A7B915EB095E3A8D1CF94DD7F6AE22D14F312DD4934DD"
"M0-1","E:\Code\Geocore_M0-1_image_fusion","roi_outputs\ZKH3_132_140_roi_768x512_final_hsi_rgb_warp\fusion_v2_deep_unsupervised\fused_cube.zarr\2.1.12","E:\Code\Geocore_M0-1_image_fusion\roi_outputs\ZKH3_132_140_roi_768x512_final_hsi_rgb_warp\fusion_v2_deep_unsupervised\fused_cube.zarr\2.1.12","REGENERABLE_FUSION_CUBE","8388608","F56CCB37FC6C15F52C8820EA1B77042CAF3FA2352D02DB91A91B1784B11B1AF5"
"M0-1","E:\Code\Geocore_M0-1_image_fusion","roi_outputs\ZKH3_132_140_roi_768x512_final_hsi_rgb_warp\fusion_v2_deep_unsupervised\fused_cube.zarr\2.1.13","E:\Code\Geocore_M0-1_image_fusion\roi_outputs\ZKH3_132_140_roi_768x512_final_hsi_rgb_warp\fusion_v2_deep_unsupervised\fused_cube.zarr\2.1.13","REGENERABLE_FUSION_CUBE","8388608","E7AD82366AA75F475CB35AEB6079FDB301A4AF849499B22B6FA22EB1AF71B056"
"M0-1","E:\Code\Geocore_M0-1_image_fusion","roi_outputs\ZKH3_132_140_roi_768x512_final_hsi_rgb_warp\fusion_v2_deep_unsupervised\fused_cube.zarr\2.1.14","E:\Code\Geocore_M0-1_image_fusion\roi_outputs\ZKH3_132_140_roi_768x512_final_hsi_rgb_warp\fusion_v2_deep_unsupervised\fused_cube.zarr\2.1.14","REGENERABLE_FUSION_CUBE","8388608","F1AF32AD9FB8B0D423129B132C755E2244248BE4FF332E5465CD28ADD377C69D"
"M0-1","E:\Code\Geocore_M0-1_image_fusion","roi_outputs\ZKH3_132_140_roi_768x512_final_hsi_rgb_warp\fusion_v2_deep_unsupervised\fused_cube.zarr\2.1.15","E:\Code\Geocore_M0-1_image_fusion\roi_outputs\ZKH3_132_140_roi_768x512_final_hsi_rgb_warp\fusion_v2_deep_unsupervised\fused_cube.zarr\2.1.15","REGENERABLE_FUSION_CUBE","8388608","2F729AD8520935E6723AE543E9FC58886E33C57ED1F12C92FE458B04318904F0"
"M0-1","E:\Code\Geocore_M0-1_image_fusion","roi_outputs\ZKH3_132_140_roi_768x512_final_hsi_rgb_warp\fusion_v2_deep_unsupervised\fused_cube.zarr\2.1.16","E:\Code\Geocore_M0-1_image_fusion\roi_outputs\ZKH3_132_140_roi_768x512_final_hsi_rgb_warp\fusion_v2_deep_unsupervised\fused_cube.zarr\2.1.16","REGENERABLE_FUSION_CUBE","8388608","1B30B374BA4DFF633802ECDD0FA650BEE2A4948EEDE4472C14D54E03BFF5130A"
"M0-1","E:\Code\Geocore_M0-1_image_fusion","roi_outputs\ZKH3_132_140_roi_768x512_final_hsi_rgb_warp\fusion_v2_deep_unsupervised\fused_cube.zarr\2.1.17","E:\Code\Geocore_M0-1_image_fusion\roi_outputs\ZKH3_132_140_roi_768x512_final_hsi_rgb_warp\fusion_v2_deep_unsupervised\fused_cube.zarr\2.1.17","REGENERABLE_FUSION_CUBE","8388608","756ECA721DE27D1E3136AB781D105DE94B22EF4C8DD193FB1FF8D1F344FB691F"
"M0-1","E:\Code\Geocore_M0-1_image_fusion","roi_outputs\ZKH3_132_140_roi_768x512_final_hsi_rgb_warp\fusion_v2_deep_unsupervised\fused_cube.zarr\2.1.2","E:\Code\Geocore_M0-1_image_fusion\roi_outputs\ZKH3_132_140_roi_768x512_final_hsi_rgb_warp\fusion_v2_deep_unsupervised\fused_cube.zarr\2.1.2","REGENERABLE_FUSION_CUBE","8388608","5846FFE3897CC6828C23B5F05883125A1D6ED218A5ADDBDD0CF5D021024103A5"
"M0-1","E:\Code\Geocore_M0-1_image_fusion","roi_outputs\ZKH3_132_140_roi_768x512_final_hsi_rgb_warp\fusion_v2_deep_unsupervised\fused_cube.zarr\2.1.3","E:\Code\Geocore_M0-1_image_fusion\roi_outputs\ZKH3_132_140_roi_768x512_final_hsi_rgb_warp\fusion_v2_deep_unsupervised\fused_cube.zarr\2.1.3","REGENERABLE_FUSION_CUBE","8388608","D6ED7768FC483EE8A5C67431C924FA8C9219FD9431138388BE539FFDA0FED62A"
"M0-1","E:\Code\Geocore_M0-1_image_fusion","roi_outputs\ZKH3_132_140_roi_768x512_final_hsi_rgb_warp\fusion_v2_deep_unsupervised\fused_cube.zarr\2.1.4","E:\Code\Geocore_M0-1_image_fusion\roi_outputs\ZKH3_132_140_roi_768x512_final_hsi_rgb_warp\fusion_v2_deep_unsupervised\fused_cube.zarr\2.1.4","REGENERABLE_FUSION_CUBE","8388608","C2A07C85C6FFB3DA811ACC2E7F2FA14DC510DFA0C05E42712B9E26DB90D9076E"
"M0-1","E:\Code\Geocore_M0-1_image_fusion","roi_outputs\ZKH3_132_140_roi_768x512_final_hsi_rgb_warp\fusion_v2_deep_unsupervised\fused_cube.zarr\2.1.5","E:\Code\Geocore_M0-1_image_fusion\roi_outputs\ZKH3_132_140_roi_768x512_final_hsi_rgb_warp\fusion_v2_deep_unsupervised\fused_cube.zarr\2.1.5","REGENERABLE_FUSION_CUBE","8388608","7D0BFC8345CA2942F64FD77E7B31927D86E736D82E1B55ADDEFCAABBDA5EEDF8"
"M0-1","E:\Code\Geocore_M0-1_image_fusion","roi_outputs\ZKH3_132_140_roi_768x512_final_hsi_rgb_warp\fusion_v2_deep_unsupervised\fused_cube.zarr\2.1.6","E:\Code\Geocore_M0-1_image_fusion\roi_outputs\ZKH3_132_140_roi_768x512_final_hsi_rgb_warp\fusion_v2_deep_unsupervised\fused_cube.zarr\2.1.6","REGENERABLE_FUSION_CUBE","8388608","3BFE6CC1E0475598D957DA5C042C08DD441689E6489A430A2B255C8A26908A9D"
"M0-1","E:\Code\Geocore_M0-1_image_fusion","roi_outputs\ZKH3_132_140_roi_768x512_final_hsi_rgb_warp\fusion_v2_deep_unsupervised\fused_cube.zarr\2.1.7","E:\Code\Geocore_M0-1_image_fusion\roi_outputs\ZKH3_132_140_roi_768x512_final_hsi_rgb_warp\fusion_v2_deep_unsupervised\fused_cube.zarr\2.1.7","REGENERABLE_FUSION_CUBE","8388608","E415F96D13A30FD89A21F2D6F89A0E4E23E4CFBE2FD8A1F08C9D45CDE81A7E18"
"M0-1","E:\Code\Geocore_M0-1_image_fusion","roi_outputs\ZKH3_132_140_roi_768x512_final_hsi_rgb_warp\fusion_v2_deep_unsupervised\fused_cube.zarr\2.1.8","E:\Code\Geocore_M0-1_image_fusion\roi_outputs\ZKH3_132_140_roi_768x512_final_hsi_rgb_warp\fusion_v2_deep_unsupervised\fused_cube.zarr\2.1.8","REGENERABLE_FUSION_CUBE","8388608","F0E98C40B45A1AE17694E542D277FE072B497D70B7A474D6E6DE6E73799BB891"
"M0-1","E:\Code\Geocore_M0-1_image_fusion","roi_outputs\ZKH3_132_140_roi_768x512_final_hsi_rgb_warp\fusion_v2_deep_unsupervised\fused_cube.zarr\2.1.9","E:\Code\Geocore_M0-1_image_fusion\roi_outputs\ZKH3_132_140_roi_768x512_final_hsi_rgb_warp\fusion_v2_deep_unsupervised\fused_cube.zarr\2.1.9","REGENERABLE_FUSION_CUBE","8388608","4CDF0CCAC1933E0B53E9FEDFCCD9583321A5DD0A4AAA9C0128A70DBF836D221B"
"M0-1","E:\Code\Geocore_M0-1_image_fusion","roi_outputs\ZKH3_132_140_roi_768x512_final_hsi_rgb_warp\fusion_v2_fast_preview\fused_cube.zarr\.zarray","E:\Code\Geocore_M0-1_image_fusion\roi_outputs\ZKH3_132_140_roi_768x512_final_hsi_rgb_warp\fusion_v2_fast_preview\fused_cube.zarr\.zarray","REGENERABLE_FUSION_CUBE","223","E77BB43D2782DD10A35B9ADD04AEE15BBCD7142DAF1164DA108EBA6D9626580B"
"M0-1","E:\Code\Geocore_M0-1_image_fusion","roi_outputs\ZKH3_132_140_roi_768x512_final_hsi_rgb_warp\fusion_v2_fast_preview\fused_cube.zarr\.zattrs","E:\Code\Geocore_M0-1_image_fusion\roi_outputs\ZKH3_132_140_roi_768x512_final_hsi_rgb_warp\fusion_v2_fast_preview\fused_cube.zarr\.zattrs","REGENERABLE_FUSION_CUBE","154","9EF127FB6C3A10F639128AA2020723F6C76CF03E6876DB043A5D4D8D2A33B790"
"M0-1","E:\Code\Geocore_M0-1_image_fusion","roi_outputs\ZKH3_132_140_roi_768x512_final_hsi_rgb_warp\fusion_v2_fast_preview\fused_cube.zarr\0.0.0","E:\Code\Geocore_M0-1_image_fusion\roi_outputs\ZKH3_132_140_roi_768x512_final_hsi_rgb_warp\fusion_v2_fast_preview\fused_cube.zarr\0.0.0","REGENERABLE_FUSION_CUBE","8388608","7B608B7B9318A61BF8826D0CD6897B0AA676F0B7C2A81CACEEC9489312F7ACA3"
"M0-1","E:\Code\Geocore_M0-1_image_fusion","roi_outputs\ZKH3_132_140_roi_768x512_final_hsi_rgb_warp\fusion_v2_fast_preview\fused_cube.zarr\0.0.1","E:\Code\Geocore_M0-1_image_fusion\roi_outputs\ZKH3_132_140_roi_768x512_final_hsi_rgb_warp\fusion_v2_fast_preview\fused_cube.zarr\0.0.1","REGENERABLE_FUSION_CUBE","8388608","2AB4BB7A90302505747E6A95F5D420E1B2FA45D9E93FFAEDD9F26611660F87B2"
"M0-1","E:\Code\Geocore_M0-1_image_fusion","roi_outputs\ZKH3_132_140_roi_768x512_final_hsi_rgb_warp\fusion_v2_fast_preview\fused_cube.zarr\0.0.10","E:\Code\Geocore_M0-1_image_fusion\roi_outputs\ZKH3_132_140_roi_768x512_final_hsi_rgb_warp\fusion_v2_fast_preview\fused_cube.zarr\0.0.10","REGENERABLE_FUSION_CUBE","8388608","EF155CAF603BBCBE939D542CA06B4684BC86C40691D25B48290B571989C479EB"
"M0-1","E:\Code\Geocore_M0-1_image_fusion","roi_outputs\ZKH3_132_140_roi_768x512_final_hsi_rgb_warp\fusion_v2_fast_preview\fused_cube.zarr\0.0.11","E:\Code\Geocore_M0-1_image_fusion\roi_outputs\ZKH3_132_140_roi_768x512_final_hsi_rgb_warp\fusion_v2_fast_preview\fused_cube.zarr\0.0.11","REGENERABLE_FUSION_CUBE","8388608","146B287DB343BE059F243C5A27E5AF856249308B2E9B88D855ABF98E9806F2EB"
"M0-1","E:\Code\Geocore_M0-1_image_fusion","roi_outputs\ZKH3_132_140_roi_768x512_final_hsi_rgb_warp\fusion_v2_fast_preview\fused_cube.zarr\0.0.12","E:\Code\Geocore_M0-1_image_fusion\roi_outputs\ZKH3_132_140_roi_768x512_final_hsi_rgb_warp\fusion_v2_fast_preview\fused_cube.zarr\0.0.12","REGENERABLE_FUSION_CUBE","8388608","08D09D59EB12447F13FE923FA926618019119684386D8633267073F30E774478"
"M0-1","E:\Code\Geocore_M0-1_image_fusion","roi_outputs\ZKH3_132_140_roi_768x512_final_hsi_rgb_warp\fusion_v2_fast_preview\fused_cube.zarr\0.0.13","E:\Code\Geocore_M0-1_image_fusion\roi_outputs\ZKH3_132_140_roi_768x512_final_hsi_rgb_warp\fusion_v2_fast_preview\fused_cube.zarr\0.0.13","REGENERABLE_FUSION_CUBE","8388608","B38D62696056A79ECACF90B6A1C62FD7BCC8851853E5D550AC82F2E6549423F1"
"M0-1","E:\Code\Geocore_M0-1_image_fusion","roi_outputs\ZKH3_132_140_roi_768x512_final_hsi_rgb_warp\fusion_v2_fast_preview\fused_cube.zarr\0.0.14","E:\Code\Geocore_M0-1_image_fusion\roi_outputs\ZKH3_132_140_roi_768x512_final_hsi_rgb_warp\fusion_v2_fast_preview\fused_cube.zarr\0.0.14","REGENERABLE_FUSION_CUBE","8388608","CFCFBA707716D680FCD8550656D721D09BE8C6F1AD822A7E59389D7B7DF54900"
"M0-1","E:\Code\Geocore_M0-1_image_fusion","roi_outputs\ZKH3_132_140_roi_768x512_final_hsi_rgb_warp\fusion_v2_fast_preview\fused_cube.zarr\0.0.15","E:\Code\Geocore_M0-1_image_fusion\roi_outputs\ZKH3_132_140_roi_768x512_final_hsi_rgb_warp\fusion_v2_fast_preview\fused_cube.zarr\0.0.15","REGENERABLE_FUSION_CUBE","8388608","03E40A2B2378D61CA6F80B82A0DB683DCEB4D72FDB9048592E97CEF3E893CA73"
"M0-1","E:\Code\Geocore_M0-1_image_fusion","roi_outputs\ZKH3_132_140_roi_768x512_final_hsi_rgb_warp\fusion_v2_fast_preview\fused_cube.zarr\0.0.16","E:\Code\Geocore_M0-1_image_fusion\roi_outputs\ZKH3_132_140_roi_768x512_final_hsi_rgb_warp\fusion_v2_fast_preview\fused_cube.zarr\0.0.16","REGENERABLE_FUSION_CUBE","8388608","D974F322EAE19BC978EBDA16037760A9B065322BA4D6804334ABCA0159483936"
"M0-1","E:\Code\Geocore_M0-1_image_fusion","roi_outputs\ZKH3_132_140_roi_768x512_final_hsi_rgb_warp\fusion_v2_fast_preview\fused_cube.zarr\0.0.17","E:\Code\Geocore_M0-1_image_fusion\roi_outputs\ZKH3_132_140_roi_768x512_final_hsi_rgb_warp\fusion_v2_fast_preview\fused_cube.zarr\0.0.17","REGENERABLE_FUSION_CUBE","8388608","09A6D93A72D9B8DC3D3A99B1976148F47348F1C5DA11317D49EA8A37232A28F3"
"M0-1","E:\Code\Geocore_M0-1_image_fusion","roi_outputs\ZKH3_132_140_roi_768x512_final_hsi_rgb_warp\fusion_v2_fast_preview\fused_cube.zarr\0.0.2","E:\Code\Geocore_M0-1_image_fusion\roi_outputs\ZKH3_132_140_roi_768x512_final_hsi_rgb_warp\fusion_v2_fast_preview\fused_cube.zarr\0.0.2","REGENERABLE_FUSION_CUBE","8388608","92C75E3B6AB7B8EC361D931CED5C1C7EF3E1FA9758E6DC0106C61B627FAF3301"
"M0-1","E:\Code\Geocore_M0-1_image_fusion","roi_outputs\ZKH3_132_140_roi_768x512_final_hsi_rgb_warp\fusion_v2_fast_preview\fused_cube.zarr\0.0.3","E:\Code\Geocore_M0-1_image_fusion\roi_outputs\ZKH3_132_140_roi_768x512_final_hsi_rgb_warp\fusion_v2_fast_preview\fused_cube.zarr\0.0.3","REGENERABLE_FUSION_CUBE","8388608","B4C5B1D313A715F72CBCC018A1F52293D4C6B1B8D3A7D1AD83678A652A0E1FB3"
"M0-1","E:\Code\Geocore_M0-1_image_fusion","roi_outputs\ZKH3_132_140_roi_768x512_final_hsi_rgb_warp\fusion_v2_fast_preview\fused_cube.zarr\0.0.4","E:\Code\Geocore_M0-1_image_fusion\roi_outputs\ZKH3_132_140_roi_768x512_final_hsi_rgb_warp\fusion_v2_fast_preview\fused_cube.zarr\0.0.4","REGENERABLE_FUSION_CUBE","8388608","C1E7EBF50F52E65518CD5C08670B93A25C3E9C7ECA75D44C299D7F3585757379"
"M0-1","E:\Code\Geocore_M0-1_image_fusion","roi_outputs\ZKH3_132_140_roi_768x512_final_hsi_rgb_warp\fusion_v2_fast_preview\fused_cube.zarr\0.0.5","E:\Code\Geocore_M0-1_image_fusion\roi_outputs\ZKH3_132_140_roi_768x512_final_hsi_rgb_warp\fusion_v2_fast_preview\fused_cube.zarr\0.0.5","REGENERABLE_FUSION_CUBE","8388608","659E10C0A3A0F5FBED59B5902706460AD35ED1A08C0C8FCCC4E51EA2228AAF1A"
"M0-1","E:\Code\Geocore_M0-1_image_fusion","roi_outputs\ZKH3_132_140_roi_768x512_final_hsi_rgb_warp\fusion_v2_fast_preview\fused_cube.zarr\0.0.6","E:\Code\Geocore_M0-1_image_fusion\roi_outputs\ZKH3_132_140_roi_768x512_final_hsi_rgb_warp\fusion_v2_fast_preview\fused_cube.zarr\0.0.6","REGENERABLE_FUSION_CUBE","8388608","8DA4B252234AB30794D4980C311BE727EB368384FC6243C80DFDBFA0E7EE522E"
"M0-1","E:\Code\Geocore_M0-1_image_fusion","roi_outputs\ZKH3_132_140_roi_768x512_final_hsi_rgb_warp\fusion_v2_fast_preview\fused_cube.zarr\0.0.7","E:\Code\Geocore_M0-1_image_fusion\roi_outputs\ZKH3_132_140_roi_768x512_final_hsi_rgb_warp\fusion_v2_fast_preview\fused_cube.zarr\0.0.7","REGENERABLE_FUSION_CUBE","8388608","6B7719CBAE2D93F45681212BDDFD9327FA21C25C0402182DE320A8C3B294D68A"
"M0-1","E:\Code\Geocore_M0-1_image_fusion","roi_outputs\ZKH3_132_140_roi_768x512_final_hsi_rgb_warp\fusion_v2_fast_preview\fused_cube.zarr\0.0.8","E:\Code\Geocore_M0-1_image_fusion\roi_outputs\ZKH3_132_140_roi_768x512_final_hsi_rgb_warp\fusion_v2_fast_preview\fused_cube.zarr\0.0.8","REGENERABLE_FUSION_CUBE","8388608","DCAAE4EBD5A2E1C7F4522C3615417A3781E0D763E0D3A8B4B295C3A482A0AD69"
"M0-1","E:\Code\Geocore_M0-1_image_fusion","roi_outputs\ZKH3_132_140_roi_768x512_final_hsi_rgb_warp\fusion_v2_fast_preview\fused_cube.zarr\0.0.9","E:\Code\Geocore_M0-1_image_fusion\roi_outputs\ZKH3_132_140_roi_768x512_final_hsi_rgb_warp\fusion_v2_fast_preview\fused_cube.zarr\0.0.9","REGENERABLE_FUSION_CUBE","8388608","70C96C19253A8CD862245F160EEEEBA6B7C5FDAE0D3355B8733235BE937961A1"
"M0-1","E:\Code\Geocore_M0-1_image_fusion","roi_outputs\ZKH3_132_140_roi_768x512_final_hsi_rgb_warp\fusion_v2_fast_preview\fused_cube.zarr\0.1.0","E:\Code\Geocore_M0-1_image_fusion\roi_outputs\ZKH3_132_140_roi_768x512_final_hsi_rgb_warp\fusion_v2_fast_preview\fused_cube.zarr\0.1.0","REGENERABLE_FUSION_CUBE","8388608","0A07FB56D643C7BAA02BE8AC298A7F744430B68F8A4929699F9DE1822E883391"
"M0-1","E:\Code\Geocore_M0-1_image_fusion","roi_outputs\ZKH3_132_140_roi_768x512_final_hsi_rgb_warp\fusion_v2_fast_preview\fused_cube.zarr\0.1.1","E:\Code\Geocore_M0-1_image_fusion\roi_outputs\ZKH3_132_140_roi_768x512_final_hsi_rgb_warp\fusion_v2_fast_preview\fused_cube.zarr\0.1.1","REGENERABLE_FUSION_CUBE","8388608","617CB9EBF067284CD74B9532D7DD05DB165A04914157B03AE9EBE11922FB7A07"
"M0-1","E:\Code\Geocore_M0-1_image_fusion","roi_outputs\ZKH3_132_140_roi_768x512_final_hsi_rgb_warp\fusion_v2_fast_preview\fused_cube.zarr\0.1.10","E:\Code\Geocore_M0-1_image_fusion\roi_outputs\ZKH3_132_140_roi_768x512_final_hsi_rgb_warp\fusion_v2_fast_preview\fused_cube.zarr\0.1.10","REGENERABLE_FUSION_CUBE","8388608","3128CA9402D4E3D7CFA0DBA21E986503A809625C5144BC252A2F1DD785318948"
"M0-1","E:\Code\Geocore_M0-1_image_fusion","roi_outputs\ZKH3_132_140_roi_768x512_final_hsi_rgb_warp\fusion_v2_fast_preview\fused_cube.zarr\0.1.11","E:\Code\Geocore_M0-1_image_fusion\roi_outputs\ZKH3_132_140_roi_768x512_final_hsi_rgb_warp\fusion_v2_fast_preview\fused_cube.zarr\0.1.11","REGENERABLE_FUSION_CUBE","8388608","DC66A2AECCB5F0724CE6E717E4480AFE85E0AE1EF3FADF4B141CFECBD8EB27C2"
"M0-1","E:\Code\Geocore_M0-1_image_fusion","roi_outputs\ZKH3_132_140_roi_768x512_final_hsi_rgb_warp\fusion_v2_fast_preview\fused_cube.zarr\0.1.12","E:\Code\Geocore_M0-1_image_fusion\roi_outputs\ZKH3_132_140_roi_768x512_final_hsi_rgb_warp\fusion_v2_fast_preview\fused_cube.zarr\0.1.12","REGENERABLE_FUSION_CUBE","8388608","510E881EBDE39480E0B9F7102558A7DD6304DB812D52C31A0F83F3BF6F318FF0"
"M0-1","E:\Code\Geocore_M0-1_image_fusion","roi_outputs\ZKH3_132_140_roi_768x512_final_hsi_rgb_warp\fusion_v2_fast_preview\fused_cube.zarr\0.1.13","E:\Code\Geocore_M0-1_image_fusion\roi_outputs\ZKH3_132_140_roi_768x512_final_hsi_rgb_warp\fusion_v2_fast_preview\fused_cube.zarr\0.1.13","REGENERABLE_FUSION_CUBE","8388608","9663A8AED14749D235A4934E8A1EDD1E7BF74C9AC0D288CD0058ED7A5F057E99"
"M0-1","E:\Code\Geocore_M0-1_image_fusion","roi_outputs\ZKH3_132_140_roi_768x512_final_hsi_rgb_warp\fusion_v2_fast_preview\fused_cube.zarr\0.1.14","E:\Code\Geocore_M0-1_image_fusion\roi_outputs\ZKH3_132_140_roi_768x512_final_hsi_rgb_warp\fusion_v2_fast_preview\fused_cube.zarr\0.1.14","REGENERABLE_FUSION_CUBE","8388608","5B80D18D5700CE456B7B4A038981667E4C1D69E76B663888B825CF4B35F82343"
"M0-1","E:\Code\Geocore_M0-1_image_fusion","roi_outputs\ZKH3_132_140_roi_768x512_final_hsi_rgb_warp\fusion_v2_fast_preview\fused_cube.zarr\0.1.15","E:\Code\Geocore_M0-1_image_fusion\roi_outputs\ZKH3_132_140_roi_768x512_final_hsi_rgb_warp\fusion_v2_fast_preview\fused_cube.zarr\0.1.15","REGENERABLE_FUSION_CUBE","8388608","7D8A132B8BFA5894DDEDA7C9A7DA0656F0639C57AA0CBB7CBB9FBE785CA3F2B2"
"M0-1","E:\Code\Geocore_M0-1_image_fusion","roi_outputs\ZKH3_132_140_roi_768x512_final_hsi_rgb_warp\fusion_v2_fast_preview\fused_cube.zarr\0.1.16","E:\Code\Geocore_M0-1_image_fusion\roi_outputs\ZKH3_132_140_roi_768x512_final_hsi_rgb_warp\fusion_v2_fast_preview\fused_cube.zarr\0.1.16","REGENERABLE_FUSION_CUBE","8388608","1267DD1E353215B1E2FAA1698E2108CB27ADD7D9DA9940A1D1E9F4DBFC3E0FDB"
"M0-1","E:\Code\Geocore_M0-1_image_fusion","roi_outputs\ZKH3_132_140_roi_768x512_final_hsi_rgb_warp\fusion_v2_fast_preview\fused_cube.zarr\0.1.17","E:\Code\Geocore_M0-1_image_fusion\roi_outputs\ZKH3_132_140_roi_768x512_final_hsi_rgb_warp\fusion_v2_fast_preview\fused_cube.zarr\0.1.17","REGENERABLE_FUSION_CUBE","8388608","3B9931F24B62D3BEF8C170E0546833EDEB126AE8ABE827D588E5F4EC897D7C31"
"M0-1","E:\Code\Geocore_M0-1_image_fusion","roi_outputs\ZKH3_132_140_roi_768x512_final_hsi_rgb_warp\fusion_v2_fast_preview\fused_cube.zarr\0.1.2","E:\Code\Geocore_M0-1_image_fusion\roi_outputs\ZKH3_132_140_roi_768x512_final_hsi_rgb_warp\fusion_v2_fast_preview\fused_cube.zarr\0.1.2","REGENERABLE_FUSION_CUBE","8388608","D80E064FA79B31AE315490090595D95BF0F32E1047C72C8DBED70A874B1B248A"
"M0-1","E:\Code\Geocore_M0-1_image_fusion","roi_outputs\ZKH3_132_140_roi_768x512_final_hsi_rgb_warp\fusion_v2_fast_preview\fused_cube.zarr\0.1.3","E:\Code\Geocore_M0-1_image_fusion\roi_outputs\ZKH3_132_140_roi_768x512_final_hsi_rgb_warp\fusion_v2_fast_preview\fused_cube.zarr\0.1.3","REGENERABLE_FUSION_CUBE","8388608","193CF8E23F90B346EC2451C1C45E1A6D2BD7CE477BEE02B950CBE31471BFA819"
"M0-1","E:\Code\Geocore_M0-1_image_fusion","roi_outputs\ZKH3_132_140_roi_768x512_final_hsi_rgb_warp\fusion_v2_fast_preview\fused_cube.zarr\0.1.4","E:\Code\Geocore_M0-1_image_fusion\roi_outputs\ZKH3_132_140_roi_768x512_final_hsi_rgb_warp\fusion_v2_fast_preview\fused_cube.zarr\0.1.4","REGENERABLE_FUSION_CUBE","8388608","11FA9FCDE82E11107E0F3E091D163CF68A4E16E3F29220C702CC85A781E3077D"
"M0-1","E:\Code\Geocore_M0-1_image_fusion","roi_outputs\ZKH3_132_140_roi_768x512_final_hsi_rgb_warp\fusion_v2_fast_preview\fused_cube.zarr\0.1.5","E:\Code\Geocore_M0-1_image_fusion\roi_outputs\ZKH3_132_140_roi_768x512_final_hsi_rgb_warp\fusion_v2_fast_preview\fused_cube.zarr\0.1.5","REGENERABLE_FUSION_CUBE","8388608","3F85FFEE70B56B48C00F64502673A33064CEDF809193267DE1F0AD11CA0D1A8C"
"M0-1","E:\Code\Geocore_M0-1_image_fusion","roi_outputs\ZKH3_132_140_roi_768x512_final_hsi_rgb_warp\fusion_v2_fast_preview\fused_cube.zarr\0.1.6","E:\Code\Geocore_M0-1_image_fusion\roi_outputs\ZKH3_132_140_roi_768x512_final_hsi_rgb_warp\fusion_v2_fast_preview\fused_cube.zarr\0.1.6","REGENERABLE_FUSION_CUBE","8388608","DCEE2A80693E4CF6131F42DFC302E8BDA09B9C957A4F354A8FFD72E39ADA9352"
"M0-1","E:\Code\Geocore_M0-1_image_fusion","roi_outputs\ZKH3_132_140_roi_768x512_final_hsi_rgb_warp\fusion_v2_fast_preview\fused_cube.zarr\0.1.7","E:\Code\Geocore_M0-1_image_fusion\roi_outputs\ZKH3_132_140_roi_768x512_final_hsi_rgb_warp\fusion_v2_fast_preview\fused_cube.zarr\0.1.7","REGENERABLE_FUSION_CUBE","8388608","C59E4F2ED0F403ED73AA07CED38D08C174D810CD1100A62AF424E113E37BC5AD"
"M0-1","E:\Code\Geocore_M0-1_image_fusion","roi_outputs\ZKH3_132_140_roi_768x512_final_hsi_rgb_warp\fusion_v2_fast_preview\fused_cube.zarr\0.1.8","E:\Code\Geocore_M0-1_image_fusion\roi_outputs\ZKH3_132_140_roi_768x512_final_hsi_rgb_warp\fusion_v2_fast_preview\fused_cube.zarr\0.1.8","REGENERABLE_FUSION_CUBE","8388608","712EA2501B9B5EBC9A5FCE6E71BD78BEF9D0F2C79459144BFEED5AD0B5A7008E"
"M0-1","E:\Code\Geocore_M0-1_image_fusion","roi_outputs\ZKH3_132_140_roi_768x512_final_hsi_rgb_warp\fusion_v2_fast_preview\fused_cube.zarr\0.1.9","E:\Code\Geocore_M0-1_image_fusion\roi_outputs\ZKH3_132_140_roi_768x512_final_hsi_rgb_warp\fusion_v2_fast_preview\fused_cube.zarr\0.1.9","REGENERABLE_FUSION_CUBE","8388608","C762E65E61B2D5781A316EDF7F9D6C4AEE85B8564C7563F197FF5C74090230FE"
"M0-1","E:\Code\Geocore_M0-1_image_fusion","roi_outputs\ZKH3_132_140_roi_768x512_final_hsi_rgb_warp\fusion_v2_fast_preview\fused_cube.zarr\1.0.0","E:\Code\Geocore_M0-1_image_fusion\roi_outputs\ZKH3_132_140_roi_768x512_final_hsi_rgb_warp\fusion_v2_fast_preview\fused_cube.zarr\1.0.0","REGENERABLE_FUSION_CUBE","8388608","AC1FC10402CCB5A19949FF3F02C712EDC4DEB71A9B0147A02D755A35B1822FA5"
"M0-1","E:\Code\Geocore_M0-1_image_fusion","roi_outputs\ZKH3_132_140_roi_768x512_final_hsi_rgb_warp\fusion_v2_fast_preview\fused_cube.zarr\1.0.1","E:\Code\Geocore_M0-1_image_fusion\roi_outputs\ZKH3_132_140_roi_768x512_final_hsi_rgb_warp\fusion_v2_fast_preview\fused_cube.zarr\1.0.1","REGENERABLE_FUSION_CUBE","8388608","5E75CC7579AE64CE81288425B318B4165F64B4DEEF279423620E3DF888A6CD32"
"M0-1","E:\Code\Geocore_M0-1_image_fusion","roi_outputs\ZKH3_132_140_roi_768x512_final_hsi_rgb_warp\fusion_v2_fast_preview\fused_cube.zarr\1.0.10","E:\Code\Geocore_M0-1_image_fusion\roi_outputs\ZKH3_132_140_roi_768x512_final_hsi_rgb_warp\fusion_v2_fast_preview\fused_cube.zarr\1.0.10","REGENERABLE_FUSION_CUBE","8388608","06BEACFDF1A8A8307F9FBB03E70784E06CC8C0CBD297F6C4AB85922A17E66BEA"
"M0-1","E:\Code\Geocore_M0-1_image_fusion","roi_outputs\ZKH3_132_140_roi_768x512_final_hsi_rgb_warp\fusion_v2_fast_preview\fused_cube.zarr\1.0.11","E:\Code\Geocore_M0-1_image_fusion\roi_outputs\ZKH3_132_140_roi_768x512_final_hsi_rgb_warp\fusion_v2_fast_preview\fused_cube.zarr\1.0.11","REGENERABLE_FUSION_CUBE","8388608","D73D98B7BF042CAC25A18D0C652D5E89A1361A9882AB01A358DB34B0527A9745"
"M0-1","E:\Code\Geocore_M0-1_image_fusion","roi_outputs\ZKH3_132_140_roi_768x512_final_hsi_rgb_warp\fusion_v2_fast_preview\fused_cube.zarr\1.0.12","E:\Code\Geocore_M0-1_image_fusion\roi_outputs\ZKH3_132_140_roi_768x512_final_hsi_rgb_warp\fusion_v2_fast_preview\fused_cube.zarr\1.0.12","REGENERABLE_FUSION_CUBE","8388608","BCF3B258DB9111098635CD124EF1E3575DF85CD2631A6E8CAD3E64FAD267E9C6"
"M0-1","E:\Code\Geocore_M0-1_image_fusion","roi_outputs\ZKH3_132_140_roi_768x512_final_hsi_rgb_warp\fusion_v2_fast_preview\fused_cube.zarr\1.0.13","E:\Code\Geocore_M0-1_image_fusion\roi_outputs\ZKH3_132_140_roi_768x512_final_hsi_rgb_warp\fusion_v2_fast_preview\fused_cube.zarr\1.0.13","REGENERABLE_FUSION_CUBE","8388608","93EC3A41983770F0D280666792448FE89731CBBD24B3190CED6103B104B863A9"
"M0-1","E:\Code\Geocore_M0-1_image_fusion","roi_outputs\ZKH3_132_140_roi_768x512_final_hsi_rgb_warp\fusion_v2_fast_preview\fused_cube.zarr\1.0.14","E:\Code\Geocore_M0-1_image_fusion\roi_outputs\ZKH3_132_140_roi_768x512_final_hsi_rgb_warp\fusion_v2_fast_preview\fused_cube.zarr\1.0.14","REGENERABLE_FUSION_CUBE","8388608","17327F09378AD21ED497664830DDCB63A73B2FA8C77AB886E59021B5A409E0DD"
"M0-1","E:\Code\Geocore_M0-1_image_fusion","roi_outputs\ZKH3_132_140_roi_768x512_final_hsi_rgb_warp\fusion_v2_fast_preview\fused_cube.zarr\1.0.15","E:\Code\Geocore_M0-1_image_fusion\roi_outputs\ZKH3_132_140_roi_768x512_final_hsi_rgb_warp\fusion_v2_fast_preview\fused_cube.zarr\1.0.15","REGENERABLE_FUSION_CUBE","8388608","F66B179669685D1DE173F80A7C60B29A69F70133907664E5DD639957440677F5"
"M0-1","E:\Code\Geocore_M0-1_image_fusion","roi_outputs\ZKH3_132_140_roi_768x512_final_hsi_rgb_warp\fusion_v2_fast_preview\fused_cube.zarr\1.0.16","E:\Code\Geocore_M0-1_image_fusion\roi_outputs\ZKH3_132_140_roi_768x512_final_hsi_rgb_warp\fusion_v2_fast_preview\fused_cube.zarr\1.0.16","REGENERABLE_FUSION_CUBE","8388608","6CE6BCC228FF884C6478920539CFFDE296673A494D90DD529EB1DE8211720CF0"
"M0-1","E:\Code\Geocore_M0-1_image_fusion","roi_outputs\ZKH3_132_140_roi_768x512_final_hsi_rgb_warp\fusion_v2_fast_preview\fused_cube.zarr\1.0.17","E:\Code\Geocore_M0-1_image_fusion\roi_outputs\ZKH3_132_140_roi_768x512_final_hsi_rgb_warp\fusion_v2_fast_preview\fused_cube.zarr\1.0.17","REGENERABLE_FUSION_CUBE","8388608","F3E67015A9267D78A875B6BE986CB3F06F9419EFAE9E5322F08ACB89F49F1458"
"M0-1","E:\Code\Geocore_M0-1_image_fusion","roi_outputs\ZKH3_132_140_roi_768x512_final_hsi_rgb_warp\fusion_v2_fast_preview\fused_cube.zarr\1.0.2","E:\Code\Geocore_M0-1_image_fusion\roi_outputs\ZKH3_132_140_roi_768x512_final_hsi_rgb_warp\fusion_v2_fast_preview\fused_cube.zarr\1.0.2","REGENERABLE_FUSION_CUBE","8388608","9F9D29DAACC21B2B3EE27003CC21C946C25CD6AFB966E7BDA0BC4F540232DD57"
"M0-1","E:\Code\Geocore_M0-1_image_fusion","roi_outputs\ZKH3_132_140_roi_768x512_final_hsi_rgb_warp\fusion_v2_fast_preview\fused_cube.zarr\1.0.3","E:\Code\Geocore_M0-1_image_fusion\roi_outputs\ZKH3_132_140_roi_768x512_final_hsi_rgb_warp\fusion_v2_fast_preview\fused_cube.zarr\1.0.3","REGENERABLE_FUSION_CUBE","8388608","A94882EB2F2CABF7D1C1FAB3D982C84A2680043EEA834D39DA197C8198908AFB"
"M0-1","E:\Code\Geocore_M0-1_image_fusion","roi_outputs\ZKH3_132_140_roi_768x512_final_hsi_rgb_warp\fusion_v2_fast_preview\fused_cube.zarr\1.0.4","E:\Code\Geocore_M0-1_image_fusion\roi_outputs\ZKH3_132_140_roi_768x512_final_hsi_rgb_warp\fusion_v2_fast_preview\fused_cube.zarr\1.0.4","REGENERABLE_FUSION_CUBE","8388608","1504B6BFEB30E8E8E6D2FB8ADCF1849CA6FEA1B1108E56FE8D1E4055648331CB"
"M0-1","E:\Code\Geocore_M0-1_image_fusion","roi_outputs\ZKH3_132_140_roi_768x512_final_hsi_rgb_warp\fusion_v2_fast_preview\fused_cube.zarr\1.0.5","E:\Code\Geocore_M0-1_image_fusion\roi_outputs\ZKH3_132_140_roi_768x512_final_hsi_rgb_warp\fusion_v2_fast_preview\fused_cube.zarr\1.0.5","REGENERABLE_FUSION_CUBE","8388608","C3CEE03204DED19BE16E3B74A870B3CAB6AAE552D7BD43CBC5451D7702E725C7"
"M0-1","E:\Code\Geocore_M0-1_image_fusion","roi_outputs\ZKH3_132_140_roi_768x512_final_hsi_rgb_warp\fusion_v2_fast_preview\fused_cube.zarr\1.0.6","E:\Code\Geocore_M0-1_image_fusion\roi_outputs\ZKH3_132_140_roi_768x512_final_hsi_rgb_warp\fusion_v2_fast_preview\fused_cube.zarr\1.0.6","REGENERABLE_FUSION_CUBE","8388608","2E7CC722B97F50D5369C1818D71CF50BE712D11E55569E3DCD024E642218A7B1"
"M0-1","E:\Code\Geocore_M0-1_image_fusion","roi_outputs\ZKH3_132_140_roi_768x512_final_hsi_rgb_warp\fusion_v2_fast_preview\fused_cube.zarr\1.0.7","E:\Code\Geocore_M0-1_image_fusion\roi_outputs\ZKH3_132_140_roi_768x512_final_hsi_rgb_warp\fusion_v2_fast_preview\fused_cube.zarr\1.0.7","REGENERABLE_FUSION_CUBE","8388608","2953CDB15AC7437C36F337DA6FCB8A113CE7E432E7C951F530F896D9AA009438"
"M0-1","E:\Code\Geocore_M0-1_image_fusion","roi_outputs\ZKH3_132_140_roi_768x512_final_hsi_rgb_warp\fusion_v2_fast_preview\fused_cube.zarr\1.0.8","E:\Code\Geocore_M0-1_image_fusion\roi_outputs\ZKH3_132_140_roi_768x512_final_hsi_rgb_warp\fusion_v2_fast_preview\fused_cube.zarr\1.0.8","REGENERABLE_FUSION_CUBE","8388608","74B48DB9FE26C0B860D27594177075EB4AE9BB37F9DB1A816ADAD7E3C5498E35"
"M0-1","E:\Code\Geocore_M0-1_image_fusion","roi_outputs\ZKH3_132_140_roi_768x512_final_hsi_rgb_warp\fusion_v2_fast_preview\fused_cube.zarr\1.0.9","E:\Code\Geocore_M0-1_image_fusion\roi_outputs\ZKH3_132_140_roi_768x512_final_hsi_rgb_warp\fusion_v2_fast_preview\fused_cube.zarr\1.0.9","REGENERABLE_FUSION_CUBE","8388608","3D4D4E1ADD993D135BC97B3E560732F3F9992683A7E704548AD8D1351711AEA1"
"M0-1","E:\Code\Geocore_M0-1_image_fusion","roi_outputs\ZKH3_132_140_roi_768x512_final_hsi_rgb_warp\fusion_v2_fast_preview\fused_cube.zarr\1.1.0","E:\Code\Geocore_M0-1_image_fusion\roi_outputs\ZKH3_132_140_roi_768x512_final_hsi_rgb_warp\fusion_v2_fast_preview\fused_cube.zarr\1.1.0","REGENERABLE_FUSION_CUBE","8388608","BFAF91D8430CEFEE20511044F82B835714115885E9261B3D8E159AC53444880C"
"M0-1","E:\Code\Geocore_M0-1_image_fusion","roi_outputs\ZKH3_132_140_roi_768x512_final_hsi_rgb_warp\fusion_v2_fast_preview\fused_cube.zarr\1.1.1","E:\Code\Geocore_M0-1_image_fusion\roi_outputs\ZKH3_132_140_roi_768x512_final_hsi_rgb_warp\fusion_v2_fast_preview\fused_cube.zarr\1.1.1","REGENERABLE_FUSION_CUBE","8388608","B12E30CFCF82B822821038D3F6E46D505BD1B501399F2BEA7148FA9B28F21BC4"
"M0-1","E:\Code\Geocore_M0-1_image_fusion","roi_outputs\ZKH3_132_140_roi_768x512_final_hsi_rgb_warp\fusion_v2_fast_preview\fused_cube.zarr\1.1.10","E:\Code\Geocore_M0-1_image_fusion\roi_outputs\ZKH3_132_140_roi_768x512_final_hsi_rgb_warp\fusion_v2_fast_preview\fused_cube.zarr\1.1.10","REGENERABLE_FUSION_CUBE","8388608","A51035C3E4288C79078ADE4A0CDAE9BBB2C8235790FE42DFB342F85336DBBE45"
"M0-1","E:\Code\Geocore_M0-1_image_fusion","roi_outputs\ZKH3_132_140_roi_768x512_final_hsi_rgb_warp\fusion_v2_fast_preview\fused_cube.zarr\1.1.11","E:\Code\Geocore_M0-1_image_fusion\roi_outputs\ZKH3_132_140_roi_768x512_final_hsi_rgb_warp\fusion_v2_fast_preview\fused_cube.zarr\1.1.11","REGENERABLE_FUSION_CUBE","8388608","F0E96F6F2B985759D8A225AB2AC4FF483F242B2ABC351279C05B732A659BECA9"
"M0-1","E:\Code\Geocore_M0-1_image_fusion","roi_outputs\ZKH3_132_140_roi_768x512_final_hsi_rgb_warp\fusion_v2_fast_preview\fused_cube.zarr\1.1.12","E:\Code\Geocore_M0-1_image_fusion\roi_outputs\ZKH3_132_140_roi_768x512_final_hsi_rgb_warp\fusion_v2_fast_preview\fused_cube.zarr\1.1.12","REGENERABLE_FUSION_CUBE","8388608","1E1F931A1A060C24B639562EDFB6BC4CF838CF2850A81549F1EE2407D7A41DEE"
"M0-1","E:\Code\Geocore_M0-1_image_fusion","roi_outputs\ZKH3_132_140_roi_768x512_final_hsi_rgb_warp\fusion_v2_fast_preview\fused_cube.zarr\1.1.13","E:\Code\Geocore_M0-1_image_fusion\roi_outputs\ZKH3_132_140_roi_768x512_final_hsi_rgb_warp\fusion_v2_fast_preview\fused_cube.zarr\1.1.13","REGENERABLE_FUSION_CUBE","8388608","A05E5A131E8CB144A9F3BEA18FB471E6EF848CC2FD8A0A2C8EF5C4951CC745EB"
"M0-1","E:\Code\Geocore_M0-1_image_fusion","roi_outputs\ZKH3_132_140_roi_768x512_final_hsi_rgb_warp\fusion_v2_fast_preview\fused_cube.zarr\1.1.14","E:\Code\Geocore_M0-1_image_fusion\roi_outputs\ZKH3_132_140_roi_768x512_final_hsi_rgb_warp\fusion_v2_fast_preview\fused_cube.zarr\1.1.14","REGENERABLE_FUSION_CUBE","8388608","433BFD8ADC9D4F195A93DF335BCE28AD549EC3EC780ADC6C2BAD923254833806"
"M0-1","E:\Code\Geocore_M0-1_image_fusion","roi_outputs\ZKH3_132_140_roi_768x512_final_hsi_rgb_warp\fusion_v2_fast_preview\fused_cube.zarr\1.1.15","E:\Code\Geocore_M0-1_image_fusion\roi_outputs\ZKH3_132_140_roi_768x512_final_hsi_rgb_warp\fusion_v2_fast_preview\fused_cube.zarr\1.1.15","REGENERABLE_FUSION_CUBE","8388608","186D66569442A709B6422C7EE3BFCE31A152B75167ED91ADFF361B6AD4EED343"
"M0-1","E:\Code\Geocore_M0-1_image_fusion","roi_outputs\ZKH3_132_140_roi_768x512_final_hsi_rgb_warp\fusion_v2_fast_preview\fused_cube.zarr\1.1.16","E:\Code\Geocore_M0-1_image_fusion\roi_outputs\ZKH3_132_140_roi_768x512_final_hsi_rgb_warp\fusion_v2_fast_preview\fused_cube.zarr\1.1.16","REGENERABLE_FUSION_CUBE","8388608","E1C299FFE772E5F4A864C0D276ADCC796CD973AB4E58D417B7F60101B97F13CF"
"M0-1","E:\Code\Geocore_M0-1_image_fusion","roi_outputs\ZKH3_132_140_roi_768x512_final_hsi_rgb_warp\fusion_v2_fast_preview\fused_cube.zarr\1.1.17","E:\Code\Geocore_M0-1_image_fusion\roi_outputs\ZKH3_132_140_roi_768x512_final_hsi_rgb_warp\fusion_v2_fast_preview\fused_cube.zarr\1.1.17","REGENERABLE_FUSION_CUBE","8388608","DFB2C0BA204907181CE89D4BCB27B1BDBB8FE24D36FF2251B7052CD6D237743D"
"M0-1","E:\Code\Geocore_M0-1_image_fusion","roi_outputs\ZKH3_132_140_roi_768x512_final_hsi_rgb_warp\fusion_v2_fast_preview\fused_cube.zarr\1.1.2","E:\Code\Geocore_M0-1_image_fusion\roi_outputs\ZKH3_132_140_roi_768x512_final_hsi_rgb_warp\fusion_v2_fast_preview\fused_cube.zarr\1.1.2","REGENERABLE_FUSION_CUBE","8388608","EB978D14ED5E44BD301F0E47AA307F8456D0E414692051EEEEE0A25838FA0E6F"
"M0-1","E:\Code\Geocore_M0-1_image_fusion","roi_outputs\ZKH3_132_140_roi_768x512_final_hsi_rgb_warp\fusion_v2_fast_preview\fused_cube.zarr\1.1.3","E:\Code\Geocore_M0-1_image_fusion\roi_outputs\ZKH3_132_140_roi_768x512_final_hsi_rgb_warp\fusion_v2_fast_preview\fused_cube.zarr\1.1.3","REGENERABLE_FUSION_CUBE","8388608","1FC244BE55544F8F292AA7CAF79242599019317E9E93C8848B050ECC00FD641D"
"M0-1","E:\Code\Geocore_M0-1_image_fusion","roi_outputs\ZKH3_132_140_roi_768x512_final_hsi_rgb_warp\fusion_v2_fast_preview\fused_cube.zarr\1.1.4","E:\Code\Geocore_M0-1_image_fusion\roi_outputs\ZKH3_132_140_roi_768x512_final_hsi_rgb_warp\fusion_v2_fast_preview\fused_cube.zarr\1.1.4","REGENERABLE_FUSION_CUBE","8388608","B359FC0418192AF23A020431954391E2A1A0754E1447B780A4E8B99980B8EFD3"
"M0-1","E:\Code\Geocore_M0-1_image_fusion","roi_outputs\ZKH3_132_140_roi_768x512_final_hsi_rgb_warp\fusion_v2_fast_preview\fused_cube.zarr\1.1.5","E:\Code\Geocore_M0-1_image_fusion\roi_outputs\ZKH3_132_140_roi_768x512_final_hsi_rgb_warp\fusion_v2_fast_preview\fused_cube.zarr\1.1.5","REGENERABLE_FUSION_CUBE","8388608","D1330CCF011DCC6DEE53CBD90ADA2785A1C63E0F87635359AB80D88FF83BAF36"
"M0-1","E:\Code\Geocore_M0-1_image_fusion","roi_outputs\ZKH3_132_140_roi_768x512_final_hsi_rgb_warp\fusion_v2_fast_preview\fused_cube.zarr\1.1.6","E:\Code\Geocore_M0-1_image_fusion\roi_outputs\ZKH3_132_140_roi_768x512_final_hsi_rgb_warp\fusion_v2_fast_preview\fused_cube.zarr\1.1.6","REGENERABLE_FUSION_CUBE","8388608","83E2D35E8C041FC8A4DEB0F3B6AC48C9474556EDD34856B91AEE5E3C9421A222"
"M0-1","E:\Code\Geocore_M0-1_image_fusion","roi_outputs\ZKH3_132_140_roi_768x512_final_hsi_rgb_warp\fusion_v2_fast_preview\fused_cube.zarr\1.1.7","E:\Code\Geocore_M0-1_image_fusion\roi_outputs\ZKH3_132_140_roi_768x512_final_hsi_rgb_warp\fusion_v2_fast_preview\fused_cube.zarr\1.1.7","REGENERABLE_FUSION_CUBE","8388608","170FF5984F8BFB17D43FF539D4CEE946B68A8728DE4FE46D1056B10B0D1D5EF2"
"M0-1","E:\Code\Geocore_M0-1_image_fusion","roi_outputs\ZKH3_132_140_roi_768x512_final_hsi_rgb_warp\fusion_v2_fast_preview\fused_cube.zarr\1.1.8","E:\Code\Geocore_M0-1_image_fusion\roi_outputs\ZKH3_132_140_roi_768x512_final_hsi_rgb_warp\fusion_v2_fast_preview\fused_cube.zarr\1.1.8","REGENERABLE_FUSION_CUBE","8388608","47A40FA22E774AF75C1110F946616D4A982EC50F0A55A8344BAC7D8701EEBEF5"
"M0-1","E:\Code\Geocore_M0-1_image_fusion","roi_outputs\ZKH3_132_140_roi_768x512_final_hsi_rgb_warp\fusion_v2_fast_preview\fused_cube.zarr\1.1.9","E:\Code\Geocore_M0-1_image_fusion\roi_outputs\ZKH3_132_140_roi_768x512_final_hsi_rgb_warp\fusion_v2_fast_preview\fused_cube.zarr\1.1.9","REGENERABLE_FUSION_CUBE","8388608","DC2C82E39DEC7C180EA9DE84C70998232EA13E5E6C934F2F1F683757A8A9D210"
"M0-1","E:\Code\Geocore_M0-1_image_fusion","roi_outputs\ZKH3_132_140_roi_768x512_final_hsi_rgb_warp\fusion_v2_fast_preview\fused_cube.zarr\2.0.0","E:\Code\Geocore_M0-1_image_fusion\roi_outputs\ZKH3_132_140_roi_768x512_final_hsi_rgb_warp\fusion_v2_fast_preview\fused_cube.zarr\2.0.0","REGENERABLE_FUSION_CUBE","8388608","EC155E5807BFAD296C4FB4938E66D0ECE96DE2661775789BC62FEE5F23D1A4D2"
"M0-1","E:\Code\Geocore_M0-1_image_fusion","roi_outputs\ZKH3_132_140_roi_768x512_final_hsi_rgb_warp\fusion_v2_fast_preview\fused_cube.zarr\2.0.1","E:\Code\Geocore_M0-1_image_fusion\roi_outputs\ZKH3_132_140_roi_768x512_final_hsi_rgb_warp\fusion_v2_fast_preview\fused_cube.zarr\2.0.1","REGENERABLE_FUSION_CUBE","8388608","B2C7E7CF55F929E81AEF387B3DC6D992830048CAD1F1599FBA6145D38C248189"
"M0-1","E:\Code\Geocore_M0-1_image_fusion","roi_outputs\ZKH3_132_140_roi_768x512_final_hsi_rgb_warp\fusion_v2_fast_preview\fused_cube.zarr\2.0.10","E:\Code\Geocore_M0-1_image_fusion\roi_outputs\ZKH3_132_140_roi_768x512_final_hsi_rgb_warp\fusion_v2_fast_preview\fused_cube.zarr\2.0.10","REGENERABLE_FUSION_CUBE","8388608","A06876B313EA51D559D30E071A8D319BF8782FF511915A5905A8785615C670FB"
"M0-1","E:\Code\Geocore_M0-1_image_fusion","roi_outputs\ZKH3_132_140_roi_768x512_final_hsi_rgb_warp\fusion_v2_fast_preview\fused_cube.zarr\2.0.11","E:\Code\Geocore_M0-1_image_fusion\roi_outputs\ZKH3_132_140_roi_768x512_final_hsi_rgb_warp\fusion_v2_fast_preview\fused_cube.zarr\2.0.11","REGENERABLE_FUSION_CUBE","8388608","1C83B188C6EB143FD95041591FD1B9700BEA84DE7300D0F2AF2F9CB579418348"
"M0-1","E:\Code\Geocore_M0-1_image_fusion","roi_outputs\ZKH3_132_140_roi_768x512_final_hsi_rgb_warp\fusion_v2_fast_preview\fused_cube.zarr\2.0.12","E:\Code\Geocore_M0-1_image_fusion\roi_outputs\ZKH3_132_140_roi_768x512_final_hsi_rgb_warp\fusion_v2_fast_preview\fused_cube.zarr\2.0.12","REGENERABLE_FUSION_CUBE","8388608","C351E2210EA889292E5504447FC2962119488FF2480693F9D15B2C6CF75B5AC3"
"M0-1","E:\Code\Geocore_M0-1_image_fusion","roi_outputs\ZKH3_132_140_roi_768x512_final_hsi_rgb_warp\fusion_v2_fast_preview\fused_cube.zarr\2.0.13","E:\Code\Geocore_M0-1_image_fusion\roi_outputs\ZKH3_132_140_roi_768x512_final_hsi_rgb_warp\fusion_v2_fast_preview\fused_cube.zarr\2.0.13","REGENERABLE_FUSION_CUBE","8388608","CECC9BA0DF32CCFF3401BF4BCB6994C95B54FBAFB7C5D25A04652053CF70771D"
"M0-1","E:\Code\Geocore_M0-1_image_fusion","roi_outputs\ZKH3_132_140_roi_768x512_final_hsi_rgb_warp\fusion_v2_fast_preview\fused_cube.zarr\2.0.14","E:\Code\Geocore_M0-1_image_fusion\roi_outputs\ZKH3_132_140_roi_768x512_final_hsi_rgb_warp\fusion_v2_fast_preview\fused_cube.zarr\2.0.14","REGENERABLE_FUSION_CUBE","8388608","E2ECC6FD7F09DF476AD66D119A1298463DBD7E87F82A233479BAB08266E11D28"
"M0-1","E:\Code\Geocore_M0-1_image_fusion","roi_outputs\ZKH3_132_140_roi_768x512_final_hsi_rgb_warp\fusion_v2_fast_preview\fused_cube.zarr\2.0.15","E:\Code\Geocore_M0-1_image_fusion\roi_outputs\ZKH3_132_140_roi_768x512_final_hsi_rgb_warp\fusion_v2_fast_preview\fused_cube.zarr\2.0.15","REGENERABLE_FUSION_CUBE","8388608","1BDD4A164FF2F7373EF322A0441CCD56C1DC7D7C99481505608AD53DDA81FD16"
"M0-1","E:\Code\Geocore_M0-1_image_fusion","roi_outputs\ZKH3_132_140_roi_768x512_final_hsi_rgb_warp\fusion_v2_fast_preview\fused_cube.zarr\2.0.16","E:\Code\Geocore_M0-1_image_fusion\roi_outputs\ZKH3_132_140_roi_768x512_final_hsi_rgb_warp\fusion_v2_fast_preview\fused_cube.zarr\2.0.16","REGENERABLE_FUSION_CUBE","8388608","BCBD4066CBE0668AE6531BC7B80515CD38E2668E751E2DF576260A084C86D181"
"M0-1","E:\Code\Geocore_M0-1_image_fusion","roi_outputs\ZKH3_132_140_roi_768x512_final_hsi_rgb_warp\fusion_v2_fast_preview\fused_cube.zarr\2.0.17","E:\Code\Geocore_M0-1_image_fusion\roi_outputs\ZKH3_132_140_roi_768x512_final_hsi_rgb_warp\fusion_v2_fast_preview\fused_cube.zarr\2.0.17","REGENERABLE_FUSION_CUBE","8388608","3C7C712D0163E36FD6C1D22AF062D264B8E8F5AC4E098C3C66EC7D62CE4CC0E2"
"M0-1","E:\Code\Geocore_M0-1_image_fusion","roi_outputs\ZKH3_132_140_roi_768x512_final_hsi_rgb_warp\fusion_v2_fast_preview\fused_cube.zarr\2.0.2","E:\Code\Geocore_M0-1_image_fusion\roi_outputs\ZKH3_132_140_roi_768x512_final_hsi_rgb_warp\fusion_v2_fast_preview\fused_cube.zarr\2.0.2","REGENERABLE_FUSION_CUBE","8388608","929697E09BFC03713AC0B75CB69602734AA463DA4404C52034D46CE34AE41AB4"
"M0-1","E:\Code\Geocore_M0-1_image_fusion","roi_outputs\ZKH3_132_140_roi_768x512_final_hsi_rgb_warp\fusion_v2_fast_preview\fused_cube.zarr\2.0.3","E:\Code\Geocore_M0-1_image_fusion\roi_outputs\ZKH3_132_140_roi_768x512_final_hsi_rgb_warp\fusion_v2_fast_preview\fused_cube.zarr\2.0.3","REGENERABLE_FUSION_CUBE","8388608","21A5D30FE51C358A14C5132A1D0BC5F67FA11D4F7A09CADEB35D0D1F3A2B5716"
"M0-1","E:\Code\Geocore_M0-1_image_fusion","roi_outputs\ZKH3_132_140_roi_768x512_final_hsi_rgb_warp\fusion_v2_fast_preview\fused_cube.zarr\2.0.4","E:\Code\Geocore_M0-1_image_fusion\roi_outputs\ZKH3_132_140_roi_768x512_final_hsi_rgb_warp\fusion_v2_fast_preview\fused_cube.zarr\2.0.4","REGENERABLE_FUSION_CUBE","8388608","0062B52FBE4994A7458D3DDA99C97E38D702016DDB35186F56C7C3E968AAF25E"
"M0-1","E:\Code\Geocore_M0-1_image_fusion","roi_outputs\ZKH3_132_140_roi_768x512_final_hsi_rgb_warp\fusion_v2_fast_preview\fused_cube.zarr\2.0.5","E:\Code\Geocore_M0-1_image_fusion\roi_outputs\ZKH3_132_140_roi_768x512_final_hsi_rgb_warp\fusion_v2_fast_preview\fused_cube.zarr\2.0.5","REGENERABLE_FUSION_CUBE","8388608","9B4DBC375215345B100A614DC012039B305E34896B67BE37FC5382D839983FEE"
"M0-1","E:\Code\Geocore_M0-1_image_fusion","roi_outputs\ZKH3_132_140_roi_768x512_final_hsi_rgb_warp\fusion_v2_fast_preview\fused_cube.zarr\2.0.6","E:\Code\Geocore_M0-1_image_fusion\roi_outputs\ZKH3_132_140_roi_768x512_final_hsi_rgb_warp\fusion_v2_fast_preview\fused_cube.zarr\2.0.6","REGENERABLE_FUSION_CUBE","8388608","5F8F0D52813671E46209053AB3A9341E0A9386412B1E3B2339AE81D8E40667D6"
"M0-1","E:\Code\Geocore_M0-1_image_fusion","roi_outputs\ZKH3_132_140_roi_768x512_final_hsi_rgb_warp\fusion_v2_fast_preview\fused_cube.zarr\2.0.7","E:\Code\Geocore_M0-1_image_fusion\roi_outputs\ZKH3_132_140_roi_768x512_final_hsi_rgb_warp\fusion_v2_fast_preview\fused_cube.zarr\2.0.7","REGENERABLE_FUSION_CUBE","8388608","2282FE9D47687B9FE9F06D367F5D8DEF227C73A6F2FAA9A55C01532467D130C9"
"M0-1","E:\Code\Geocore_M0-1_image_fusion","roi_outputs\ZKH3_132_140_roi_768x512_final_hsi_rgb_warp\fusion_v2_fast_preview\fused_cube.zarr\2.0.8","E:\Code\Geocore_M0-1_image_fusion\roi_outputs\ZKH3_132_140_roi_768x512_final_hsi_rgb_warp\fusion_v2_fast_preview\fused_cube.zarr\2.0.8","REGENERABLE_FUSION_CUBE","8388608","4B6FD71A7DD266ABD85EA56BEB0FBC79E46A33606443DF22B1ECCFA176D346C9"
"M0-1","E:\Code\Geocore_M0-1_image_fusion","roi_outputs\ZKH3_132_140_roi_768x512_final_hsi_rgb_warp\fusion_v2_fast_preview\fused_cube.zarr\2.0.9","E:\Code\Geocore_M0-1_image_fusion\roi_outputs\ZKH3_132_140_roi_768x512_final_hsi_rgb_warp\fusion_v2_fast_preview\fused_cube.zarr\2.0.9","REGENERABLE_FUSION_CUBE","8388608","60E9354E5E3B5A5F0B2D03ECD56115FAE57BBB150A747CE2FAA0EFC3169F9D73"
"M0-1","E:\Code\Geocore_M0-1_image_fusion","roi_outputs\ZKH3_132_140_roi_768x512_final_hsi_rgb_warp\fusion_v2_fast_preview\fused_cube.zarr\2.1.0","E:\Code\Geocore_M0-1_image_fusion\roi_outputs\ZKH3_132_140_roi_768x512_final_hsi_rgb_warp\fusion_v2_fast_preview\fused_cube.zarr\2.1.0","REGENERABLE_FUSION_CUBE","8388608","E93787BC764CE023DC0316AF5DDA68B174FA18693088A81BC12E63DC4DA99B99"
"M0-1","E:\Code\Geocore_M0-1_image_fusion","roi_outputs\ZKH3_132_140_roi_768x512_final_hsi_rgb_warp\fusion_v2_fast_preview\fused_cube.zarr\2.1.1","E:\Code\Geocore_M0-1_image_fusion\roi_outputs\ZKH3_132_140_roi_768x512_final_hsi_rgb_warp\fusion_v2_fast_preview\fused_cube.zarr\2.1.1","REGENERABLE_FUSION_CUBE","8388608","B4B456ACAF706CA8C60CB7655E287BD78BA89543F289715FAD3854C8EE234343"
"M0-1","E:\Code\Geocore_M0-1_image_fusion","roi_outputs\ZKH3_132_140_roi_768x512_final_hsi_rgb_warp\fusion_v2_fast_preview\fused_cube.zarr\2.1.10","E:\Code\Geocore_M0-1_image_fusion\roi_outputs\ZKH3_132_140_roi_768x512_final_hsi_rgb_warp\fusion_v2_fast_preview\fused_cube.zarr\2.1.10","REGENERABLE_FUSION_CUBE","8388608","FEBB8FF2A9725F23BDDB44C22295EDCE6FE6081D4E61C140A68FED8415A1E79B"
"M0-1","E:\Code\Geocore_M0-1_image_fusion","roi_outputs\ZKH3_132_140_roi_768x512_final_hsi_rgb_warp\fusion_v2_fast_preview\fused_cube.zarr\2.1.11","E:\Code\Geocore_M0-1_image_fusion\roi_outputs\ZKH3_132_140_roi_768x512_final_hsi_rgb_warp\fusion_v2_fast_preview\fused_cube.zarr\2.1.11","REGENERABLE_FUSION_CUBE","8388608","FD852183792D3184C403FAB4DFAC9212F6C42A370146525DAA343D82F97EB839"
"M0-1","E:\Code\Geocore_M0-1_image_fusion","roi_outputs\ZKH3_132_140_roi_768x512_final_hsi_rgb_warp\fusion_v2_fast_preview\fused_cube.zarr\2.1.12","E:\Code\Geocore_M0-1_image_fusion\roi_outputs\ZKH3_132_140_roi_768x512_final_hsi_rgb_warp\fusion_v2_fast_preview\fused_cube.zarr\2.1.12","REGENERABLE_FUSION_CUBE","8388608","9373830AE5AFDA2A9FBB9BE53406C363530EDEB786CAEDEE2CA1E76FCE8F4B34"
"M0-1","E:\Code\Geocore_M0-1_image_fusion","roi_outputs\ZKH3_132_140_roi_768x512_final_hsi_rgb_warp\fusion_v2_fast_preview\fused_cube.zarr\2.1.13","E:\Code\Geocore_M0-1_image_fusion\roi_outputs\ZKH3_132_140_roi_768x512_final_hsi_rgb_warp\fusion_v2_fast_preview\fused_cube.zarr\2.1.13","REGENERABLE_FUSION_CUBE","8388608","E518E5231F0CA052D8BFE9C5B06B4A6AC262CFBB05ED2E0D381264202D0876F6"
"M0-1","E:\Code\Geocore_M0-1_image_fusion","roi_outputs\ZKH3_132_140_roi_768x512_final_hsi_rgb_warp\fusion_v2_fast_preview\fused_cube.zarr\2.1.14","E:\Code\Geocore_M0-1_image_fusion\roi_outputs\ZKH3_132_140_roi_768x512_final_hsi_rgb_warp\fusion_v2_fast_preview\fused_cube.zarr\2.1.14","REGENERABLE_FUSION_CUBE","8388608","BE6AAE5559FBD3C04E2EF7BC34946142C7AFFFE79977EBCFC5928B8D67D9BE51"
"M0-1","E:\Code\Geocore_M0-1_image_fusion","roi_outputs\ZKH3_132_140_roi_768x512_final_hsi_rgb_warp\fusion_v2_fast_preview\fused_cube.zarr\2.1.15","E:\Code\Geocore_M0-1_image_fusion\roi_outputs\ZKH3_132_140_roi_768x512_final_hsi_rgb_warp\fusion_v2_fast_preview\fused_cube.zarr\2.1.15","REGENERABLE_FUSION_CUBE","8388608","5991D364BF371B0F825859EAD50377B44E2502EAC9CCB62F41C9B2E1E367E6D6"
"M0-1","E:\Code\Geocore_M0-1_image_fusion","roi_outputs\ZKH3_132_140_roi_768x512_final_hsi_rgb_warp\fusion_v2_fast_preview\fused_cube.zarr\2.1.16","E:\Code\Geocore_M0-1_image_fusion\roi_outputs\ZKH3_132_140_roi_768x512_final_hsi_rgb_warp\fusion_v2_fast_preview\fused_cube.zarr\2.1.16","REGENERABLE_FUSION_CUBE","8388608","1DFD2F6810731AA5C67D775428CBE66B295898D390716F3F8E1FFBC47883EA6C"
"M0-1","E:\Code\Geocore_M0-1_image_fusion","roi_outputs\ZKH3_132_140_roi_768x512_final_hsi_rgb_warp\fusion_v2_fast_preview\fused_cube.zarr\2.1.17","E:\Code\Geocore_M0-1_image_fusion\roi_outputs\ZKH3_132_140_roi_768x512_final_hsi_rgb_warp\fusion_v2_fast_preview\fused_cube.zarr\2.1.17","REGENERABLE_FUSION_CUBE","8388608","FA4B35149D7C2906319F46A51C115AC3330689415230578B71EC4CDC0E153C03"
"M0-1","E:\Code\Geocore_M0-1_image_fusion","roi_outputs\ZKH3_132_140_roi_768x512_final_hsi_rgb_warp\fusion_v2_fast_preview\fused_cube.zarr\2.1.2","E:\Code\Geocore_M0-1_image_fusion\roi_outputs\ZKH3_132_140_roi_768x512_final_hsi_rgb_warp\fusion_v2_fast_preview\fused_cube.zarr\2.1.2","REGENERABLE_FUSION_CUBE","8388608","E8C8D14C39AE18CDD7DB4775DED3946FAC42ED242ABB6CACFB1EDC89B3EBADEC"
"M0-1","E:\Code\Geocore_M0-1_image_fusion","roi_outputs\ZKH3_132_140_roi_768x512_final_hsi_rgb_warp\fusion_v2_fast_preview\fused_cube.zarr\2.1.3","E:\Code\Geocore_M0-1_image_fusion\roi_outputs\ZKH3_132_140_roi_768x512_final_hsi_rgb_warp\fusion_v2_fast_preview\fused_cube.zarr\2.1.3","REGENERABLE_FUSION_CUBE","8388608","8AB8DB257B0B91D84D083572753617EE5F5D74AB77EC22F7A6D63574736635D0"
"M0-1","E:\Code\Geocore_M0-1_image_fusion","roi_outputs\ZKH3_132_140_roi_768x512_final_hsi_rgb_warp\fusion_v2_fast_preview\fused_cube.zarr\2.1.4","E:\Code\Geocore_M0-1_image_fusion\roi_outputs\ZKH3_132_140_roi_768x512_final_hsi_rgb_warp\fusion_v2_fast_preview\fused_cube.zarr\2.1.4","REGENERABLE_FUSION_CUBE","8388608","37ECA874D35EBEF4B2D2E782290E94133A0C9F8C8B876F24C2A2A713E5A16031"
"M0-1","E:\Code\Geocore_M0-1_image_fusion","roi_outputs\ZKH3_132_140_roi_768x512_final_hsi_rgb_warp\fusion_v2_fast_preview\fused_cube.zarr\2.1.5","E:\Code\Geocore_M0-1_image_fusion\roi_outputs\ZKH3_132_140_roi_768x512_final_hsi_rgb_warp\fusion_v2_fast_preview\fused_cube.zarr\2.1.5","REGENERABLE_FUSION_CUBE","8388608","02F8A9E3436AA905A3D7454F10F3F2A20611375F0C5C9C9F903FC067CCFBB1C7"
"M0-1","E:\Code\Geocore_M0-1_image_fusion","roi_outputs\ZKH3_132_140_roi_768x512_final_hsi_rgb_warp\fusion_v2_fast_preview\fused_cube.zarr\2.1.6","E:\Code\Geocore_M0-1_image_fusion\roi_outputs\ZKH3_132_140_roi_768x512_final_hsi_rgb_warp\fusion_v2_fast_preview\fused_cube.zarr\2.1.6","REGENERABLE_FUSION_CUBE","8388608","70BD971E20BBAAE7F3384B655E962E5FE1ABE59968667F374B9A98DC3BAB0C4E"
"M0-1","E:\Code\Geocore_M0-1_image_fusion","roi_outputs\ZKH3_132_140_roi_768x512_final_hsi_rgb_warp\fusion_v2_fast_preview\fused_cube.zarr\2.1.7","E:\Code\Geocore_M0-1_image_fusion\roi_outputs\ZKH3_132_140_roi_768x512_final_hsi_rgb_warp\fusion_v2_fast_preview\fused_cube.zarr\2.1.7","REGENERABLE_FUSION_CUBE","8388608","55663D1E39402AC5BD5058BD4354CEA26B9CA32F290C65BD47BA8A1284C4F1F7"
"M0-1","E:\Code\Geocore_M0-1_image_fusion","roi_outputs\ZKH3_132_140_roi_768x512_final_hsi_rgb_warp\fusion_v2_fast_preview\fused_cube.zarr\2.1.8","E:\Code\Geocore_M0-1_image_fusion\roi_outputs\ZKH3_132_140_roi_768x512_final_hsi_rgb_warp\fusion_v2_fast_preview\fused_cube.zarr\2.1.8","REGENERABLE_FUSION_CUBE","8388608","A0F166580DEA95B0AB3E02F378AB0364C17881EFAD4967DEF94788145AFBCF8B"
"M0-1","E:\Code\Geocore_M0-1_image_fusion","roi_outputs\ZKH3_132_140_roi_768x512_final_hsi_rgb_warp\fusion_v2_fast_preview\fused_cube.zarr\2.1.9","E:\Code\Geocore_M0-1_image_fusion\roi_outputs\ZKH3_132_140_roi_768x512_final_hsi_rgb_warp\fusion_v2_fast_preview\fused_cube.zarr\2.1.9","REGENERABLE_FUSION_CUBE","8388608","7FA236BE663EBA135904A1FA3EA92CE6932D676E0C6606CD8C1CDFEB434873E1"
"M0-1","E:\Code\Geocore_M0-1_image_fusion","roi_outputs\ZKH3_132_140_roi_768x512_final_hsi_rgb_warp\fusion_v2_upsample_only\fused_cube.zarr\.zarray","E:\Code\Geocore_M0-1_image_fusion\roi_outputs\ZKH3_132_140_roi_768x512_final_hsi_rgb_warp\fusion_v2_upsample_only\fused_cube.zarr\.zarray","REGENERABLE_FUSION_CUBE","223","E77BB43D2782DD10A35B9ADD04AEE15BBCD7142DAF1164DA108EBA6D9626580B"
"M0-1","E:\Code\Geocore_M0-1_image_fusion","roi_outputs\ZKH3_132_140_roi_768x512_final_hsi_rgb_warp\fusion_v2_upsample_only\fused_cube.zarr\.zattrs","E:\Code\Geocore_M0-1_image_fusion\roi_outputs\ZKH3_132_140_roi_768x512_final_hsi_rgb_warp\fusion_v2_upsample_only\fused_cube.zarr\.zattrs","REGENERABLE_FUSION_CUBE","155","3A2BF435F560C0BAF41F58B42BF7B0E2FF3C6BFE04D4AF6389135749DB3B7943"
"M0-1","E:\Code\Geocore_M0-1_image_fusion","roi_outputs\ZKH3_132_140_roi_768x512_final_hsi_rgb_warp\fusion_v2_upsample_only\fused_cube.zarr\0.0.0","E:\Code\Geocore_M0-1_image_fusion\roi_outputs\ZKH3_132_140_roi_768x512_final_hsi_rgb_warp\fusion_v2_upsample_only\fused_cube.zarr\0.0.0","REGENERABLE_FUSION_CUBE","8388608","3A406343C7B1BBA74BB6230E6AA9795372FBC348CA7E0CC03615177ACAD9A135"
"M0-1","E:\Code\Geocore_M0-1_image_fusion","roi_outputs\ZKH3_132_140_roi_768x512_final_hsi_rgb_warp\fusion_v2_upsample_only\fused_cube.zarr\0.0.1","E:\Code\Geocore_M0-1_image_fusion\roi_outputs\ZKH3_132_140_roi_768x512_final_hsi_rgb_warp\fusion_v2_upsample_only\fused_cube.zarr\0.0.1","REGENERABLE_FUSION_CUBE","8388608","91C24B175517C660E7774AAE6C1014180AFAAD2BBCC9BD83821B82F22317B88E"
"M0-1","E:\Code\Geocore_M0-1_image_fusion","roi_outputs\ZKH3_132_140_roi_768x512_final_hsi_rgb_warp\fusion_v2_upsample_only\fused_cube.zarr\0.0.10","E:\Code\Geocore_M0-1_image_fusion\roi_outputs\ZKH3_132_140_roi_768x512_final_hsi_rgb_warp\fusion_v2_upsample_only\fused_cube.zarr\0.0.10","REGENERABLE_FUSION_CUBE","8388608","02ADC64F650F17E95EB15A2C7ED0095B2F44CCE49ED0C3849458781AFFB70FD0"
"M0-1","E:\Code\Geocore_M0-1_image_fusion","roi_outputs\ZKH3_132_140_roi_768x512_final_hsi_rgb_warp\fusion_v2_upsample_only\fused_cube.zarr\0.0.11","E:\Code\Geocore_M0-1_image_fusion\roi_outputs\ZKH3_132_140_roi_768x512_final_hsi_rgb_warp\fusion_v2_upsample_only\fused_cube.zarr\0.0.11","REGENERABLE_FUSION_CUBE","8388608","B8081950501011C0057F18D159D70F1FFA00D50A2901339658BB96CE19708681"
"M0-1","E:\Code\Geocore_M0-1_image_fusion","roi_outputs\ZKH3_132_140_roi_768x512_final_hsi_rgb_warp\fusion_v2_upsample_only\fused_cube.zarr\0.0.12","E:\Code\Geocore_M0-1_image_fusion\roi_outputs\ZKH3_132_140_roi_768x512_final_hsi_rgb_warp\fusion_v2_upsample_only\fused_cube.zarr\0.0.12","REGENERABLE_FUSION_CUBE","8388608","F9E9706F7A1D6725A0996806863D7B70757B1D5F733A05DF698E8E4B60207F02"
"M0-1","E:\Code\Geocore_M0-1_image_fusion","roi_outputs\ZKH3_132_140_roi_768x512_final_hsi_rgb_warp\fusion_v2_upsample_only\fused_cube.zarr\0.0.13","E:\Code\Geocore_M0-1_image_fusion\roi_outputs\ZKH3_132_140_roi_768x512_final_hsi_rgb_warp\fusion_v2_upsample_only\fused_cube.zarr\0.0.13","REGENERABLE_FUSION_CUBE","8388608","D64973012CF6C73A420388E0E2980DA400027593DE4FB9DB4F2FA168C634B883"
"M0-1","E:\Code\Geocore_M0-1_image_fusion","roi_outputs\ZKH3_132_140_roi_768x512_final_hsi_rgb_warp\fusion_v2_upsample_only\fused_cube.zarr\0.0.14","E:\Code\Geocore_M0-1_image_fusion\roi_outputs\ZKH3_132_140_roi_768x512_final_hsi_rgb_warp\fusion_v2_upsample_only\fused_cube.zarr\0.0.14","REGENERABLE_FUSION_CUBE","8388608","BB610A814CCD8198E9E29577AA3C3224445DF1D509234E0CBF2DF737F100755C"
"M0-1","E:\Code\Geocore_M0-1_image_fusion","roi_outputs\ZKH3_132_140_roi_768x512_final_hsi_rgb_warp\fusion_v2_upsample_only\fused_cube.zarr\0.0.15","E:\Code\Geocore_M0-1_image_fusion\roi_outputs\ZKH3_132_140_roi_768x512_final_hsi_rgb_warp\fusion_v2_upsample_only\fused_cube.zarr\0.0.15","REGENERABLE_FUSION_CUBE","8388608","8DE451DC64FB7E71DB7ACF0CF44263F2C1D20A8D94A60E6EAC92E85DFF0851DA"
"M0-1","E:\Code\Geocore_M0-1_image_fusion","roi_outputs\ZKH3_132_140_roi_768x512_final_hsi_rgb_warp\fusion_v2_upsample_only\fused_cube.zarr\0.0.16","E:\Code\Geocore_M0-1_image_fusion\roi_outputs\ZKH3_132_140_roi_768x512_final_hsi_rgb_warp\fusion_v2_upsample_only\fused_cube.zarr\0.0.16","REGENERABLE_FUSION_CUBE","8388608","A6AD9BBE7356A5A255CFDCD1D171331633FA9EBCB0E1E0E29858D618746A1730"
"M0-1","E:\Code\Geocore_M0-1_image_fusion","roi_outputs\ZKH3_132_140_roi_768x512_final_hsi_rgb_warp\fusion_v2_upsample_only\fused_cube.zarr\0.0.17","E:\Code\Geocore_M0-1_image_fusion\roi_outputs\ZKH3_132_140_roi_768x512_final_hsi_rgb_warp\fusion_v2_upsample_only\fused_cube.zarr\0.0.17","REGENERABLE_FUSION_CUBE","8388608","E20CA2D11E94839110AC1F63CDBE8159DE46B5B011AE6E96D123B7CB6EAC0773"
"M0-1","E:\Code\Geocore_M0-1_image_fusion","roi_outputs\ZKH3_132_140_roi_768x512_final_hsi_rgb_warp\fusion_v2_upsample_only\fused_cube.zarr\0.0.2","E:\Code\Geocore_M0-1_image_fusion\roi_outputs\ZKH3_132_140_roi_768x512_final_hsi_rgb_warp\fusion_v2_upsample_only\fused_cube.zarr\0.0.2","REGENERABLE_FUSION_CUBE","8388608","38A63AB6EBD2401FF655B9E096E8712FEDA6A9649500FEB89375038FD856186F"
"M0-1","E:\Code\Geocore_M0-1_image_fusion","roi_outputs\ZKH3_132_140_roi_768x512_final_hsi_rgb_warp\fusion_v2_upsample_only\fused_cube.zarr\0.0.3","E:\Code\Geocore_M0-1_image_fusion\roi_outputs\ZKH3_132_140_roi_768x512_final_hsi_rgb_warp\fusion_v2_upsample_only\fused_cube.zarr\0.0.3","REGENERABLE_FUSION_CUBE","8388608","C5BC643D1E917EFA746E2660C22193A4F6604973637471F56602F849719207D2"
"M0-1","E:\Code\Geocore_M0-1_image_fusion","roi_outputs\ZKH3_132_140_roi_768x512_final_hsi_rgb_warp\fusion_v2_upsample_only\fused_cube.zarr\0.0.4","E:\Code\Geocore_M0-1_image_fusion\roi_outputs\ZKH3_132_140_roi_768x512_final_hsi_rgb_warp\fusion_v2_upsample_only\fused_cube.zarr\0.0.4","REGENERABLE_FUSION_CUBE","8388608","4F625CEAB031CD0D89696EB25C61D634CAF28DF6EB9AB1EF6AF42E37A1C43C83"
"M0-1","E:\Code\Geocore_M0-1_image_fusion","roi_outputs\ZKH3_132_140_roi_768x512_final_hsi_rgb_warp\fusion_v2_upsample_only\fused_cube.zarr\0.0.5","E:\Code\Geocore_M0-1_image_fusion\roi_outputs\ZKH3_132_140_roi_768x512_final_hsi_rgb_warp\fusion_v2_upsample_only\fused_cube.zarr\0.0.5","REGENERABLE_FUSION_CUBE","8388608","26DCC65CE758BE1B66AA03322FF148F8CEEDC06536B7E2C5ED47BE23B3FBC2CD"
"M0-1","E:\Code\Geocore_M0-1_image_fusion","roi_outputs\ZKH3_132_140_roi_768x512_final_hsi_rgb_warp\fusion_v2_upsample_only\fused_cube.zarr\0.0.6","E:\Code\Geocore_M0-1_image_fusion\roi_outputs\ZKH3_132_140_roi_768x512_final_hsi_rgb_warp\fusion_v2_upsample_only\fused_cube.zarr\0.0.6","REGENERABLE_FUSION_CUBE","8388608","EC498659FE299C36BB553074818FA92667448728A7D7D6F65640FEE91F9AF807"
"M0-1","E:\Code\Geocore_M0-1_image_fusion","roi_outputs\ZKH3_132_140_roi_768x512_final_hsi_rgb_warp\fusion_v2_upsample_only\fused_cube.zarr\0.0.7","E:\Code\Geocore_M0-1_image_fusion\roi_outputs\ZKH3_132_140_roi_768x512_final_hsi_rgb_warp\fusion_v2_upsample_only\fused_cube.zarr\0.0.7","REGENERABLE_FUSION_CUBE","8388608","FDE02B666AD66A52F1BCA7886F57AD05D1E52F541B0E7CCCDD3FA761E3B950D0"
"M0-1","E:\Code\Geocore_M0-1_image_fusion","roi_outputs\ZKH3_132_140_roi_768x512_final_hsi_rgb_warp\fusion_v2_upsample_only\fused_cube.zarr\0.0.8","E:\Code\Geocore_M0-1_image_fusion\roi_outputs\ZKH3_132_140_roi_768x512_final_hsi_rgb_warp\fusion_v2_upsample_only\fused_cube.zarr\0.0.8","REGENERABLE_FUSION_CUBE","8388608","AFBE9DF7527C58015AD3AC462ABDD91B1B39AE31DFA14776BD38A6A87E377C01"
"M0-1","E:\Code\Geocore_M0-1_image_fusion","roi_outputs\ZKH3_132_140_roi_768x512_final_hsi_rgb_warp\fusion_v2_upsample_only\fused_cube.zarr\0.0.9","E:\Code\Geocore_M0-1_image_fusion\roi_outputs\ZKH3_132_140_roi_768x512_final_hsi_rgb_warp\fusion_v2_upsample_only\fused_cube.zarr\0.0.9","REGENERABLE_FUSION_CUBE","8388608","CBF26F339A05ACA3A1622035631FDE80FBAF6E07CBB9ED72AE420E3413E0081B"
"M0-1","E:\Code\Geocore_M0-1_image_fusion","roi_outputs\ZKH3_132_140_roi_768x512_final_hsi_rgb_warp\fusion_v2_upsample_only\fused_cube.zarr\0.1.0","E:\Code\Geocore_M0-1_image_fusion\roi_outputs\ZKH3_132_140_roi_768x512_final_hsi_rgb_warp\fusion_v2_upsample_only\fused_cube.zarr\0.1.0","REGENERABLE_FUSION_CUBE","8388608","C6CE544AEB332E7A343D223BBE6436EF5CE17BCF5F894FE8FADC4156270F1923"
"M0-1","E:\Code\Geocore_M0-1_image_fusion","roi_outputs\ZKH3_132_140_roi_768x512_final_hsi_rgb_warp\fusion_v2_upsample_only\fused_cube.zarr\0.1.1","E:\Code\Geocore_M0-1_image_fusion\roi_outputs\ZKH3_132_140_roi_768x512_final_hsi_rgb_warp\fusion_v2_upsample_only\fused_cube.zarr\0.1.1","REGENERABLE_FUSION_CUBE","8388608","432F4CF2BF10B6FFB244B64F1017A89CA2B706275632CF31F0FD5B1D6994CB7A"
"M0-1","E:\Code\Geocore_M0-1_image_fusion","roi_outputs\ZKH3_132_140_roi_768x512_final_hsi_rgb_warp\fusion_v2_upsample_only\fused_cube.zarr\0.1.10","E:\Code\Geocore_M0-1_image_fusion\roi_outputs\ZKH3_132_140_roi_768x512_final_hsi_rgb_warp\fusion_v2_upsample_only\fused_cube.zarr\0.1.10","REGENERABLE_FUSION_CUBE","8388608","E392F7C7E89B98A9CFDE0C8F035E3428D086E32F861657BBD6ED588AC102DC25"
"M0-1","E:\Code\Geocore_M0-1_image_fusion","roi_outputs\ZKH3_132_140_roi_768x512_final_hsi_rgb_warp\fusion_v2_upsample_only\fused_cube.zarr\0.1.11","E:\Code\Geocore_M0-1_image_fusion\roi_outputs\ZKH3_132_140_roi_768x512_final_hsi_rgb_warp\fusion_v2_upsample_only\fused_cube.zarr\0.1.11","REGENERABLE_FUSION_CUBE","8388608","C0653CEACB091884625CAC6562D981149D3BF75D8FC43E30DBB5249F9594B83E"
"M0-1","E:\Code\Geocore_M0-1_image_fusion","roi_outputs\ZKH3_132_140_roi_768x512_final_hsi_rgb_warp\fusion_v2_upsample_only\fused_cube.zarr\0.1.12","E:\Code\Geocore_M0-1_image_fusion\roi_outputs\ZKH3_132_140_roi_768x512_final_hsi_rgb_warp\fusion_v2_upsample_only\fused_cube.zarr\0.1.12","REGENERABLE_FUSION_CUBE","8388608","3A0983A53E4C912552F846D5983C1EA140708BF40BD58D2B54B4B0A26AF99A35"
"M0-1","E:\Code\Geocore_M0-1_image_fusion","roi_outputs\ZKH3_132_140_roi_768x512_final_hsi_rgb_warp\fusion_v2_upsample_only\fused_cube.zarr\0.1.13","E:\Code\Geocore_M0-1_image_fusion\roi_outputs\ZKH3_132_140_roi_768x512_final_hsi_rgb_warp\fusion_v2_upsample_only\fused_cube.zarr\0.1.13","REGENERABLE_FUSION_CUBE","8388608","90E60DF1D51C98695DFC50B9A58F3A95F1D579FE9EBF81F2C8E17D3105FFE415"
"M0-1","E:\Code\Geocore_M0-1_image_fusion","roi_outputs\ZKH3_132_140_roi_768x512_final_hsi_rgb_warp\fusion_v2_upsample_only\fused_cube.zarr\0.1.14","E:\Code\Geocore_M0-1_image_fusion\roi_outputs\ZKH3_132_140_roi_768x512_final_hsi_rgb_warp\fusion_v2_upsample_only\fused_cube.zarr\0.1.14","REGENERABLE_FUSION_CUBE","8388608","73A2F80247CA799F2F39EC2BBEDBE6C4C00C5B7FC0F62416395D8DF37B150904"
"M0-1","E:\Code\Geocore_M0-1_image_fusion","roi_outputs\ZKH3_132_140_roi_768x512_final_hsi_rgb_warp\fusion_v2_upsample_only\fused_cube.zarr\0.1.15","E:\Code\Geocore_M0-1_image_fusion\roi_outputs\ZKH3_132_140_roi_768x512_final_hsi_rgb_warp\fusion_v2_upsample_only\fused_cube.zarr\0.1.15","REGENERABLE_FUSION_CUBE","8388608","0A1AE18A291F8AB664685BAC43CE06861E0D83D18155B58148AC7E064A032BE2"
"M0-1","E:\Code\Geocore_M0-1_image_fusion","roi_outputs\ZKH3_132_140_roi_768x512_final_hsi_rgb_warp\fusion_v2_upsample_only\fused_cube.zarr\0.1.16","E:\Code\Geocore_M0-1_image_fusion\roi_outputs\ZKH3_132_140_roi_768x512_final_hsi_rgb_warp\fusion_v2_upsample_only\fused_cube.zarr\0.1.16","REGENERABLE_FUSION_CUBE","8388608","01BADE0D3E1F9F5ABDAD26C6B14F09A01CB2B7E27A8C1B9BF735C33E093E019B"
"M0-1","E:\Code\Geocore_M0-1_image_fusion","roi_outputs\ZKH3_132_140_roi_768x512_final_hsi_rgb_warp\fusion_v2_upsample_only\fused_cube.zarr\0.1.17","E:\Code\Geocore_M0-1_image_fusion\roi_outputs\ZKH3_132_140_roi_768x512_final_hsi_rgb_warp\fusion_v2_upsample_only\fused_cube.zarr\0.1.17","REGENERABLE_FUSION_CUBE","8388608","EB3E075F37AC4B824BCFEF3854D9CE5710698F566091AFFA3B598F37A628927C"
"M0-1","E:\Code\Geocore_M0-1_image_fusion","roi_outputs\ZKH3_132_140_roi_768x512_final_hsi_rgb_warp\fusion_v2_upsample_only\fused_cube.zarr\0.1.2","E:\Code\Geocore_M0-1_image_fusion\roi_outputs\ZKH3_132_140_roi_768x512_final_hsi_rgb_warp\fusion_v2_upsample_only\fused_cube.zarr\0.1.2","REGENERABLE_FUSION_CUBE","8388608","C90DD307941E6E58544D3A8368FC72EA54F1FC10AD5EFB12408F7B421C23A090"
"M0-1","E:\Code\Geocore_M0-1_image_fusion","roi_outputs\ZKH3_132_140_roi_768x512_final_hsi_rgb_warp\fusion_v2_upsample_only\fused_cube.zarr\0.1.3","E:\Code\Geocore_M0-1_image_fusion\roi_outputs\ZKH3_132_140_roi_768x512_final_hsi_rgb_warp\fusion_v2_upsample_only\fused_cube.zarr\0.1.3","REGENERABLE_FUSION_CUBE","8388608","49AAC1B44DF52E40B039B348518531FF1610E06B217A52522B96B9E7923E3467"
"M0-1","E:\Code\Geocore_M0-1_image_fusion","roi_outputs\ZKH3_132_140_roi_768x512_final_hsi_rgb_warp\fusion_v2_upsample_only\fused_cube.zarr\0.1.4","E:\Code\Geocore_M0-1_image_fusion\roi_outputs\ZKH3_132_140_roi_768x512_final_hsi_rgb_warp\fusion_v2_upsample_only\fused_cube.zarr\0.1.4","REGENERABLE_FUSION_CUBE","8388608","29CC4BFF15C7F47145DECAF81BAC558ED4D4F2A3010F434CE65FD952846CCFE6"
"M0-1","E:\Code\Geocore_M0-1_image_fusion","roi_outputs\ZKH3_132_140_roi_768x512_final_hsi_rgb_warp\fusion_v2_upsample_only\fused_cube.zarr\0.1.5","E:\Code\Geocore_M0-1_image_fusion\roi_outputs\ZKH3_132_140_roi_768x512_final_hsi_rgb_warp\fusion_v2_upsample_only\fused_cube.zarr\0.1.5","REGENERABLE_FUSION_CUBE","8388608","2BDAC338754099C177356FEBD6FECF4DD303D4323F8B441E6910002A052B0286"
"M0-1","E:\Code\Geocore_M0-1_image_fusion","roi_outputs\ZKH3_132_140_roi_768x512_final_hsi_rgb_warp\fusion_v2_upsample_only\fused_cube.zarr\0.1.6","E:\Code\Geocore_M0-1_image_fusion\roi_outputs\ZKH3_132_140_roi_768x512_final_hsi_rgb_warp\fusion_v2_upsample_only\fused_cube.zarr\0.1.6","REGENERABLE_FUSION_CUBE","8388608","2F07E3A692C58353718DCE731BF0EEC68815AE70567AA361508010A2D7CCE56F"
"M0-1","E:\Code\Geocore_M0-1_image_fusion","roi_outputs\ZKH3_132_140_roi_768x512_final_hsi_rgb_warp\fusion_v2_upsample_only\fused_cube.zarr\0.1.7","E:\Code\Geocore_M0-1_image_fusion\roi_outputs\ZKH3_132_140_roi_768x512_final_hsi_rgb_warp\fusion_v2_upsample_only\fused_cube.zarr\0.1.7","REGENERABLE_FUSION_CUBE","8388608","35A7DECF248D7BF61E6C84199000EB4AFE986496960EF19C010C93C680976959"
"M0-1","E:\Code\Geocore_M0-1_image_fusion","roi_outputs\ZKH3_132_140_roi_768x512_final_hsi_rgb_warp\fusion_v2_upsample_only\fused_cube.zarr\0.1.8","E:\Code\Geocore_M0-1_image_fusion\roi_outputs\ZKH3_132_140_roi_768x512_final_hsi_rgb_warp\fusion_v2_upsample_only\fused_cube.zarr\0.1.8","REGENERABLE_FUSION_CUBE","8388608","BAB1069DEA0B4E1BE92E62408D5A4CFFA186135CF0FB42CF186C67B13A255AB3"
"M0-1","E:\Code\Geocore_M0-1_image_fusion","roi_outputs\ZKH3_132_140_roi_768x512_final_hsi_rgb_warp\fusion_v2_upsample_only\fused_cube.zarr\0.1.9","E:\Code\Geocore_M0-1_image_fusion\roi_outputs\ZKH3_132_140_roi_768x512_final_hsi_rgb_warp\fusion_v2_upsample_only\fused_cube.zarr\0.1.9","REGENERABLE_FUSION_CUBE","8388608","F6D6D6DB2B60A90066EFF1D82DD400831E70A96992425D4C8F5CFE020709FF41"
"M0-1","E:\Code\Geocore_M0-1_image_fusion","roi_outputs\ZKH3_132_140_roi_768x512_final_hsi_rgb_warp\fusion_v2_upsample_only\fused_cube.zarr\1.0.0","E:\Code\Geocore_M0-1_image_fusion\roi_outputs\ZKH3_132_140_roi_768x512_final_hsi_rgb_warp\fusion_v2_upsample_only\fused_cube.zarr\1.0.0","REGENERABLE_FUSION_CUBE","8388608","592EE7740AC656D9697FF5DAE1920CD02AAB76ED9E34521289FADCF98E9B08E8"
"M0-1","E:\Code\Geocore_M0-1_image_fusion","roi_outputs\ZKH3_132_140_roi_768x512_final_hsi_rgb_warp\fusion_v2_upsample_only\fused_cube.zarr\1.0.1","E:\Code\Geocore_M0-1_image_fusion\roi_outputs\ZKH3_132_140_roi_768x512_final_hsi_rgb_warp\fusion_v2_upsample_only\fused_cube.zarr\1.0.1","REGENERABLE_FUSION_CUBE","8388608","5A9E3516062E3BF573ED208F27CFE431CC208CA9FC5BC9C410285E88B573F0C7"
"M0-1","E:\Code\Geocore_M0-1_image_fusion","roi_outputs\ZKH3_132_140_roi_768x512_final_hsi_rgb_warp\fusion_v2_upsample_only\fused_cube.zarr\1.0.10","E:\Code\Geocore_M0-1_image_fusion\roi_outputs\ZKH3_132_140_roi_768x512_final_hsi_rgb_warp\fusion_v2_upsample_only\fused_cube.zarr\1.0.10","REGENERABLE_FUSION_CUBE","8388608","9599969C986524D787D9EE14EEF1DF97693BF9D7F71524C2C682C8DD86CD7611"
"M0-1","E:\Code\Geocore_M0-1_image_fusion","roi_outputs\ZKH3_132_140_roi_768x512_final_hsi_rgb_warp\fusion_v2_upsample_only\fused_cube.zarr\1.0.11","E:\Code\Geocore_M0-1_image_fusion\roi_outputs\ZKH3_132_140_roi_768x512_final_hsi_rgb_warp\fusion_v2_upsample_only\fused_cube.zarr\1.0.11","REGENERABLE_FUSION_CUBE","8388608","5846513753DFB341A665F693E9C08645A96AF57E1E5793CAA895DD05D9B95BDE"
"M0-1","E:\Code\Geocore_M0-1_image_fusion","roi_outputs\ZKH3_132_140_roi_768x512_final_hsi_rgb_warp\fusion_v2_upsample_only\fused_cube.zarr\1.0.12","E:\Code\Geocore_M0-1_image_fusion\roi_outputs\ZKH3_132_140_roi_768x512_final_hsi_rgb_warp\fusion_v2_upsample_only\fused_cube.zarr\1.0.12","REGENERABLE_FUSION_CUBE","8388608","C806B485170F36EA4D4AABA31E3BE3D7ECB7D1856AE8B13ADDF80F0702AC7B99"
"M0-1","E:\Code\Geocore_M0-1_image_fusion","roi_outputs\ZKH3_132_140_roi_768x512_final_hsi_rgb_warp\fusion_v2_upsample_only\fused_cube.zarr\1.0.13","E:\Code\Geocore_M0-1_image_fusion\roi_outputs\ZKH3_132_140_roi_768x512_final_hsi_rgb_warp\fusion_v2_upsample_only\fused_cube.zarr\1.0.13","REGENERABLE_FUSION_CUBE","8388608","8A22038239F507976B6B92B73DE32CB59BD9632ED1955514FB838B9301480F4D"
"M0-1","E:\Code\Geocore_M0-1_image_fusion","roi_outputs\ZKH3_132_140_roi_768x512_final_hsi_rgb_warp\fusion_v2_upsample_only\fused_cube.zarr\1.0.14","E:\Code\Geocore_M0-1_image_fusion\roi_outputs\ZKH3_132_140_roi_768x512_final_hsi_rgb_warp\fusion_v2_upsample_only\fused_cube.zarr\1.0.14","REGENERABLE_FUSION_CUBE","8388608","2C342D2085849BFA192E83C89D44B94310C37164D4F30967906980E4DF46504B"
"M0-1","E:\Code\Geocore_M0-1_image_fusion","roi_outputs\ZKH3_132_140_roi_768x512_final_hsi_rgb_warp\fusion_v2_upsample_only\fused_cube.zarr\1.0.15","E:\Code\Geocore_M0-1_image_fusion\roi_outputs\ZKH3_132_140_roi_768x512_final_hsi_rgb_warp\fusion_v2_upsample_only\fused_cube.zarr\1.0.15","REGENERABLE_FUSION_CUBE","8388608","35BF5F1866EEE9B8AE491F7E9A963492DB5F68483E7BEF128868F75B4008C007"
"M0-1","E:\Code\Geocore_M0-1_image_fusion","roi_outputs\ZKH3_132_140_roi_768x512_final_hsi_rgb_warp\fusion_v2_upsample_only\fused_cube.zarr\1.0.16","E:\Code\Geocore_M0-1_image_fusion\roi_outputs\ZKH3_132_140_roi_768x512_final_hsi_rgb_warp\fusion_v2_upsample_only\fused_cube.zarr\1.0.16","REGENERABLE_FUSION_CUBE","8388608","3E4B5F8CF33D73AE69E4B8C8EDC073802F047027222DAF02D121AAEF0C8A074F"
"M0-1","E:\Code\Geocore_M0-1_image_fusion","roi_outputs\ZKH3_132_140_roi_768x512_final_hsi_rgb_warp\fusion_v2_upsample_only\fused_cube.zarr\1.0.17","E:\Code\Geocore_M0-1_image_fusion\roi_outputs\ZKH3_132_140_roi_768x512_final_hsi_rgb_warp\fusion_v2_upsample_only\fused_cube.zarr\1.0.17","REGENERABLE_FUSION_CUBE","8388608","19F67FA4EF3AF1092565B0EFED0DDD671DDACAED91620A4FBF62BAEA973AC156"
"M0-1","E:\Code\Geocore_M0-1_image_fusion","roi_outputs\ZKH3_132_140_roi_768x512_final_hsi_rgb_warp\fusion_v2_upsample_only\fused_cube.zarr\1.0.2","E:\Code\Geocore_M0-1_image_fusion\roi_outputs\ZKH3_132_140_roi_768x512_final_hsi_rgb_warp\fusion_v2_upsample_only\fused_cube.zarr\1.0.2","REGENERABLE_FUSION_CUBE","8388608","0B832439EBCC04A4124F24117B4526564845DB36A227780CD3FFC2CA98C3C36C"
"M0-1","E:\Code\Geocore_M0-1_image_fusion","roi_outputs\ZKH3_132_140_roi_768x512_final_hsi_rgb_warp\fusion_v2_upsample_only\fused_cube.zarr\1.0.3","E:\Code\Geocore_M0-1_image_fusion\roi_outputs\ZKH3_132_140_roi_768x512_final_hsi_rgb_warp\fusion_v2_upsample_only\fused_cube.zarr\1.0.3","REGENERABLE_FUSION_CUBE","8388608","DCE4401C43B78E0A7BF08415381C0F9167F86720BDD9411524A21E5606468CFE"
"M0-1","E:\Code\Geocore_M0-1_image_fusion","roi_outputs\ZKH3_132_140_roi_768x512_final_hsi_rgb_warp\fusion_v2_upsample_only\fused_cube.zarr\1.0.4","E:\Code\Geocore_M0-1_image_fusion\roi_outputs\ZKH3_132_140_roi_768x512_final_hsi_rgb_warp\fusion_v2_upsample_only\fused_cube.zarr\1.0.4","REGENERABLE_FUSION_CUBE","8388608","81566A6E7C3A0C447CC7B85ABF329F07625F48B84440D6EC67126E0CA969C8B4"
"M0-1","E:\Code\Geocore_M0-1_image_fusion","roi_outputs\ZKH3_132_140_roi_768x512_final_hsi_rgb_warp\fusion_v2_upsample_only\fused_cube.zarr\1.0.5","E:\Code\Geocore_M0-1_image_fusion\roi_outputs\ZKH3_132_140_roi_768x512_final_hsi_rgb_warp\fusion_v2_upsample_only\fused_cube.zarr\1.0.5","REGENERABLE_FUSION_CUBE","8388608","3173415CA6ADD8E61E32CC2FA22E25CFB61D2F547E26D1E7C9988DE7BC269B48"
"M0-1","E:\Code\Geocore_M0-1_image_fusion","roi_outputs\ZKH3_132_140_roi_768x512_final_hsi_rgb_warp\fusion_v2_upsample_only\fused_cube.zarr\1.0.6","E:\Code\Geocore_M0-1_image_fusion\roi_outputs\ZKH3_132_140_roi_768x512_final_hsi_rgb_warp\fusion_v2_upsample_only\fused_cube.zarr\1.0.6","REGENERABLE_FUSION_CUBE","8388608","8A2F792FF9CDC0F918B2C523B81F5D7E58D6D9AAD196234F886373FA583E5CAC"
"M0-1","E:\Code\Geocore_M0-1_image_fusion","roi_outputs\ZKH3_132_140_roi_768x512_final_hsi_rgb_warp\fusion_v2_upsample_only\fused_cube.zarr\1.0.7","E:\Code\Geocore_M0-1_image_fusion\roi_outputs\ZKH3_132_140_roi_768x512_final_hsi_rgb_warp\fusion_v2_upsample_only\fused_cube.zarr\1.0.7","REGENERABLE_FUSION_CUBE","8388608","B7F35D5AEE240A38C719413BD76196D33269F5A618A35444E789AB7D076BAC87"
"M0-1","E:\Code\Geocore_M0-1_image_fusion","roi_outputs\ZKH3_132_140_roi_768x512_final_hsi_rgb_warp\fusion_v2_upsample_only\fused_cube.zarr\1.0.8","E:\Code\Geocore_M0-1_image_fusion\roi_outputs\ZKH3_132_140_roi_768x512_final_hsi_rgb_warp\fusion_v2_upsample_only\fused_cube.zarr\1.0.8","REGENERABLE_FUSION_CUBE","8388608","DD9320360B9C507E087CFCF150F0C93A494EE5127C0D3953B86751C3B0917C31"
"M0-1","E:\Code\Geocore_M0-1_image_fusion","roi_outputs\ZKH3_132_140_roi_768x512_final_hsi_rgb_warp\fusion_v2_upsample_only\fused_cube.zarr\1.0.9","E:\Code\Geocore_M0-1_image_fusion\roi_outputs\ZKH3_132_140_roi_768x512_final_hsi_rgb_warp\fusion_v2_upsample_only\fused_cube.zarr\1.0.9","REGENERABLE_FUSION_CUBE","8388608","A697C30E43B277BCDF8928BC5D57A6331BBDF6B17DA247382A231C213D41F654"
"M0-1","E:\Code\Geocore_M0-1_image_fusion","roi_outputs\ZKH3_132_140_roi_768x512_final_hsi_rgb_warp\fusion_v2_upsample_only\fused_cube.zarr\1.1.0","E:\Code\Geocore_M0-1_image_fusion\roi_outputs\ZKH3_132_140_roi_768x512_final_hsi_rgb_warp\fusion_v2_upsample_only\fused_cube.zarr\1.1.0","REGENERABLE_FUSION_CUBE","8388608","E2E315013E478E239A94F06566C802194D77CA10BD132737B020520577515247"
"M0-1","E:\Code\Geocore_M0-1_image_fusion","roi_outputs\ZKH3_132_140_roi_768x512_final_hsi_rgb_warp\fusion_v2_upsample_only\fused_cube.zarr\1.1.1","E:\Code\Geocore_M0-1_image_fusion\roi_outputs\ZKH3_132_140_roi_768x512_final_hsi_rgb_warp\fusion_v2_upsample_only\fused_cube.zarr\1.1.1","REGENERABLE_FUSION_CUBE","8388608","F00EF33114115423D6019DC8FFCBF5961341050D0DEF792CEF20DAA054DE62FB"
"M0-1","E:\Code\Geocore_M0-1_image_fusion","roi_outputs\ZKH3_132_140_roi_768x512_final_hsi_rgb_warp\fusion_v2_upsample_only\fused_cube.zarr\1.1.10","E:\Code\Geocore_M0-1_image_fusion\roi_outputs\ZKH3_132_140_roi_768x512_final_hsi_rgb_warp\fusion_v2_upsample_only\fused_cube.zarr\1.1.10","REGENERABLE_FUSION_CUBE","8388608","83ADB9E7FFD2361D8FC8AF3A11236CB4B4FAB8C070EF3CA04595DCDB9E380C57"
"M0-1","E:\Code\Geocore_M0-1_image_fusion","roi_outputs\ZKH3_132_140_roi_768x512_final_hsi_rgb_warp\fusion_v2_upsample_only\fused_cube.zarr\1.1.11","E:\Code\Geocore_M0-1_image_fusion\roi_outputs\ZKH3_132_140_roi_768x512_final_hsi_rgb_warp\fusion_v2_upsample_only\fused_cube.zarr\1.1.11","REGENERABLE_FUSION_CUBE","8388608","1A28FE6059BEB28A1735FB4D5B5C87A71CB818843FCE2729C471836A1C12070D"
"M0-1","E:\Code\Geocore_M0-1_image_fusion","roi_outputs\ZKH3_132_140_roi_768x512_final_hsi_rgb_warp\fusion_v2_upsample_only\fused_cube.zarr\1.1.12","E:\Code\Geocore_M0-1_image_fusion\roi_outputs\ZKH3_132_140_roi_768x512_final_hsi_rgb_warp\fusion_v2_upsample_only\fused_cube.zarr\1.1.12","REGENERABLE_FUSION_CUBE","8388608","9E505D8BA55EEB17F61219957394CC9C75050691678488EF4EB1D7132A9D38E4"
"M0-1","E:\Code\Geocore_M0-1_image_fusion","roi_outputs\ZKH3_132_140_roi_768x512_final_hsi_rgb_warp\fusion_v2_upsample_only\fused_cube.zarr\1.1.13","E:\Code\Geocore_M0-1_image_fusion\roi_outputs\ZKH3_132_140_roi_768x512_final_hsi_rgb_warp\fusion_v2_upsample_only\fused_cube.zarr\1.1.13","REGENERABLE_FUSION_CUBE","8388608","FDA30B042913F5D595658380C62AFA2E9C07ECC143D8707A3AEC1081F3DD25B2"
"M0-1","E:\Code\Geocore_M0-1_image_fusion","roi_outputs\ZKH3_132_140_roi_768x512_final_hsi_rgb_warp\fusion_v2_upsample_only\fused_cube.zarr\1.1.14","E:\Code\Geocore_M0-1_image_fusion\roi_outputs\ZKH3_132_140_roi_768x512_final_hsi_rgb_warp\fusion_v2_upsample_only\fused_cube.zarr\1.1.14","REGENERABLE_FUSION_CUBE","8388608","C0497722415DEBD0AB31A0C4A4B97DE4E833176C8294A2671B5700AFAEA7C0AD"
"M0-1","E:\Code\Geocore_M0-1_image_fusion","roi_outputs\ZKH3_132_140_roi_768x512_final_hsi_rgb_warp\fusion_v2_upsample_only\fused_cube.zarr\1.1.15","E:\Code\Geocore_M0-1_image_fusion\roi_outputs\ZKH3_132_140_roi_768x512_final_hsi_rgb_warp\fusion_v2_upsample_only\fused_cube.zarr\1.1.15","REGENERABLE_FUSION_CUBE","8388608","F43BE02325A1E7AAAA25D86D044FE9203CAEF3D9F47D5C7DA118A4DCBA648965"
"M0-1","E:\Code\Geocore_M0-1_image_fusion","roi_outputs\ZKH3_132_140_roi_768x512_final_hsi_rgb_warp\fusion_v2_upsample_only\fused_cube.zarr\1.1.16","E:\Code\Geocore_M0-1_image_fusion\roi_outputs\ZKH3_132_140_roi_768x512_final_hsi_rgb_warp\fusion_v2_upsample_only\fused_cube.zarr\1.1.16","REGENERABLE_FUSION_CUBE","8388608","7201CC31A6E81F75A442AD0C77E17E5B5A91FB5830BE3DCD11378B1363B11D85"
"M0-1","E:\Code\Geocore_M0-1_image_fusion","roi_outputs\ZKH3_132_140_roi_768x512_final_hsi_rgb_warp\fusion_v2_upsample_only\fused_cube.zarr\1.1.17","E:\Code\Geocore_M0-1_image_fusion\roi_outputs\ZKH3_132_140_roi_768x512_final_hsi_rgb_warp\fusion_v2_upsample_only\fused_cube.zarr\1.1.17","REGENERABLE_FUSION_CUBE","8388608","F7355EADE33412B432D5F4CD1A76707075D2A0E9756EF7DD88A00E510AA341AE"
"M0-1","E:\Code\Geocore_M0-1_image_fusion","roi_outputs\ZKH3_132_140_roi_768x512_final_hsi_rgb_warp\fusion_v2_upsample_only\fused_cube.zarr\1.1.2","E:\Code\Geocore_M0-1_image_fusion\roi_outputs\ZKH3_132_140_roi_768x512_final_hsi_rgb_warp\fusion_v2_upsample_only\fused_cube.zarr\1.1.2","REGENERABLE_FUSION_CUBE","8388608","D59B3BF60AD0067A202A55955CADC25649AA8DA8F097885E502CA08F14127BC1"
"M0-1","E:\Code\Geocore_M0-1_image_fusion","roi_outputs\ZKH3_132_140_roi_768x512_final_hsi_rgb_warp\fusion_v2_upsample_only\fused_cube.zarr\1.1.3","E:\Code\Geocore_M0-1_image_fusion\roi_outputs\ZKH3_132_140_roi_768x512_final_hsi_rgb_warp\fusion_v2_upsample_only\fused_cube.zarr\1.1.3","REGENERABLE_FUSION_CUBE","8388608","B39BAAA305964A980C4C818DDEC214DC255FBF1AAA8F980AAF0191898876C0ED"
"M0-1","E:\Code\Geocore_M0-1_image_fusion","roi_outputs\ZKH3_132_140_roi_768x512_final_hsi_rgb_warp\fusion_v2_upsample_only\fused_cube.zarr\1.1.4","E:\Code\Geocore_M0-1_image_fusion\roi_outputs\ZKH3_132_140_roi_768x512_final_hsi_rgb_warp\fusion_v2_upsample_only\fused_cube.zarr\1.1.4","REGENERABLE_FUSION_CUBE","8388608","108BB2CDC9D527D9001E3A069343286C8F456AE1F49D308B864CDBB683F9B319"
"M0-1","E:\Code\Geocore_M0-1_image_fusion","roi_outputs\ZKH3_132_140_roi_768x512_final_hsi_rgb_warp\fusion_v2_upsample_only\fused_cube.zarr\1.1.5","E:\Code\Geocore_M0-1_image_fusion\roi_outputs\ZKH3_132_140_roi_768x512_final_hsi_rgb_warp\fusion_v2_upsample_only\fused_cube.zarr\1.1.5","REGENERABLE_FUSION_CUBE","8388608","8B530E5D2030876ECDAD7255C54E7C3B4960C320397B75D3F3BE77C8EF39D772"
"M0-1","E:\Code\Geocore_M0-1_image_fusion","roi_outputs\ZKH3_132_140_roi_768x512_final_hsi_rgb_warp\fusion_v2_upsample_only\fused_cube.zarr\1.1.6","E:\Code\Geocore_M0-1_image_fusion\roi_outputs\ZKH3_132_140_roi_768x512_final_hsi_rgb_warp\fusion_v2_upsample_only\fused_cube.zarr\1.1.6","REGENERABLE_FUSION_CUBE","8388608","7C51D3B36C8ECFF60F17318604CFF1AE2C8CEF015B42DE09940B4B6589F8A268"
"M0-1","E:\Code\Geocore_M0-1_image_fusion","roi_outputs\ZKH3_132_140_roi_768x512_final_hsi_rgb_warp\fusion_v2_upsample_only\fused_cube.zarr\1.1.7","E:\Code\Geocore_M0-1_image_fusion\roi_outputs\ZKH3_132_140_roi_768x512_final_hsi_rgb_warp\fusion_v2_upsample_only\fused_cube.zarr\1.1.7","REGENERABLE_FUSION_CUBE","8388608","B7EC9CBC4D8AE61E289475AA3314933B7F88CB3F77FE099E264CE60743D94AEF"
"M0-1","E:\Code\Geocore_M0-1_image_fusion","roi_outputs\ZKH3_132_140_roi_768x512_final_hsi_rgb_warp\fusion_v2_upsample_only\fused_cube.zarr\1.1.8","E:\Code\Geocore_M0-1_image_fusion\roi_outputs\ZKH3_132_140_roi_768x512_final_hsi_rgb_warp\fusion_v2_upsample_only\fused_cube.zarr\1.1.8","REGENERABLE_FUSION_CUBE","8388608","693A76B3011C1A35F88F8EF0DFB05A9A9174DBE2569A4AB1EDE298DAB5DFAF73"
"M0-1","E:\Code\Geocore_M0-1_image_fusion","roi_outputs\ZKH3_132_140_roi_768x512_final_hsi_rgb_warp\fusion_v2_upsample_only\fused_cube.zarr\1.1.9","E:\Code\Geocore_M0-1_image_fusion\roi_outputs\ZKH3_132_140_roi_768x512_final_hsi_rgb_warp\fusion_v2_upsample_only\fused_cube.zarr\1.1.9","REGENERABLE_FUSION_CUBE","8388608","304C1E56C9234A4C483EBD15628BFFAE24E794847519F09E263D2AAF87916D59"
"M0-1","E:\Code\Geocore_M0-1_image_fusion","roi_outputs\ZKH3_132_140_roi_768x512_final_hsi_rgb_warp\fusion_v2_upsample_only\fused_cube.zarr\2.0.0","E:\Code\Geocore_M0-1_image_fusion\roi_outputs\ZKH3_132_140_roi_768x512_final_hsi_rgb_warp\fusion_v2_upsample_only\fused_cube.zarr\2.0.0","REGENERABLE_FUSION_CUBE","8388608","A1C921A64CB9266BB730C14EDAEBE14A058B32526CD9BE8B574588739AE0340D"
"M0-1","E:\Code\Geocore_M0-1_image_fusion","roi_outputs\ZKH3_132_140_roi_768x512_final_hsi_rgb_warp\fusion_v2_upsample_only\fused_cube.zarr\2.0.1","E:\Code\Geocore_M0-1_image_fusion\roi_outputs\ZKH3_132_140_roi_768x512_final_hsi_rgb_warp\fusion_v2_upsample_only\fused_cube.zarr\2.0.1","REGENERABLE_FUSION_CUBE","8388608","1B077F413F28763F22C9677890F3F6C915E925E1209BE9F41D9027AC90CF439F"
"M0-1","E:\Code\Geocore_M0-1_image_fusion","roi_outputs\ZKH3_132_140_roi_768x512_final_hsi_rgb_warp\fusion_v2_upsample_only\fused_cube.zarr\2.0.10","E:\Code\Geocore_M0-1_image_fusion\roi_outputs\ZKH3_132_140_roi_768x512_final_hsi_rgb_warp\fusion_v2_upsample_only\fused_cube.zarr\2.0.10","REGENERABLE_FUSION_CUBE","8388608","9927897FC82370E479C71F50C09DF26CBEF3671C48F877BC27CCA19A8B82882F"
"M0-1","E:\Code\Geocore_M0-1_image_fusion","roi_outputs\ZKH3_132_140_roi_768x512_final_hsi_rgb_warp\fusion_v2_upsample_only\fused_cube.zarr\2.0.11","E:\Code\Geocore_M0-1_image_fusion\roi_outputs\ZKH3_132_140_roi_768x512_final_hsi_rgb_warp\fusion_v2_upsample_only\fused_cube.zarr\2.0.11","REGENERABLE_FUSION_CUBE","8388608","7E76314A6103DBCB1817A0B967171A09BF9BB86712B46F989B6A2CCB1554917D"
"M0-1","E:\Code\Geocore_M0-1_image_fusion","roi_outputs\ZKH3_132_140_roi_768x512_final_hsi_rgb_warp\fusion_v2_upsample_only\fused_cube.zarr\2.0.12","E:\Code\Geocore_M0-1_image_fusion\roi_outputs\ZKH3_132_140_roi_768x512_final_hsi_rgb_warp\fusion_v2_upsample_only\fused_cube.zarr\2.0.12","REGENERABLE_FUSION_CUBE","8388608","DAFF961E1BFEAD269852FA2ADC73D7EFA82D9A487B7989EA3C3A782E0D5A8AB2"
"M0-1","E:\Code\Geocore_M0-1_image_fusion","roi_outputs\ZKH3_132_140_roi_768x512_final_hsi_rgb_warp\fusion_v2_upsample_only\fused_cube.zarr\2.0.13","E:\Code\Geocore_M0-1_image_fusion\roi_outputs\ZKH3_132_140_roi_768x512_final_hsi_rgb_warp\fusion_v2_upsample_only\fused_cube.zarr\2.0.13","REGENERABLE_FUSION_CUBE","8388608","48F0D525E73AD13D4E86E80FCC48F2521244988DF9D433892B5908967D415F68"
"M0-1","E:\Code\Geocore_M0-1_image_fusion","roi_outputs\ZKH3_132_140_roi_768x512_final_hsi_rgb_warp\fusion_v2_upsample_only\fused_cube.zarr\2.0.14","E:\Code\Geocore_M0-1_image_fusion\roi_outputs\ZKH3_132_140_roi_768x512_final_hsi_rgb_warp\fusion_v2_upsample_only\fused_cube.zarr\2.0.14","REGENERABLE_FUSION_CUBE","8388608","30C8B572E725AD9D892CFE388DE3C5E68ACB2CD15CAB926C28D1C11E70D2EEA6"
"M0-1","E:\Code\Geocore_M0-1_image_fusion","roi_outputs\ZKH3_132_140_roi_768x512_final_hsi_rgb_warp\fusion_v2_upsample_only\fused_cube.zarr\2.0.15","E:\Code\Geocore_M0-1_image_fusion\roi_outputs\ZKH3_132_140_roi_768x512_final_hsi_rgb_warp\fusion_v2_upsample_only\fused_cube.zarr\2.0.15","REGENERABLE_FUSION_CUBE","8388608","6189DB76CC97243E00C9B05BF7F51A9523D12015565BE4DFF20D393DCFDDFF31"
"M0-1","E:\Code\Geocore_M0-1_image_fusion","roi_outputs\ZKH3_132_140_roi_768x512_final_hsi_rgb_warp\fusion_v2_upsample_only\fused_cube.zarr\2.0.16","E:\Code\Geocore_M0-1_image_fusion\roi_outputs\ZKH3_132_140_roi_768x512_final_hsi_rgb_warp\fusion_v2_upsample_only\fused_cube.zarr\2.0.16","REGENERABLE_FUSION_CUBE","8388608","957D11E1BE4BD6EBDA29850994E802D8F183A7A9DA6947E6DBEEBDBB1525263C"
"M0-1","E:\Code\Geocore_M0-1_image_fusion","roi_outputs\ZKH3_132_140_roi_768x512_final_hsi_rgb_warp\fusion_v2_upsample_only\fused_cube.zarr\2.0.17","E:\Code\Geocore_M0-1_image_fusion\roi_outputs\ZKH3_132_140_roi_768x512_final_hsi_rgb_warp\fusion_v2_upsample_only\fused_cube.zarr\2.0.17","REGENERABLE_FUSION_CUBE","8388608","807DECC1E7969590C964AD166FBB1895C07D54BDA6C00BE1C0E15F9459B6C8E2"
"M0-1","E:\Code\Geocore_M0-1_image_fusion","roi_outputs\ZKH3_132_140_roi_768x512_final_hsi_rgb_warp\fusion_v2_upsample_only\fused_cube.zarr\2.0.2","E:\Code\Geocore_M0-1_image_fusion\roi_outputs\ZKH3_132_140_roi_768x512_final_hsi_rgb_warp\fusion_v2_upsample_only\fused_cube.zarr\2.0.2","REGENERABLE_FUSION_CUBE","8388608","5B56A43A80A6CF1CA9D461C5B6663B8F20C38FA57F394704589B9D5CE14E9208"
"M0-1","E:\Code\Geocore_M0-1_image_fusion","roi_outputs\ZKH3_132_140_roi_768x512_final_hsi_rgb_warp\fusion_v2_upsample_only\fused_cube.zarr\2.0.3","E:\Code\Geocore_M0-1_image_fusion\roi_outputs\ZKH3_132_140_roi_768x512_final_hsi_rgb_warp\fusion_v2_upsample_only\fused_cube.zarr\2.0.3","REGENERABLE_FUSION_CUBE","8388608","3CAD12C589DA663357E2A4C46D94240F50F1D5A870F84A1866A4BB6181E96E1B"
"M0-1","E:\Code\Geocore_M0-1_image_fusion","roi_outputs\ZKH3_132_140_roi_768x512_final_hsi_rgb_warp\fusion_v2_upsample_only\fused_cube.zarr\2.0.4","E:\Code\Geocore_M0-1_image_fusion\roi_outputs\ZKH3_132_140_roi_768x512_final_hsi_rgb_warp\fusion_v2_upsample_only\fused_cube.zarr\2.0.4","REGENERABLE_FUSION_CUBE","8388608","C3E3CC332A91B8C10D4EBCAA61DA0CC077E156AE9E752960A5A39B392A8F0C52"
"M0-1","E:\Code\Geocore_M0-1_image_fusion","roi_outputs\ZKH3_132_140_roi_768x512_final_hsi_rgb_warp\fusion_v2_upsample_only\fused_cube.zarr\2.0.5","E:\Code\Geocore_M0-1_image_fusion\roi_outputs\ZKH3_132_140_roi_768x512_final_hsi_rgb_warp\fusion_v2_upsample_only\fused_cube.zarr\2.0.5","REGENERABLE_FUSION_CUBE","8388608","C6EF0DF1722F09E0A4738772181A4FDFD83FBEA7F388B4DF4B0E0BBC57EC1C9F"
"M0-1","E:\Code\Geocore_M0-1_image_fusion","roi_outputs\ZKH3_132_140_roi_768x512_final_hsi_rgb_warp\fusion_v2_upsample_only\fused_cube.zarr\2.0.6","E:\Code\Geocore_M0-1_image_fusion\roi_outputs\ZKH3_132_140_roi_768x512_final_hsi_rgb_warp\fusion_v2_upsample_only\fused_cube.zarr\2.0.6","REGENERABLE_FUSION_CUBE","8388608","8D971865CF2B4977E0E2F283060A33EB672DD9BBC80F56CF3FC1942FD11C01E8"
"M0-1","E:\Code\Geocore_M0-1_image_fusion","roi_outputs\ZKH3_132_140_roi_768x512_final_hsi_rgb_warp\fusion_v2_upsample_only\fused_cube.zarr\2.0.7","E:\Code\Geocore_M0-1_image_fusion\roi_outputs\ZKH3_132_140_roi_768x512_final_hsi_rgb_warp\fusion_v2_upsample_only\fused_cube.zarr\2.0.7","REGENERABLE_FUSION_CUBE","8388608","939FB4B058968C8BCBE65278153D32E67F757D009DA1F0501592758E0CBE4129"
"M0-1","E:\Code\Geocore_M0-1_image_fusion","roi_outputs\ZKH3_132_140_roi_768x512_final_hsi_rgb_warp\fusion_v2_upsample_only\fused_cube.zarr\2.0.8","E:\Code\Geocore_M0-1_image_fusion\roi_outputs\ZKH3_132_140_roi_768x512_final_hsi_rgb_warp\fusion_v2_upsample_only\fused_cube.zarr\2.0.8","REGENERABLE_FUSION_CUBE","8388608","2A5BECE5B6ED4756A731F877F23F0EA8807E20CBFA396AD1D4663B6C2CABC600"
"M0-1","E:\Code\Geocore_M0-1_image_fusion","roi_outputs\ZKH3_132_140_roi_768x512_final_hsi_rgb_warp\fusion_v2_upsample_only\fused_cube.zarr\2.0.9","E:\Code\Geocore_M0-1_image_fusion\roi_outputs\ZKH3_132_140_roi_768x512_final_hsi_rgb_warp\fusion_v2_upsample_only\fused_cube.zarr\2.0.9","REGENERABLE_FUSION_CUBE","8388608","B1E583CE93F2A7F0C313BA2B7B881B737A54882226F79A7B9D5D8A6A6C39FD81"
"M0-1","E:\Code\Geocore_M0-1_image_fusion","roi_outputs\ZKH3_132_140_roi_768x512_final_hsi_rgb_warp\fusion_v2_upsample_only\fused_cube.zarr\2.1.0","E:\Code\Geocore_M0-1_image_fusion\roi_outputs\ZKH3_132_140_roi_768x512_final_hsi_rgb_warp\fusion_v2_upsample_only\fused_cube.zarr\2.1.0","REGENERABLE_FUSION_CUBE","8388608","F31EC4A32B1332440E0893D37370658C64126118F9A4A98CB0A3855BAF0BFF8A"
"M0-1","E:\Code\Geocore_M0-1_image_fusion","roi_outputs\ZKH3_132_140_roi_768x512_final_hsi_rgb_warp\fusion_v2_upsample_only\fused_cube.zarr\2.1.1","E:\Code\Geocore_M0-1_image_fusion\roi_outputs\ZKH3_132_140_roi_768x512_final_hsi_rgb_warp\fusion_v2_upsample_only\fused_cube.zarr\2.1.1","REGENERABLE_FUSION_CUBE","8388608","4D1675480829C1889A796DE0E5D3550FE45B4BB0FD605865A97A10F6144A722F"
"M0-1","E:\Code\Geocore_M0-1_image_fusion","roi_outputs\ZKH3_132_140_roi_768x512_final_hsi_rgb_warp\fusion_v2_upsample_only\fused_cube.zarr\2.1.10","E:\Code\Geocore_M0-1_image_fusion\roi_outputs\ZKH3_132_140_roi_768x512_final_hsi_rgb_warp\fusion_v2_upsample_only\fused_cube.zarr\2.1.10","REGENERABLE_FUSION_CUBE","8388608","DC6757739192200A728A8230F19F619E7DE7124E73DBDEAA73ACA284AA1FA2F9"
"M0-1","E:\Code\Geocore_M0-1_image_fusion","roi_outputs\ZKH3_132_140_roi_768x512_final_hsi_rgb_warp\fusion_v2_upsample_only\fused_cube.zarr\2.1.11","E:\Code\Geocore_M0-1_image_fusion\roi_outputs\ZKH3_132_140_roi_768x512_final_hsi_rgb_warp\fusion_v2_upsample_only\fused_cube.zarr\2.1.11","REGENERABLE_FUSION_CUBE","8388608","D2BDC46C390001B0173E673A1B2531A6C33D8DD71E95F83FEF2C5CFFD8C3FE09"
"M0-1","E:\Code\Geocore_M0-1_image_fusion","roi_outputs\ZKH3_132_140_roi_768x512_final_hsi_rgb_warp\fusion_v2_upsample_only\fused_cube.zarr\2.1.12","E:\Code\Geocore_M0-1_image_fusion\roi_outputs\ZKH3_132_140_roi_768x512_final_hsi_rgb_warp\fusion_v2_upsample_only\fused_cube.zarr\2.1.12","REGENERABLE_FUSION_CUBE","8388608","E4BF0D484BF6A47B6C37CBEF3CB79DA2F05F83A4424CE84B62950C1EA52CCC08"
"M0-1","E:\Code\Geocore_M0-1_image_fusion","roi_outputs\ZKH3_132_140_roi_768x512_final_hsi_rgb_warp\fusion_v2_upsample_only\fused_cube.zarr\2.1.13","E:\Code\Geocore_M0-1_image_fusion\roi_outputs\ZKH3_132_140_roi_768x512_final_hsi_rgb_warp\fusion_v2_upsample_only\fused_cube.zarr\2.1.13","REGENERABLE_FUSION_CUBE","8388608","5A8514BE85D9C968E9C26B3BCAD60B272AAA4C55D1CC06682A6DDEE4E9C8532D"
"M0-1","E:\Code\Geocore_M0-1_image_fusion","roi_outputs\ZKH3_132_140_roi_768x512_final_hsi_rgb_warp\fusion_v2_upsample_only\fused_cube.zarr\2.1.14","E:\Code\Geocore_M0-1_image_fusion\roi_outputs\ZKH3_132_140_roi_768x512_final_hsi_rgb_warp\fusion_v2_upsample_only\fused_cube.zarr\2.1.14","REGENERABLE_FUSION_CUBE","8388608","9A513624B27AE558410D4266106DEF9DB7E3D903F0DB3E0E687E40D55A44AF2D"
"M0-1","E:\Code\Geocore_M0-1_image_fusion","roi_outputs\ZKH3_132_140_roi_768x512_final_hsi_rgb_warp\fusion_v2_upsample_only\fused_cube.zarr\2.1.15","E:\Code\Geocore_M0-1_image_fusion\roi_outputs\ZKH3_132_140_roi_768x512_final_hsi_rgb_warp\fusion_v2_upsample_only\fused_cube.zarr\2.1.15","REGENERABLE_FUSION_CUBE","8388608","D4105F368E0EE18E08A5FB1CF9D4D09D0C3F4ECDF4758675893E214A6B1B557C"
"M0-1","E:\Code\Geocore_M0-1_image_fusion","roi_outputs\ZKH3_132_140_roi_768x512_final_hsi_rgb_warp\fusion_v2_upsample_only\fused_cube.zarr\2.1.16","E:\Code\Geocore_M0-1_image_fusion\roi_outputs\ZKH3_132_140_roi_768x512_final_hsi_rgb_warp\fusion_v2_upsample_only\fused_cube.zarr\2.1.16","REGENERABLE_FUSION_CUBE","8388608","2552E82E8D6349FC24CE3A93901D789A548C54BCEDB49F2CB979C2B646D2282C"
"M0-1","E:\Code\Geocore_M0-1_image_fusion","roi_outputs\ZKH3_132_140_roi_768x512_final_hsi_rgb_warp\fusion_v2_upsample_only\fused_cube.zarr\2.1.17","E:\Code\Geocore_M0-1_image_fusion\roi_outputs\ZKH3_132_140_roi_768x512_final_hsi_rgb_warp\fusion_v2_upsample_only\fused_cube.zarr\2.1.17","REGENERABLE_FUSION_CUBE","8388608","4F2D5578EE7A3B04DBB128A3829DD30AB17128EC3A8356E6E5C70C761F3E05ED"
"M0-1","E:\Code\Geocore_M0-1_image_fusion","roi_outputs\ZKH3_132_140_roi_768x512_final_hsi_rgb_warp\fusion_v2_upsample_only\fused_cube.zarr\2.1.2","E:\Code\Geocore_M0-1_image_fusion\roi_outputs\ZKH3_132_140_roi_768x512_final_hsi_rgb_warp\fusion_v2_upsample_only\fused_cube.zarr\2.1.2","REGENERABLE_FUSION_CUBE","8388608","66E6956B388C1604393F0FB76BD538279EF05EFFB2071D418BE65D339E87A5B7"
"M0-1","E:\Code\Geocore_M0-1_image_fusion","roi_outputs\ZKH3_132_140_roi_768x512_final_hsi_rgb_warp\fusion_v2_upsample_only\fused_cube.zarr\2.1.3","E:\Code\Geocore_M0-1_image_fusion\roi_outputs\ZKH3_132_140_roi_768x512_final_hsi_rgb_warp\fusion_v2_upsample_only\fused_cube.zarr\2.1.3","REGENERABLE_FUSION_CUBE","8388608","906BF790A8CAC1AA6F5C28B1B4091B77835181F693D24C56D5CCF7158F0B5677"
"M0-1","E:\Code\Geocore_M0-1_image_fusion","roi_outputs\ZKH3_132_140_roi_768x512_final_hsi_rgb_warp\fusion_v2_upsample_only\fused_cube.zarr\2.1.4","E:\Code\Geocore_M0-1_image_fusion\roi_outputs\ZKH3_132_140_roi_768x512_final_hsi_rgb_warp\fusion_v2_upsample_only\fused_cube.zarr\2.1.4","REGENERABLE_FUSION_CUBE","8388608","2D660A527ED13699D92281C121ED6E0F0FE2175AFBB7629AC57B73991412AA62"
"M0-1","E:\Code\Geocore_M0-1_image_fusion","roi_outputs\ZKH3_132_140_roi_768x512_final_hsi_rgb_warp\fusion_v2_upsample_only\fused_cube.zarr\2.1.5","E:\Code\Geocore_M0-1_image_fusion\roi_outputs\ZKH3_132_140_roi_768x512_final_hsi_rgb_warp\fusion_v2_upsample_only\fused_cube.zarr\2.1.5","REGENERABLE_FUSION_CUBE","8388608","2DDCEEBE53F5F112BD7BAF215B7B404D57DBA029422985D5F43C9C72D4D98FAE"
"M0-1","E:\Code\Geocore_M0-1_image_fusion","roi_outputs\ZKH3_132_140_roi_768x512_final_hsi_rgb_warp\fusion_v2_upsample_only\fused_cube.zarr\2.1.6","E:\Code\Geocore_M0-1_image_fusion\roi_outputs\ZKH3_132_140_roi_768x512_final_hsi_rgb_warp\fusion_v2_upsample_only\fused_cube.zarr\2.1.6","REGENERABLE_FUSION_CUBE","8388608","8722A5A07149F0B912FD04E3E10B755463C7A3E8B6FCFE933A4FB404B3489F73"
"M0-1","E:\Code\Geocore_M0-1_image_fusion","roi_outputs\ZKH3_132_140_roi_768x512_final_hsi_rgb_warp\fusion_v2_upsample_only\fused_cube.zarr\2.1.7","E:\Code\Geocore_M0-1_image_fusion\roi_outputs\ZKH3_132_140_roi_768x512_final_hsi_rgb_warp\fusion_v2_upsample_only\fused_cube.zarr\2.1.7","REGENERABLE_FUSION_CUBE","8388608","55E4F2DB5D442D98F6AF53C80D28CAD876281045D1ACEB36BBBF7229CC99C392"
"M0-1","E:\Code\Geocore_M0-1_image_fusion","roi_outputs\ZKH3_132_140_roi_768x512_final_hsi_rgb_warp\fusion_v2_upsample_only\fused_cube.zarr\2.1.8","E:\Code\Geocore_M0-1_image_fusion\roi_outputs\ZKH3_132_140_roi_768x512_final_hsi_rgb_warp\fusion_v2_upsample_only\fused_cube.zarr\2.1.8","REGENERABLE_FUSION_CUBE","8388608","280A291BA06668094C94EB3DBF8E040E36CA04E77B4EC979289A84BD0FF02A95"
"M0-1","E:\Code\Geocore_M0-1_image_fusion","roi_outputs\ZKH3_132_140_roi_768x512_final_hsi_rgb_warp\fusion_v2_upsample_only\fused_cube.zarr\2.1.9","E:\Code\Geocore_M0-1_image_fusion\roi_outputs\ZKH3_132_140_roi_768x512_final_hsi_rgb_warp\fusion_v2_upsample_only\fused_cube.zarr\2.1.9","REGENERABLE_FUSION_CUBE","8388608","48CD0BC71236D9D6A9792F88685792ACBD2F594DAFA5BAA41D8F8C9F2329B79F"
"M0-1","E:\Code\Geocore_M0-1_image_fusion","src\geocore_m01_fusion\__pycache__\algorithms.cpython-312.pyc","E:\Code\Geocore_M0-1_image_fusion\src\geocore_m01_fusion\__pycache__\algorithms.cpython-312.pyc","PYTHON_BYTECODE_CACHE","30406","699E52B1B17B9CBA3F88994DE1A94B871343D03779F6465350047379CC7B2E71"
"M0-1","E:\Code\Geocore_M0-1_image_fusion","src\geocore_m01_fusion\__pycache__\api_service.cpython-312.pyc","E:\Code\Geocore_M0-1_image_fusion\src\geocore_m01_fusion\__pycache__\api_service.cpython-312.pyc","PYTHON_BYTECODE_CACHE","23497","4DFFC2B64F0ADAA8BA5100F94B4B5B690FB1E4883B060C967CEE131D1F147FE0"
"M0-1","E:\Code\Geocore_M0-1_image_fusion","src\geocore_m01_fusion\__pycache__\cli.cpython-312.pyc","E:\Code\Geocore_M0-1_image_fusion\src\geocore_m01_fusion\__pycache__\cli.cpython-312.pyc","PYTHON_BYTECODE_CACHE","10733","0B48010BB32851C7B878EDD301974102E23C79F12CC954EE6CD982A92AD5BCF8"
"M0-1","E:\Code\Geocore_M0-1_image_fusion","src\geocore_m01_fusion\__pycache__\config.cpython-312.pyc","E:\Code\Geocore_M0-1_image_fusion\src\geocore_m01_fusion\__pycache__\config.cpython-312.pyc","PYTHON_BYTECODE_CACHE","4242","4F784585CD84AC48C4B070F11959DE68959A376138CF2BA755F66905DC5B5D13"
"M0-1","E:\Code\Geocore_M0-1_image_fusion","src\geocore_m01_fusion\__pycache__\envi.cpython-312.pyc","E:\Code\Geocore_M0-1_image_fusion\src\geocore_m01_fusion\__pycache__\envi.cpython-312.pyc","PYTHON_BYTECODE_CACHE","11657","8DECDA7C095769D5A871911377BCA481DC42BCB94FF42F4B3947E6ABEB7BD20F"
"M0-1","E:\Code\Geocore_M0-1_image_fusion","src\geocore_m01_fusion\__pycache__\metrics.cpython-312.pyc","E:\Code\Geocore_M0-1_image_fusion\src\geocore_m01_fusion\__pycache__\metrics.cpython-312.pyc","PYTHON_BYTECODE_CACHE","8650","85DD07A48FB668D660D91522F61B9F30D1F29616A20DD6AB83114CA32F5CFFA4"
"M0-1","E:\Code\Geocore_M0-1_image_fusion","src\geocore_m01_fusion\__pycache__\output.cpython-312.pyc","E:\Code\Geocore_M0-1_image_fusion\src\geocore_m01_fusion\__pycache__\output.cpython-312.pyc","PYTHON_BYTECODE_CACHE","21528","EC5351866B03678209279B0EF42A2DEFDB0F74A88A242EF30C705E03B5268020"
"M0-1","E:\Code\Geocore_M0-1_image_fusion","src\geocore_m01_fusion\__pycache__\pipeline.cpython-312.pyc","E:\Code\Geocore_M0-1_image_fusion\src\geocore_m01_fusion\__pycache__\pipeline.cpython-312.pyc","PYTHON_BYTECODE_CACHE","4922","0EF0345A288A378FBC7507646B0FBF8BB8350EFFFE918EEDEC708D6CCC563253"
"M0-1","E:\Code\Geocore_M0-1_image_fusion","src\geocore_m01_fusion\__pycache__\preprocess.cpython-312.pyc","E:\Code\Geocore_M0-1_image_fusion\src\geocore_m01_fusion\__pycache__\preprocess.cpython-312.pyc","PYTHON_BYTECODE_CACHE","5526","E30385B263B0126351F97A14090BF07BE03D3E15FE451EB79A271CABA08F48AF"
"M0-1","E:\Code\Geocore_M0-1_image_fusion","src\geocore_m01_fusion\__pycache__\registration.cpython-312.pyc","E:\Code\Geocore_M0-1_image_fusion\src\geocore_m01_fusion\__pycache__\registration.cpython-312.pyc","PYTHON_BYTECODE_CACHE","23753","4C497A0B8507225692CBB9679BB537D82BFBF83E4148584E0635404F70D967BB"
"M0-1","E:\Code\Geocore_M0-1_image_fusion","src\geocore_m01_fusion\__pycache__\resample.cpython-312.pyc","E:\Code\Geocore_M0-1_image_fusion\src\geocore_m01_fusion\__pycache__\resample.cpython-312.pyc","PYTHON_BYTECODE_CACHE","6502","5B9B759844D6EA8B42FF418E53833A5BC9C0AB4FEFAE8A31662F6B3C2DA282F3"
"M0-1","E:\Code\Geocore_M0-1_image_fusion","src\geocore_m01_fusion\__pycache__\roi.cpython-312.pyc","E:\Code\Geocore_M0-1_image_fusion\src\geocore_m01_fusion\__pycache__\roi.cpython-312.pyc","PYTHON_BYTECODE_CACHE","45820","67AF9F28714053AEAF30FFCAFD4C0B059794B7AE2B12465A28F62007A2D71C30"
"M0-1","E:\Code\Geocore_M0-1_image_fusion","src\geocore_m01_fusion\__pycache__\roi_cli.cpython-312.pyc","E:\Code\Geocore_M0-1_image_fusion\src\geocore_m01_fusion\__pycache__\roi_cli.cpython-312.pyc","PYTHON_BYTECODE_CACHE","3014","42AC9264C724886AF8135B5294BF44F389D3F289E2B3DEFD52D64EDA16B2DEA9"
"M0-1","E:\Code\Geocore_M0-1_image_fusion","src\geocore_m01_fusion\__pycache__\spectral.cpython-312.pyc","E:\Code\Geocore_M0-1_image_fusion\src\geocore_m01_fusion\__pycache__\spectral.cpython-312.pyc","PYTHON_BYTECODE_CACHE","10399","3E8A045D200F4C74F87CC4EC5B2B24CF60DC8B5394AB5973909E2A3F0C583488"
"M0-1","E:\Code\Geocore_M0-1_image_fusion","src\geocore_m01_fusion\__pycache__\streaming.cpython-312.pyc","E:\Code\Geocore_M0-1_image_fusion\src\geocore_m01_fusion\__pycache__\streaming.cpython-312.pyc","PYTHON_BYTECODE_CACHE","28742","9FEC2429BA4A27D121FD2E20130D8C2FFC0ED0F9C00226FA8BE2615A743F6752"
"M0-1","E:\Code\Geocore_M0-1_image_fusion","src\geocore_m01_fusion\__pycache__\tiepoints.cpython-312.pyc","E:\Code\Geocore_M0-1_image_fusion\src\geocore_m01_fusion\__pycache__\tiepoints.cpython-312.pyc","PYTHON_BYTECODE_CACHE","39606","531338974B8611BD37184A38BBD0EF25C241807E9330244ECAEC7FD31D52F547"
"M0-1","E:\Code\Geocore_M0-1_image_fusion","src\geocore_m01_fusion\__pycache__\tiepoints_cli.cpython-312.pyc","E:\Code\Geocore_M0-1_image_fusion\src\geocore_m01_fusion\__pycache__\tiepoints_cli.cpython-312.pyc","PYTHON_BYTECODE_CACHE","4599","A99577DA142FB22F032B4796589150C041082C82033F439D3236CA86324F4695"
"M0-1","E:\Code\Geocore_M0-1_image_fusion","src\geocore_m01_fusion\__pycache__\__init__.cpython-312.pyc","E:\Code\Geocore_M0-1_image_fusion\src\geocore_m01_fusion\__pycache__\__init__.cpython-312.pyc","PYTHON_BYTECODE_CACHE","820","707666C711935F947D90F824E3A1BD1535035C42F6E321D1263D794E89B358C3"
"M0-1","E:\Code\Geocore_M0-1_image_fusion","tests\__pycache__\run_tests.cpython-312.pyc","E:\Code\Geocore_M0-1_image_fusion\tests\__pycache__\run_tests.cpython-312.pyc","PYTHON_BYTECODE_CACHE","8825","1FE5A6FB41AC4F8F2201E650BCED2F51C49143D89A235543643D6F0E6606B965"
"M0-1","E:\Code\Geocore_M0-1_image_fusion","test_outputs\classical\manifest.json","E:\Code\Geocore_M0-1_image_fusion\test_outputs\classical\manifest.json","GENERATED_TEST_OUTPUT","1393","31B440BDCB0518931AC5797888FBA90FB59E31D80EE377C46DD751300991E583"
"M0-1","E:\Code\Geocore_M0-1_image_fusion","test_outputs\classical\fused_cube.zarr\.zarray","E:\Code\Geocore_M0-1_image_fusion\test_outputs\classical\fused_cube.zarr\.zarray","REGENERABLE_FUSION_CUBE","217","E2265857CC2687570651A38C6CCD29D55975E99B8621EDF950E6E031281B0A22"
"M0-1","E:\Code\Geocore_M0-1_image_fusion","test_outputs\classical\fused_cube.zarr\.zattrs","E:\Code\Geocore_M0-1_image_fusion\test_outputs\classical\fused_cube.zarr\.zattrs","REGENERABLE_FUSION_CUBE","124","EBA25B2244063E8F29C4639554FF49B2CBB66C110666A4359B541FC8BC4ABB14"
"M0-1","E:\Code\Geocore_M0-1_image_fusion","test_outputs\classical\fused_cube.zarr\0.0.0","E:\Code\Geocore_M0-1_image_fusion\test_outputs\classical\fused_cube.zarr\0.0.0","REGENERABLE_FUSION_CUBE","4096","D294484F798A6BB3E9E12F6CFAF21E4C2F4096BBCF447086CA07363A093BE7D0"
"M0-1","E:\Code\Geocore_M0-1_image_fusion","test_outputs\classical\fused_cube.zarr\0.0.1","E:\Code\Geocore_M0-1_image_fusion\test_outputs\classical\fused_cube.zarr\0.0.1","REGENERABLE_FUSION_CUBE","4096","02A9C2CE26E0F42C26D0ABC6F3DD0C5BA82D79E67AF2C871B8BE83F65E5648E1"
"M0-1","E:\Code\Geocore_M0-1_image_fusion","test_outputs\classical\fused_cube.zarr\0.0.2","E:\Code\Geocore_M0-1_image_fusion\test_outputs\classical\fused_cube.zarr\0.0.2","REGENERABLE_FUSION_CUBE","4096","95459956F49F2FEF0A51DA9AD0B2FA96AB21FB16B63860A14F3765ECD06DDE2A"
"M0-1","E:\Code\Geocore_M0-1_image_fusion","test_outputs\classical\fused_cube.zarr\0.0.3","E:\Code\Geocore_M0-1_image_fusion\test_outputs\classical\fused_cube.zarr\0.0.3","REGENERABLE_FUSION_CUBE","4096","F07DDCD7F2AFDD1C1FE5368F6273CF33B250FD192F87DC1C909EC52F55BB9BA2"
"M0-1","E:\Code\Geocore_M0-1_image_fusion","test_outputs\classical\fused_cube.zarr\0.1.0","E:\Code\Geocore_M0-1_image_fusion\test_outputs\classical\fused_cube.zarr\0.1.0","REGENERABLE_FUSION_CUBE","4096","3283854FF83AE2F569E59AB8F51FF90214B5A8CC0769ED39DFC3046FE35CA19C"
"M0-1","E:\Code\Geocore_M0-1_image_fusion","test_outputs\classical\fused_cube.zarr\0.1.1","E:\Code\Geocore_M0-1_image_fusion\test_outputs\classical\fused_cube.zarr\0.1.1","REGENERABLE_FUSION_CUBE","4096","D000F859C3C7A1659D233B048874572516FD6C2F17648395FC688998F03C3FB3"
"M0-1","E:\Code\Geocore_M0-1_image_fusion","test_outputs\classical\fused_cube.zarr\0.1.2","E:\Code\Geocore_M0-1_image_fusion\test_outputs\classical\fused_cube.zarr\0.1.2","REGENERABLE_FUSION_CUBE","4096","B64CA87715DE81A82E892C76A124D90C72CBD80B7C85FB8DED667696B4A5DD50"
"M0-1","E:\Code\Geocore_M0-1_image_fusion","test_outputs\classical\fused_cube.zarr\0.1.3","E:\Code\Geocore_M0-1_image_fusion\test_outputs\classical\fused_cube.zarr\0.1.3","REGENERABLE_FUSION_CUBE","4096","7533124B356FCBF7BF828FB547D06D63A6B0B1F05EFEF79FCC21C1670DF4C850"
"M0-1","E:\Code\Geocore_M0-1_image_fusion","test_outputs\classical\fused_cube.zarr\0.2.0","E:\Code\Geocore_M0-1_image_fusion\test_outputs\classical\fused_cube.zarr\0.2.0","REGENERABLE_FUSION_CUBE","4096","42F57D8808B8BB28F2FE6C902BDDF5CC4C4274C62D5080F374B8AA51B891E6CC"
"M0-1","E:\Code\Geocore_M0-1_image_fusion","test_outputs\classical\fused_cube.zarr\0.2.1","E:\Code\Geocore_M0-1_image_fusion\test_outputs\classical\fused_cube.zarr\0.2.1","REGENERABLE_FUSION_CUBE","4096","D5C6251BC71AE7628AB8954814929D38CEEB890041769206B55F597B2B200DB6"
"M0-1","E:\Code\Geocore_M0-1_image_fusion","test_outputs\classical\fused_cube.zarr\0.2.2","E:\Code\Geocore_M0-1_image_fusion\test_outputs\classical\fused_cube.zarr\0.2.2","REGENERABLE_FUSION_CUBE","4096","D424F15F4A2845965A67B4C8B6958D9566739EAC843DD86629927F3499A0BB26"
"M0-1","E:\Code\Geocore_M0-1_image_fusion","test_outputs\classical\fused_cube.zarr\0.2.3","E:\Code\Geocore_M0-1_image_fusion\test_outputs\classical\fused_cube.zarr\0.2.3","REGENERABLE_FUSION_CUBE","4096","EFCD67F5CF6DF3E877A72BF94165FB8C65681AC145E571DEDECB262F386788FE"
"M0-1","E:\Code\Geocore_M0-1_image_fusion","test_outputs\classical\fused_cube.zarr\0.3.0","E:\Code\Geocore_M0-1_image_fusion\test_outputs\classical\fused_cube.zarr\0.3.0","REGENERABLE_FUSION_CUBE","4096","4779FC824CAD70D8E2F8B2EF16AD7A4C6CF1D0BDAC84FDCACE416313CD8DB144"
"M0-1","E:\Code\Geocore_M0-1_image_fusion","test_outputs\classical\fused_cube.zarr\0.3.1","E:\Code\Geocore_M0-1_image_fusion\test_outputs\classical\fused_cube.zarr\0.3.1","REGENERABLE_FUSION_CUBE","4096","A18D03CD6D9DEA35E7C13E2292D12889ADD522610626424B516CF004CDD2830E"
"M0-1","E:\Code\Geocore_M0-1_image_fusion","test_outputs\classical\fused_cube.zarr\0.3.2","E:\Code\Geocore_M0-1_image_fusion\test_outputs\classical\fused_cube.zarr\0.3.2","REGENERABLE_FUSION_CUBE","4096","2D329CB9B499A20485D1BD2EDCCD2ECA96742732DF613B1D3C0CA427A4C4BB9A"
"M0-1","E:\Code\Geocore_M0-1_image_fusion","test_outputs\classical\fused_cube.zarr\0.3.3","E:\Code\Geocore_M0-1_image_fusion\test_outputs\classical\fused_cube.zarr\0.3.3","REGENERABLE_FUSION_CUBE","4096","776A2125E40B6AA25FA109EDBCA1250D6B35C1D0788D4C25ADA4AF681FC2D649"
"M0-1","E:\Code\Geocore_M0-1_image_fusion","test_outputs\classical\fused_cube.zarr\1.0.0","E:\Code\Geocore_M0-1_image_fusion\test_outputs\classical\fused_cube.zarr\1.0.0","REGENERABLE_FUSION_CUBE","4096","536B4E7DAF09A26F64112C159C21DD46A5C30980C898612527FFCA013DF39056"
"M0-1","E:\Code\Geocore_M0-1_image_fusion","test_outputs\classical\fused_cube.zarr\1.0.1","E:\Code\Geocore_M0-1_image_fusion\test_outputs\classical\fused_cube.zarr\1.0.1","REGENERABLE_FUSION_CUBE","4096","020AFB9B2A6736BEA93C51E7B355DD97CD7E6754C916BAA92D6D1A8344249341"
"M0-1","E:\Code\Geocore_M0-1_image_fusion","test_outputs\classical\fused_cube.zarr\1.0.2","E:\Code\Geocore_M0-1_image_fusion\test_outputs\classical\fused_cube.zarr\1.0.2","REGENERABLE_FUSION_CUBE","4096","46EC3C088CE5DAACA1FA03F3390761CDFC916EB2C10BEDB7CF0948728035491C"
"M0-1","E:\Code\Geocore_M0-1_image_fusion","test_outputs\classical\fused_cube.zarr\1.0.3","E:\Code\Geocore_M0-1_image_fusion\test_outputs\classical\fused_cube.zarr\1.0.3","REGENERABLE_FUSION_CUBE","4096","A0BA123ADC87E330F8AF3F8B7651F967ED633DD80218881C251A8A573C0B7D46"
"M0-1","E:\Code\Geocore_M0-1_image_fusion","test_outputs\classical\fused_cube.zarr\1.1.0","E:\Code\Geocore_M0-1_image_fusion\test_outputs\classical\fused_cube.zarr\1.1.0","REGENERABLE_FUSION_CUBE","4096","564C2290E36F2DCECFC4263F3EAE60F9EB86347FCF7B323499DD9B7E5CA2F586"
"M0-1","E:\Code\Geocore_M0-1_image_fusion","test_outputs\classical\fused_cube.zarr\1.1.1","E:\Code\Geocore_M0-1_image_fusion\test_outputs\classical\fused_cube.zarr\1.1.1","REGENERABLE_FUSION_CUBE","4096","DA0A5C41125D4C0968EFADC0DE95B8DFB11DCCAFD162292045BB56D7805EF9B5"
"M0-1","E:\Code\Geocore_M0-1_image_fusion","test_outputs\classical\fused_cube.zarr\1.1.2","E:\Code\Geocore_M0-1_image_fusion\test_outputs\classical\fused_cube.zarr\1.1.2","REGENERABLE_FUSION_CUBE","4096","1D1D5E19E62E4EFFCDAF41BE79D1E73F894E2EFFA6BBC8F2B7961E478CC984CB"
"M0-1","E:\Code\Geocore_M0-1_image_fusion","test_outputs\classical\fused_cube.zarr\1.1.3","E:\Code\Geocore_M0-1_image_fusion\test_outputs\classical\fused_cube.zarr\1.1.3","REGENERABLE_FUSION_CUBE","4096","18ACB70B0A193374D8C884C82E6437108797CA85A5640C59584D4CC819ECE804"
"M0-1","E:\Code\Geocore_M0-1_image_fusion","test_outputs\classical\fused_cube.zarr\1.2.0","E:\Code\Geocore_M0-1_image_fusion\test_outputs\classical\fused_cube.zarr\1.2.0","REGENERABLE_FUSION_CUBE","4096","F6ADC33E3714D0614A3E9B91003FD5423343347FEB703A1290FE6AC839DB2969"
"M0-1","E:\Code\Geocore_M0-1_image_fusion","test_outputs\classical\fused_cube.zarr\1.2.1","E:\Code\Geocore_M0-1_image_fusion\test_outputs\classical\fused_cube.zarr\1.2.1","REGENERABLE_FUSION_CUBE","4096","F1ACD237B5B8A92C0E94A628E5931FC523249A10AB783096FF1B5F0ACBEAC376"
"M0-1","E:\Code\Geocore_M0-1_image_fusion","test_outputs\classical\fused_cube.zarr\1.2.2","E:\Code\Geocore_M0-1_image_fusion\test_outputs\classical\fused_cube.zarr\1.2.2","REGENERABLE_FUSION_CUBE","4096","6FBD620019C78F181A2029C0C6DA1295F50C63362E7D903F34D9ABE02C9E39BA"
"M0-1","E:\Code\Geocore_M0-1_image_fusion","test_outputs\classical\fused_cube.zarr\1.2.3","E:\Code\Geocore_M0-1_image_fusion\test_outputs\classical\fused_cube.zarr\1.2.3","REGENERABLE_FUSION_CUBE","4096","1DAAD546EE6D0C1B9516745DAFFBFAC597CE062A43BBEE8F341E436E3C36B03C"
"M0-1","E:\Code\Geocore_M0-1_image_fusion","test_outputs\classical\fused_cube.zarr\1.3.0","E:\Code\Geocore_M0-1_image_fusion\test_outputs\classical\fused_cube.zarr\1.3.0","REGENERABLE_FUSION_CUBE","4096","BDC7395B98F84891CDDB9DA5855EA3FC9DC110584305939D0968EF5ED45D6B04"
"M0-1","E:\Code\Geocore_M0-1_image_fusion","test_outputs\classical\fused_cube.zarr\1.3.1","E:\Code\Geocore_M0-1_image_fusion\test_outputs\classical\fused_cube.zarr\1.3.1","REGENERABLE_FUSION_CUBE","4096","F6F9ABE474C0A36706D0B96605FE29D62829078F2E0390103C809FDB34A3C936"
"M0-1","E:\Code\Geocore_M0-1_image_fusion","test_outputs\classical\fused_cube.zarr\1.3.2","E:\Code\Geocore_M0-1_image_fusion\test_outputs\classical\fused_cube.zarr\1.3.2","REGENERABLE_FUSION_CUBE","4096","0FB307FE990DEAB2BD4EB9D3D93E58175E04B07BF0A07DA152A965CEBDF3E981"
"M0-1","E:\Code\Geocore_M0-1_image_fusion","test_outputs\classical\fused_cube.zarr\1.3.3","E:\Code\Geocore_M0-1_image_fusion\test_outputs\classical\fused_cube.zarr\1.3.3","REGENERABLE_FUSION_CUBE","4096","473C4B9306D1ECB2B0B28AD0D71EC38DEE0C00F90C73EB211A22230B4C06ED1C"
"M0-1","E:\Code\Geocore_M0-1_image_fusion","test_outputs\classical\fused_cube.zarr\2.0.0","E:\Code\Geocore_M0-1_image_fusion\test_outputs\classical\fused_cube.zarr\2.0.0","REGENERABLE_FUSION_CUBE","4096","38AC45429F5BF8CF79B0C99EFB7ED703B3B633BA75AE819CE503FC8AE7708514"
"M0-1","E:\Code\Geocore_M0-1_image_fusion","test_outputs\classical\fused_cube.zarr\2.0.1","E:\Code\Geocore_M0-1_image_fusion\test_outputs\classical\fused_cube.zarr\2.0.1","REGENERABLE_FUSION_CUBE","4096","A9A6050C0A89A34B2EA412EC26642834930BF84E515D9F3524FA72B3825B30D8"
"M0-1","E:\Code\Geocore_M0-1_image_fusion","test_outputs\classical\fused_cube.zarr\2.0.2","E:\Code\Geocore_M0-1_image_fusion\test_outputs\classical\fused_cube.zarr\2.0.2","REGENERABLE_FUSION_CUBE","4096","8E265E8B76B992125A6FE27FB9F54734FC5988883588B4EDAB6997508E2B69F4"
"M0-1","E:\Code\Geocore_M0-1_image_fusion","test_outputs\classical\fused_cube.zarr\2.0.3","E:\Code\Geocore_M0-1_image_fusion\test_outputs\classical\fused_cube.zarr\2.0.3","REGENERABLE_FUSION_CUBE","4096","C2847370BFA4F969F173FDDA64DDCF188265A1B2729612245BD6C430D8189B11"
"M0-1","E:\Code\Geocore_M0-1_image_fusion","test_outputs\classical\fused_cube.zarr\2.1.0","E:\Code\Geocore_M0-1_image_fusion\test_outputs\classical\fused_cube.zarr\2.1.0","REGENERABLE_FUSION_CUBE","4096","5AA1910986FDBEB598A855D006E784DB5138A35A0082A350D7DE98DD4459A3B0"
"M0-1","E:\Code\Geocore_M0-1_image_fusion","test_outputs\classical\fused_cube.zarr\2.1.1","E:\Code\Geocore_M0-1_image_fusion\test_outputs\classical\fused_cube.zarr\2.1.1","REGENERABLE_FUSION_CUBE","4096","4092C1264E7503ABBDC100FC05142DF58ED3F145BA84093908B11283A9456E9B"
"M0-1","E:\Code\Geocore_M0-1_image_fusion","test_outputs\classical\fused_cube.zarr\2.1.2","E:\Code\Geocore_M0-1_image_fusion\test_outputs\classical\fused_cube.zarr\2.1.2","REGENERABLE_FUSION_CUBE","4096","FBC513E41ED15A712D45F71F9A045BAF9D5372A64B1BA1F6E4CEAF937E2EBA79"
"M0-1","E:\Code\Geocore_M0-1_image_fusion","test_outputs\classical\fused_cube.zarr\2.1.3","E:\Code\Geocore_M0-1_image_fusion\test_outputs\classical\fused_cube.zarr\2.1.3","REGENERABLE_FUSION_CUBE","4096","DE1BA11E9ABCBB7D0C59B10C5BAB5BC0EB4BE5E7A3B4F07D218512496EDEBD01"
"M0-1","E:\Code\Geocore_M0-1_image_fusion","test_outputs\classical\fused_cube.zarr\2.2.0","E:\Code\Geocore_M0-1_image_fusion\test_outputs\classical\fused_cube.zarr\2.2.0","REGENERABLE_FUSION_CUBE","4096","2249411C63A385B4A90D26EEEB9C5CC0707C6E061C062479F0D5511D32D38E44"
"M0-1","E:\Code\Geocore_M0-1_image_fusion","test_outputs\classical\fused_cube.zarr\2.2.1","E:\Code\Geocore_M0-1_image_fusion\test_outputs\classical\fused_cube.zarr\2.2.1","REGENERABLE_FUSION_CUBE","4096","63EAE4D626CAC6C9126C738BCD80C8548DD0E2B8F96124783714ADBB62771E45"
"M0-1","E:\Code\Geocore_M0-1_image_fusion","test_outputs\classical\fused_cube.zarr\2.2.2","E:\Code\Geocore_M0-1_image_fusion\test_outputs\classical\fused_cube.zarr\2.2.2","REGENERABLE_FUSION_CUBE","4096","CE9E17925F4FA767A615F328B26DC47CC0F53DA4A52E1634BCD743EF93AF084B"
"M0-1","E:\Code\Geocore_M0-1_image_fusion","test_outputs\classical\fused_cube.zarr\2.2.3","E:\Code\Geocore_M0-1_image_fusion\test_outputs\classical\fused_cube.zarr\2.2.3","REGENERABLE_FUSION_CUBE","4096","FF6E0BB1569F381BAB66CD0B98CD2803FA4304CC6755A34CF373FD961A1BA7AE"
"M0-1","E:\Code\Geocore_M0-1_image_fusion","test_outputs\classical\fused_cube.zarr\2.3.0","E:\Code\Geocore_M0-1_image_fusion\test_outputs\classical\fused_cube.zarr\2.3.0","REGENERABLE_FUSION_CUBE","4096","8ABCE19061BCD7413BC2BA8AE3C4044BD2EA775916136963A228C036A6444B4E"
"M0-1","E:\Code\Geocore_M0-1_image_fusion","test_outputs\classical\fused_cube.zarr\2.3.1","E:\Code\Geocore_M0-1_image_fusion\test_outputs\classical\fused_cube.zarr\2.3.1","REGENERABLE_FUSION_CUBE","4096","2B1D3AD9D37534EE3C7631C9E77E223587DB1EA5089B261BF1A622AC82DFBA12"
"M0-1","E:\Code\Geocore_M0-1_image_fusion","test_outputs\classical\fused_cube.zarr\2.3.2","E:\Code\Geocore_M0-1_image_fusion\test_outputs\classical\fused_cube.zarr\2.3.2","REGENERABLE_FUSION_CUBE","4096","419DAD79DB923428FA4DDC26AACA4424FB024A6CE1A5559F405DA4BA0D06AB93"
"M0-1","E:\Code\Geocore_M0-1_image_fusion","test_outputs\classical\fused_cube.zarr\2.3.3","E:\Code\Geocore_M0-1_image_fusion\test_outputs\classical\fused_cube.zarr\2.3.3","REGENERABLE_FUSION_CUBE","4096","2D06F5AC3CCFD460C66DFCBE041EDD21EDCEE2475E74A1DDB56A1E999D0CEDFC"
"M0-1","E:\Code\Geocore_M0-1_image_fusion","test_outputs\classical\metadata\band_metadata.csv","E:\Code\Geocore_M0-1_image_fusion\test_outputs\classical\metadata\band_metadata.csv","GENERATED_TEST_OUTPUT","945","F9A682F29C44A534408C1FCA5CF543422D1B4770C617700BE9A480AF840F69A3"
"M0-1","E:\Code\Geocore_M0-1_image_fusion","test_outputs\classical\metadata\input_metadata.json","E:\Code\Geocore_M0-1_image_fusion\test_outputs\classical\metadata\input_metadata.json","GENERATED_TEST_OUTPUT","29","1C070E3245F639C753FDB9910A6D1E8F32190BFD1010AF0739E4B84F6B6CF1FA"
"M0-1","E:\Code\Geocore_M0-1_image_fusion","test_outputs\classical\metadata\processing_config.json","E:\Code\Geocore_M0-1_image_fusion\test_outputs\classical\metadata\processing_config.json","GENERATED_TEST_OUTPUT","615","D7FA43BFD8386D8D358CE9F2C63CC5C6A42584AF90DF9F17339B37BE75BD215E"
"M0-1","E:\Code\Geocore_M0-1_image_fusion","test_outputs\classical\metadata\registration_model.json","E:\Code\Geocore_M0-1_image_fusion\test_outputs\classical\metadata\registration_model.json","GENERATED_TEST_OUTPUT","499","B47FADBD275FB80F7607D02E889DB2D0B274F4DEE4279734C484DBA3E3891BB1"
"M0-1","E:\Code\Geocore_M0-1_image_fusion","test_outputs\classical\metadata\spectral_stitch_model.json","E:\Code\Geocore_M0-1_image_fusion\test_outputs\classical\metadata\spectral_stitch_model.json","GENERATED_TEST_OUTPUT","510","AB116CFB0254EB60921EBA168407F2FF926A5D56F1E6DEA4AE74066FE729270C"
"M0-1","E:\Code\Geocore_M0-1_image_fusion","test_outputs\classical\metrics\quality_report.json","E:\Code\Geocore_M0-1_image_fusion\test_outputs\classical\metrics\quality_report.json","GENERATED_TEST_OUTPUT","929","AE402E8A7859217DF5427DEF4908D21BB68ACD78BE65EBCB375B3466712840B1"
"M0-1","E:\Code\Geocore_M0-1_image_fusion","test_outputs\classical\previews\preview_falsecolor_full.png","E:\Code\Geocore_M0-1_image_fusion\test_outputs\classical\previews\preview_falsecolor_full.png","GENERATED_TEST_OUTPUT","7135","6DAFA0408B6755508FDF4C56C24A1B964BABC40330A3152C82017576B5594790"
"M0-1","E:\Code\Geocore_M0-1_image_fusion","test_outputs\classical\previews\preview_mean_reflectance.png","E:\Code\Geocore_M0-1_image_fusion\test_outputs\classical\previews\preview_mean_reflectance.png","GENERATED_TEST_OUTPUT","2414","26FB0321A035D4FCA7AFA70A4DFCB0AD886502BEA6672B0ADE71868FB1D3A5CB"
"M0-1","E:\Code\Geocore_M0-1_image_fusion","test_outputs\classical\previews\preview_rgb.png","E:\Code\Geocore_M0-1_image_fusion\test_outputs\classical\previews\preview_rgb.png","GENERATED_TEST_OUTPUT","6963","DD052337CF5242DF186748213858E24085880FED586E0BEDBD236CD7596D868F"
"M0-1","E:\Code\Geocore_M0-1_image_fusion","test_outputs\cli_demo_classical\manifest.json","E:\Code\Geocore_M0-1_image_fusion\test_outputs\cli_demo_classical\manifest.json","GENERATED_TEST_OUTPUT","1524","37A08184ADEEB0F9FFFD3CABA89B46A43B33691D92CABB2F61285CC98299E778"
"M0-1","E:\Code\Geocore_M0-1_image_fusion","test_outputs\cli_demo_classical\fused_cube.zarr\.zarray","E:\Code\Geocore_M0-1_image_fusion\test_outputs\cli_demo_classical\fused_cube.zarr\.zarray","REGENERABLE_FUSION_CUBE","218","7B5938A4F5BD71FAD359BF8882666DC19BCDCE7715D71D2AD6C6B997F71C541F"
"M0-1","E:\Code\Geocore_M0-1_image_fusion","test_outputs\cli_demo_classical\fused_cube.zarr\.zattrs","E:\Code\Geocore_M0-1_image_fusion\test_outputs\cli_demo_classical\fused_cube.zarr\.zattrs","REGENERABLE_FUSION_CUBE","124","EBA25B2244063E8F29C4639554FF49B2CBB66C110666A4359B541FC8BC4ABB14"
"M0-1","E:\Code\Geocore_M0-1_image_fusion","test_outputs\cli_demo_classical\fused_cube.zarr\0.0.0","E:\Code\Geocore_M0-1_image_fusion\test_outputs\cli_demo_classical\fused_cube.zarr\0.0.0","REGENERABLE_FUSION_CUBE","4096","B6A7D723179BC34971E66E9A2FA22060222C394C2236555D90D62760F458DA42"
"M0-1","E:\Code\Geocore_M0-1_image_fusion","test_outputs\cli_demo_classical\fused_cube.zarr\0.0.1","E:\Code\Geocore_M0-1_image_fusion\test_outputs\cli_demo_classical\fused_cube.zarr\0.0.1","REGENERABLE_FUSION_CUBE","4096","42BAF30B0D917341B4B33684FE7C1659B0CFF86F0909EF9CEA43383CFEE7D0F8"
"M0-1","E:\Code\Geocore_M0-1_image_fusion","test_outputs\cli_demo_classical\fused_cube.zarr\0.0.2","E:\Code\Geocore_M0-1_image_fusion\test_outputs\cli_demo_classical\fused_cube.zarr\0.0.2","REGENERABLE_FUSION_CUBE","4096","CBE03FEEA9C1C0A2E81AAD4D5932E372998A4606434877B06CB1EB1F74EAD427"
"M0-1","E:\Code\Geocore_M0-1_image_fusion","test_outputs\cli_demo_classical\fused_cube.zarr\0.0.3","E:\Code\Geocore_M0-1_image_fusion\test_outputs\cli_demo_classical\fused_cube.zarr\0.0.3","REGENERABLE_FUSION_CUBE","4096","6DD56E4BDF311154AFCC159A2C77DD899931E2EF1C5D9ECADF14DA7BA07E6CFE"
"M0-1","E:\Code\Geocore_M0-1_image_fusion","test_outputs\cli_demo_classical\fused_cube.zarr\0.1.0","E:\Code\Geocore_M0-1_image_fusion\test_outputs\cli_demo_classical\fused_cube.zarr\0.1.0","REGENERABLE_FUSION_CUBE","4096","506BF58B029563D5425C9516B97CA4DCD8A633EABFFFF2758936233B7DE781BB"
"M0-1","E:\Code\Geocore_M0-1_image_fusion","test_outputs\cli_demo_classical\fused_cube.zarr\0.1.1","E:\Code\Geocore_M0-1_image_fusion\test_outputs\cli_demo_classical\fused_cube.zarr\0.1.1","REGENERABLE_FUSION_CUBE","4096","51859035783310C17BA30EA9E49A2826410DAC4C31EA6A6C800D087CA1B657F1"
"M0-1","E:\Code\Geocore_M0-1_image_fusion","test_outputs\cli_demo_classical\fused_cube.zarr\0.1.2","E:\Code\Geocore_M0-1_image_fusion\test_outputs\cli_demo_classical\fused_cube.zarr\0.1.2","REGENERABLE_FUSION_CUBE","4096","86D6D38EC8785F565E164725D886A145D868C5AF835ED2E937A6E490E7E14BFF"
"M0-1","E:\Code\Geocore_M0-1_image_fusion","test_outputs\cli_demo_classical\fused_cube.zarr\0.1.3","E:\Code\Geocore_M0-1_image_fusion\test_outputs\cli_demo_classical\fused_cube.zarr\0.1.3","REGENERABLE_FUSION_CUBE","4096","40A337AF7CF5A6EBA1CA0131CE226342777C6BD0F1F6777D7B51AAD91DB7AD80"
"M0-1","E:\Code\Geocore_M0-1_image_fusion","test_outputs\cli_demo_classical\fused_cube.zarr\0.2.0","E:\Code\Geocore_M0-1_image_fusion\test_outputs\cli_demo_classical\fused_cube.zarr\0.2.0","REGENERABLE_FUSION_CUBE","4096","483575D5DFCB0E3C40D2A31F75B75DAE75DE18167D08BE1D432A3E377D78E14C"
"M0-1","E:\Code\Geocore_M0-1_image_fusion","test_outputs\cli_demo_classical\fused_cube.zarr\0.2.1","E:\Code\Geocore_M0-1_image_fusion\test_outputs\cli_demo_classical\fused_cube.zarr\0.2.1","REGENERABLE_FUSION_CUBE","4096","29C66E49F8313415AF92183F2CE337F373D8FADCB25765418C327332C2E95F7A"
"M0-1","E:\Code\Geocore_M0-1_image_fusion","test_outputs\cli_demo_classical\fused_cube.zarr\0.2.2","E:\Code\Geocore_M0-1_image_fusion\test_outputs\cli_demo_classical\fused_cube.zarr\0.2.2","REGENERABLE_FUSION_CUBE","4096","763AB18DF4AF9682B731BAB25AB6E10AF79EFC495521988846E2F33AF54F153B"
"M0-1","E:\Code\Geocore_M0-1_image_fusion","test_outputs\cli_demo_classical\fused_cube.zarr\0.2.3","E:\Code\Geocore_M0-1_image_fusion\test_outputs\cli_demo_classical\fused_cube.zarr\0.2.3","REGENERABLE_FUSION_CUBE","4096","B459D436B94DEA7DAF64A83D124EF872ABAC482B824D99529ADF915DFDC1AA9E"
"M0-1","E:\Code\Geocore_M0-1_image_fusion","test_outputs\cli_demo_classical\fused_cube.zarr\0.3.0","E:\Code\Geocore_M0-1_image_fusion\test_outputs\cli_demo_classical\fused_cube.zarr\0.3.0","REGENERABLE_FUSION_CUBE","4096","2C0A97D0C269CA8B169E338CBD900709BE4D56E92E127D102725E07368A97824"
"M0-1","E:\Code\Geocore_M0-1_image_fusion","test_outputs\cli_demo_classical\fused_cube.zarr\0.3.1","E:\Code\Geocore_M0-1_image_fusion\test_outputs\cli_demo_classical\fused_cube.zarr\0.3.1","REGENERABLE_FUSION_CUBE","4096","0883101FC258EDC2A344FCFBAD7BA2DF3709552FD8AE9AE1551CA4C07D029BCF"
"M0-1","E:\Code\Geocore_M0-1_image_fusion","test_outputs\cli_demo_classical\fused_cube.zarr\0.3.2","E:\Code\Geocore_M0-1_image_fusion\test_outputs\cli_demo_classical\fused_cube.zarr\0.3.2","REGENERABLE_FUSION_CUBE","4096","20F2B916BFB99C3E38B4D4142C8E140722712C7E44CEFC0BB639F1BA9387158B"
"M0-1","E:\Code\Geocore_M0-1_image_fusion","test_outputs\cli_demo_classical\fused_cube.zarr\0.3.3","E:\Code\Geocore_M0-1_image_fusion\test_outputs\cli_demo_classical\fused_cube.zarr\0.3.3","REGENERABLE_FUSION_CUBE","4096","46693D29E1BAFB674994D865EA24DE986E4B0AE372E01E0AEBA9356A534E6105"
"M0-1","E:\Code\Geocore_M0-1_image_fusion","test_outputs\cli_demo_classical\fused_cube.zarr\0.4.0","E:\Code\Geocore_M0-1_image_fusion\test_outputs\cli_demo_classical\fused_cube.zarr\0.4.0","REGENERABLE_FUSION_CUBE","4096","2B1E91A955AB0A6F84853714FA6A38021A870609B000D840710D5D706CB535CB"
"M0-1","E:\Code\Geocore_M0-1_image_fusion","test_outputs\cli_demo_classical\fused_cube.zarr\0.4.1","E:\Code\Geocore_M0-1_image_fusion\test_outputs\cli_demo_classical\fused_cube.zarr\0.4.1","REGENERABLE_FUSION_CUBE","4096","B29459B91C4B3576BD114BA1A651615C41919B54BF3153594552FB16E0E0DC8C"
"M0-1","E:\Code\Geocore_M0-1_image_fusion","test_outputs\cli_demo_classical\fused_cube.zarr\0.4.2","E:\Code\Geocore_M0-1_image_fusion\test_outputs\cli_demo_classical\fused_cube.zarr\0.4.2","REGENERABLE_FUSION_CUBE","4096","6F8EFE69867DE0FFBA616B172C412D8AC6446551EF011045D80803C7C6336081"
"M0-1","E:\Code\Geocore_M0-1_image_fusion","test_outputs\cli_demo_classical\fused_cube.zarr\0.4.3","E:\Code\Geocore_M0-1_image_fusion\test_outputs\cli_demo_classical\fused_cube.zarr\0.4.3","REGENERABLE_FUSION_CUBE","4096","FF02A613FA51A5C4505CF48BA0282CF9C243E7D5EF3B04F4EEABEF4E88CEC5EE"
"M0-1","E:\Code\Geocore_M0-1_image_fusion","test_outputs\cli_demo_classical\fused_cube.zarr\0.5.0","E:\Code\Geocore_M0-1_image_fusion\test_outputs\cli_demo_classical\fused_cube.zarr\0.5.0","REGENERABLE_FUSION_CUBE","4096","5DFA7E458222D7AA6588D7A4D183C2353876E19F748F246841E6AE24C0D5A0D0"
"M0-1","E:\Code\Geocore_M0-1_image_fusion","test_outputs\cli_demo_classical\fused_cube.zarr\0.5.1","E:\Code\Geocore_M0-1_image_fusion\test_outputs\cli_demo_classical\fused_cube.zarr\0.5.1","REGENERABLE_FUSION_CUBE","4096","DAB3AF312732D9F6457949477380030B3CA49827631A8B17738372ED2E8FBF34"
"M0-1","E:\Code\Geocore_M0-1_image_fusion","test_outputs\cli_demo_classical\fused_cube.zarr\0.5.2","E:\Code\Geocore_M0-1_image_fusion\test_outputs\cli_demo_classical\fused_cube.zarr\0.5.2","REGENERABLE_FUSION_CUBE","4096","F2DA39BA4D36235B70FDC7A556F40005CDA7EED5DB9A7F6E0532F6B62FEB29FA"
"M0-1","E:\Code\Geocore_M0-1_image_fusion","test_outputs\cli_demo_classical\fused_cube.zarr\0.5.3","E:\Code\Geocore_M0-1_image_fusion\test_outputs\cli_demo_classical\fused_cube.zarr\0.5.3","REGENERABLE_FUSION_CUBE","4096","B5A6DA7F2029135B0E79DD4C8C367366D29ED612C6800EE2368E68367C751FE0"
"M0-1","E:\Code\Geocore_M0-1_image_fusion","test_outputs\cli_demo_classical\fused_cube.zarr\0.6.0","E:\Code\Geocore_M0-1_image_fusion\test_outputs\cli_demo_classical\fused_cube.zarr\0.6.0","REGENERABLE_FUSION_CUBE","4096","F4B89201030E603C397BEC6444FB012F759766C01A62ED9C7B5E6DBC6D3CA394"
"M0-1","E:\Code\Geocore_M0-1_image_fusion","test_outputs\cli_demo_classical\fused_cube.zarr\0.6.1","E:\Code\Geocore_M0-1_image_fusion\test_outputs\cli_demo_classical\fused_cube.zarr\0.6.1","REGENERABLE_FUSION_CUBE","4096","863C24A5D5055A1119662433591A317350C985D14A623385F576E384A77E95CD"
"M0-1","E:\Code\Geocore_M0-1_image_fusion","test_outputs\cli_demo_classical\fused_cube.zarr\0.6.2","E:\Code\Geocore_M0-1_image_fusion\test_outputs\cli_demo_classical\fused_cube.zarr\0.6.2","REGENERABLE_FUSION_CUBE","4096","9FA1A087DC85FE773A840F5143CE7EFC43553AFAFE43C8137240B288873D2E29"
"M0-1","E:\Code\Geocore_M0-1_image_fusion","test_outputs\cli_demo_classical\fused_cube.zarr\0.6.3","E:\Code\Geocore_M0-1_image_fusion\test_outputs\cli_demo_classical\fused_cube.zarr\0.6.3","REGENERABLE_FUSION_CUBE","4096","4937036A7E5147C51A0E8230A359351765EF88F302815A74459CA9CFAF83B980"
"M0-1","E:\Code\Geocore_M0-1_image_fusion","test_outputs\cli_demo_classical\fused_cube.zarr\0.7.0","E:\Code\Geocore_M0-1_image_fusion\test_outputs\cli_demo_classical\fused_cube.zarr\0.7.0","REGENERABLE_FUSION_CUBE","4096","B78983216BF9D2419E43C39E8CF75697EEDB40B60F1891136DB1225565FA9E30"
"M0-1","E:\Code\Geocore_M0-1_image_fusion","test_outputs\cli_demo_classical\fused_cube.zarr\0.7.1","E:\Code\Geocore_M0-1_image_fusion\test_outputs\cli_demo_classical\fused_cube.zarr\0.7.1","REGENERABLE_FUSION_CUBE","4096","32D4BF2EBE2085F13A2020D2D9ACA8CB3E7AC6FD8C62CE32A30204E3F209E3C7"
"M0-1","E:\Code\Geocore_M0-1_image_fusion","test_outputs\cli_demo_classical\fused_cube.zarr\0.7.2","E:\Code\Geocore_M0-1_image_fusion\test_outputs\cli_demo_classical\fused_cube.zarr\0.7.2","REGENERABLE_FUSION_CUBE","4096","AD5BA14BCB17384DFE97A271E2ED29518DA47F705AFD07C88D95DACBEDE42A71"
"M0-1","E:\Code\Geocore_M0-1_image_fusion","test_outputs\cli_demo_classical\fused_cube.zarr\0.7.3","E:\Code\Geocore_M0-1_image_fusion\test_outputs\cli_demo_classical\fused_cube.zarr\0.7.3","REGENERABLE_FUSION_CUBE","4096","CE61C9F556353B311073E716D6CE2CF5C9B0F43789D5637A78BA1EE47B7C3085"
"M0-1","E:\Code\Geocore_M0-1_image_fusion","test_outputs\cli_demo_classical\fused_cube.zarr\1.0.0","E:\Code\Geocore_M0-1_image_fusion\test_outputs\cli_demo_classical\fused_cube.zarr\1.0.0","REGENERABLE_FUSION_CUBE","4096","6D24441371D71ED7A17ED1155822D1ED1D9794BD69A4124EAF6C196B9048F202"
"M0-1","E:\Code\Geocore_M0-1_image_fusion","test_outputs\cli_demo_classical\fused_cube.zarr\1.0.1","E:\Code\Geocore_M0-1_image_fusion\test_outputs\cli_demo_classical\fused_cube.zarr\1.0.1","REGENERABLE_FUSION_CUBE","4096","2B4A4FDFC127D8FADFFAB8BFFE378AA2C77FBBBB2ED8A80E09609F27A75764B4"
"M0-1","E:\Code\Geocore_M0-1_image_fusion","test_outputs\cli_demo_classical\fused_cube.zarr\1.0.2","E:\Code\Geocore_M0-1_image_fusion\test_outputs\cli_demo_classical\fused_cube.zarr\1.0.2","REGENERABLE_FUSION_CUBE","4096","2CA4E0120FE6D65A21057EB2199FB637409A53E33F371CE1890C061D0287B4B1"
"M0-1","E:\Code\Geocore_M0-1_image_fusion","test_outputs\cli_demo_classical\fused_cube.zarr\1.0.3","E:\Code\Geocore_M0-1_image_fusion\test_outputs\cli_demo_classical\fused_cube.zarr\1.0.3","REGENERABLE_FUSION_CUBE","4096","691C90CB5FD66CCB8B250C5F9800FDC76C2DDF6D0F8372AFD8689A733D641BC9"
"M0-1","E:\Code\Geocore_M0-1_image_fusion","test_outputs\cli_demo_classical\fused_cube.zarr\1.1.0","E:\Code\Geocore_M0-1_image_fusion\test_outputs\cli_demo_classical\fused_cube.zarr\1.1.0","REGENERABLE_FUSION_CUBE","4096","F0FAD868A6F215844350FF74DD064A5CD0BC885745D29E4E6F2696DDEF28E880"
"M0-1","E:\Code\Geocore_M0-1_image_fusion","test_outputs\cli_demo_classical\fused_cube.zarr\1.1.1","E:\Code\Geocore_M0-1_image_fusion\test_outputs\cli_demo_classical\fused_cube.zarr\1.1.1","REGENERABLE_FUSION_CUBE","4096","370FFE0F26ED271B9BE3FEA7638F98DD9083A6FC2F820D91B6CC372FA8221522"
"M0-1","E:\Code\Geocore_M0-1_image_fusion","test_outputs\cli_demo_classical\fused_cube.zarr\1.1.2","E:\Code\Geocore_M0-1_image_fusion\test_outputs\cli_demo_classical\fused_cube.zarr\1.1.2","REGENERABLE_FUSION_CUBE","4096","2FA5E91BF81A5A582123724FB77E33CEB9D8B00C4D42504E76F46709047D24B8"
"M0-1","E:\Code\Geocore_M0-1_image_fusion","test_outputs\cli_demo_classical\fused_cube.zarr\1.1.3","E:\Code\Geocore_M0-1_image_fusion\test_outputs\cli_demo_classical\fused_cube.zarr\1.1.3","REGENERABLE_FUSION_CUBE","4096","A51A20A255854DBC1C256E936A784A21B972D6EEF9D5FE3A02C69E0E1A1C2D8A"
"M0-1","E:\Code\Geocore_M0-1_image_fusion","test_outputs\cli_demo_classical\fused_cube.zarr\1.2.0","E:\Code\Geocore_M0-1_image_fusion\test_outputs\cli_demo_classical\fused_cube.zarr\1.2.0","REGENERABLE_FUSION_CUBE","4096","ECEC9EFB62EB70A2E226B6411AEF6FA481973CE6C876BEBEC66C5E1190663356"
"M0-1","E:\Code\Geocore_M0-1_image_fusion","test_outputs\cli_demo_classical\fused_cube.zarr\1.2.1","E:\Code\Geocore_M0-1_image_fusion\test_outputs\cli_demo_classical\fused_cube.zarr\1.2.1","REGENERABLE_FUSION_CUBE","4096","99546143C60CB90DECE1DBEEBFC3AFB930C33F9F8D354A12F0D5AF47B5E8419D"
"M0-1","E:\Code\Geocore_M0-1_image_fusion","test_outputs\cli_demo_classical\fused_cube.zarr\1.2.2","E:\Code\Geocore_M0-1_image_fusion\test_outputs\cli_demo_classical\fused_cube.zarr\1.2.2","REGENERABLE_FUSION_CUBE","4096","D6641B254C68B86AE7CCCFDAF88CE15ED2D84BBC557C02CE1DC304B81958279F"
"M0-1","E:\Code\Geocore_M0-1_image_fusion","test_outputs\cli_demo_classical\fused_cube.zarr\1.2.3","E:\Code\Geocore_M0-1_image_fusion\test_outputs\cli_demo_classical\fused_cube.zarr\1.2.3","REGENERABLE_FUSION_CUBE","4096","42058DAB9FB57CBEBCAEA06764C66783FAC129BACD8AB4964C6FB61F23BE8BD0"
"M0-1","E:\Code\Geocore_M0-1_image_fusion","test_outputs\cli_demo_classical\fused_cube.zarr\1.3.0","E:\Code\Geocore_M0-1_image_fusion\test_outputs\cli_demo_classical\fused_cube.zarr\1.3.0","REGENERABLE_FUSION_CUBE","4096","67BC6C2DA1989DC7847BA025E71CB216E1F2577886559A3A1AA2BB05A9F24DFC"
"M0-1","E:\Code\Geocore_M0-1_image_fusion","test_outputs\cli_demo_classical\fused_cube.zarr\1.3.1","E:\Code\Geocore_M0-1_image_fusion\test_outputs\cli_demo_classical\fused_cube.zarr\1.3.1","REGENERABLE_FUSION_CUBE","4096","CE3C222666D272990D4BB515E4689AC65A8D6F23BEEBE455EA29B6A58638114A"
"M0-1","E:\Code\Geocore_M0-1_image_fusion","test_outputs\cli_demo_classical\fused_cube.zarr\1.3.2","E:\Code\Geocore_M0-1_image_fusion\test_outputs\cli_demo_classical\fused_cube.zarr\1.3.2","REGENERABLE_FUSION_CUBE","4096","B61A498E1C16157976BBFA8F88ECB5BBD0E2CA08C7BB9A0CFB7954117C1C62A3"
"M0-1","E:\Code\Geocore_M0-1_image_fusion","test_outputs\cli_demo_classical\fused_cube.zarr\1.3.3","E:\Code\Geocore_M0-1_image_fusion\test_outputs\cli_demo_classical\fused_cube.zarr\1.3.3","REGENERABLE_FUSION_CUBE","4096","339520BA1503C39E5D9346846593FA0EC28EE057F00FED56DFB6E3B91496D130"
"M0-1","E:\Code\Geocore_M0-1_image_fusion","test_outputs\cli_demo_classical\fused_cube.zarr\1.4.0","E:\Code\Geocore_M0-1_image_fusion\test_outputs\cli_demo_classical\fused_cube.zarr\1.4.0","REGENERABLE_FUSION_CUBE","4096","0BCBE0C0918E605F18225A1CBA2424458CF100328DFF11385BD5DE2DA44AD572"
"M0-1","E:\Code\Geocore_M0-1_image_fusion","test_outputs\cli_demo_classical\fused_cube.zarr\1.4.1","E:\Code\Geocore_M0-1_image_fusion\test_outputs\cli_demo_classical\fused_cube.zarr\1.4.1","REGENERABLE_FUSION_CUBE","4096","A6AC5EC21470C65360750B250BF3DB9DFD4DE086D0A32292DBDA1A7AA174B028"
"M0-1","E:\Code\Geocore_M0-1_image_fusion","test_outputs\cli_demo_classical\fused_cube.zarr\1.4.2","E:\Code\Geocore_M0-1_image_fusion\test_outputs\cli_demo_classical\fused_cube.zarr\1.4.2","REGENERABLE_FUSION_CUBE","4096","CEC2BCFFC5123512F35C31D1379463F647B5A7F0FBADE83B11CC70211916ABCD"
"M0-1","E:\Code\Geocore_M0-1_image_fusion","test_outputs\cli_demo_classical\fused_cube.zarr\1.4.3","E:\Code\Geocore_M0-1_image_fusion\test_outputs\cli_demo_classical\fused_cube.zarr\1.4.3","REGENERABLE_FUSION_CUBE","4096","FB269588431790CD835CF8C746CE8347B42A89B0BF24A9C9BF863F076E0BFF0E"
"M0-1","E:\Code\Geocore_M0-1_image_fusion","test_outputs\cli_demo_classical\fused_cube.zarr\1.5.0","E:\Code\Geocore_M0-1_image_fusion\test_outputs\cli_demo_classical\fused_cube.zarr\1.5.0","REGENERABLE_FUSION_CUBE","4096","A14762B281707259CA33819671C5604D5D8A24873BAD8C011CFCBF744E6053FC"
"M0-1","E:\Code\Geocore_M0-1_image_fusion","test_outputs\cli_demo_classical\fused_cube.zarr\1.5.1","E:\Code\Geocore_M0-1_image_fusion\test_outputs\cli_demo_classical\fused_cube.zarr\1.5.1","REGENERABLE_FUSION_CUBE","4096","2BF73D2D7C267912778FF0764D0F7BA0AD5A4D4C878ADDA38C70FC42202F1869"
"M0-1","E:\Code\Geocore_M0-1_image_fusion","test_outputs\cli_demo_classical\fused_cube.zarr\1.5.2","E:\Code\Geocore_M0-1_image_fusion\test_outputs\cli_demo_classical\fused_cube.zarr\1.5.2","REGENERABLE_FUSION_CUBE","4096","61207825D4838023E37667F3364C60AD080F0A38CE659DC54A253F5B52100BFE"
"M0-1","E:\Code\Geocore_M0-1_image_fusion","test_outputs\cli_demo_classical\fused_cube.zarr\1.5.3","E:\Code\Geocore_M0-1_image_fusion\test_outputs\cli_demo_classical\fused_cube.zarr\1.5.3","REGENERABLE_FUSION_CUBE","4096","C3E70B1B6F7360CF1F97D22D76FD1FEA8C14EB56A71EA5AC081742D14C7BE175"
"M0-1","E:\Code\Geocore_M0-1_image_fusion","test_outputs\cli_demo_classical\fused_cube.zarr\1.6.0","E:\Code\Geocore_M0-1_image_fusion\test_outputs\cli_demo_classical\fused_cube.zarr\1.6.0","REGENERABLE_FUSION_CUBE","4096","DB34BB552F7ADE6A5FB01D7DB796FAD6877828277ACB42B57BE6050373D823DF"
"M0-1","E:\Code\Geocore_M0-1_image_fusion","test_outputs\cli_demo_classical\fused_cube.zarr\1.6.1","E:\Code\Geocore_M0-1_image_fusion\test_outputs\cli_demo_classical\fused_cube.zarr\1.6.1","REGENERABLE_FUSION_CUBE","4096","EE0FBC71D4CFF1D3167231547A611A994C2F51023BEA6AB29F3B24C067A9F5D8"
"M0-1","E:\Code\Geocore_M0-1_image_fusion","test_outputs\cli_demo_classical\fused_cube.zarr\1.6.2","E:\Code\Geocore_M0-1_image_fusion\test_outputs\cli_demo_classical\fused_cube.zarr\1.6.2","REGENERABLE_FUSION_CUBE","4096","B566E6C1DEE5ABC0A3F029ADE98B38A0EBDEDFBFB7AAB734E5066B5F8C2F6201"
"M0-1","E:\Code\Geocore_M0-1_image_fusion","test_outputs\cli_demo_classical\fused_cube.zarr\1.6.3","E:\Code\Geocore_M0-1_image_fusion\test_outputs\cli_demo_classical\fused_cube.zarr\1.6.3","REGENERABLE_FUSION_CUBE","4096","14445A72A59AEE58178A757F44A363CA16E37807E4D213548EBA88CCC5B99589"
"M0-1","E:\Code\Geocore_M0-1_image_fusion","test_outputs\cli_demo_classical\fused_cube.zarr\1.7.0","E:\Code\Geocore_M0-1_image_fusion\test_outputs\cli_demo_classical\fused_cube.zarr\1.7.0","REGENERABLE_FUSION_CUBE","4096","18C9FCDE1FDCC55F6432B07E6F8773F309D1A68EAF6080288302B8918A71A35C"
"M0-1","E:\Code\Geocore_M0-1_image_fusion","test_outputs\cli_demo_classical\fused_cube.zarr\1.7.1","E:\Code\Geocore_M0-1_image_fusion\test_outputs\cli_demo_classical\fused_cube.zarr\1.7.1","REGENERABLE_FUSION_CUBE","4096","C080D16C5A1E0B53D6F2F1B4C7EBC72FEF9CACE69BAC46CD801AA2BD89D6E545"
"M0-1","E:\Code\Geocore_M0-1_image_fusion","test_outputs\cli_demo_classical\fused_cube.zarr\1.7.2","E:\Code\Geocore_M0-1_image_fusion\test_outputs\cli_demo_classical\fused_cube.zarr\1.7.2","REGENERABLE_FUSION_CUBE","4096","9BD5E3205628E1343A648C6E11BE4AEF0720B51B2CD44AAD49AF42C358D5515D"
"M0-1","E:\Code\Geocore_M0-1_image_fusion","test_outputs\cli_demo_classical\fused_cube.zarr\1.7.3","E:\Code\Geocore_M0-1_image_fusion\test_outputs\cli_demo_classical\fused_cube.zarr\1.7.3","REGENERABLE_FUSION_CUBE","4096","F2785352E006984F522BEC2E5116987139C867C4E4AE6EA6543759ECC73DB4EC"
"M0-1","E:\Code\Geocore_M0-1_image_fusion","test_outputs\cli_demo_classical\fused_cube.zarr\2.0.0","E:\Code\Geocore_M0-1_image_fusion\test_outputs\cli_demo_classical\fused_cube.zarr\2.0.0","REGENERABLE_FUSION_CUBE","4096","4F3671AF20247EEB044BFA56F27F61469E556E13A5C7FE2603881676453B44F8"
"M0-1","E:\Code\Geocore_M0-1_image_fusion","test_outputs\cli_demo_classical\fused_cube.zarr\2.0.1","E:\Code\Geocore_M0-1_image_fusion\test_outputs\cli_demo_classical\fused_cube.zarr\2.0.1","REGENERABLE_FUSION_CUBE","4096","AB1B3D5A028DE66400BB4F6A657BE3481164EF4475486E013726BF000A129039"
"M0-1","E:\Code\Geocore_M0-1_image_fusion","test_outputs\cli_demo_classical\fused_cube.zarr\2.0.2","E:\Code\Geocore_M0-1_image_fusion\test_outputs\cli_demo_classical\fused_cube.zarr\2.0.2","REGENERABLE_FUSION_CUBE","4096","FF265D5436944D8DDA0D4AF4B52A95675B265DCDE64E5CD02B82E6F3ECA35E7C"
"M0-1","E:\Code\Geocore_M0-1_image_fusion","test_outputs\cli_demo_classical\fused_cube.zarr\2.0.3","E:\Code\Geocore_M0-1_image_fusion\test_outputs\cli_demo_classical\fused_cube.zarr\2.0.3","REGENERABLE_FUSION_CUBE","4096","118AB6ADBA220DC13920BC25E1D618F8A034FC52EF454CF5DE5D229CD9BA1638"
"M0-1","E:\Code\Geocore_M0-1_image_fusion","test_outputs\cli_demo_classical\fused_cube.zarr\2.1.0","E:\Code\Geocore_M0-1_image_fusion\test_outputs\cli_demo_classical\fused_cube.zarr\2.1.0","REGENERABLE_FUSION_CUBE","4096","0B0382C0C580782DD42D69B769CEA0E099620F126EBB4290854307F3924254B5"
"M0-1","E:\Code\Geocore_M0-1_image_fusion","test_outputs\cli_demo_classical\fused_cube.zarr\2.1.1","E:\Code\Geocore_M0-1_image_fusion\test_outputs\cli_demo_classical\fused_cube.zarr\2.1.1","REGENERABLE_FUSION_CUBE","4096","AADE80ECEC95A8AB0917872A51065EE9E59FBB0D5498211D1FDF9810524CF3E1"
"M0-1","E:\Code\Geocore_M0-1_image_fusion","test_outputs\cli_demo_classical\fused_cube.zarr\2.1.2","E:\Code\Geocore_M0-1_image_fusion\test_outputs\cli_demo_classical\fused_cube.zarr\2.1.2","REGENERABLE_FUSION_CUBE","4096","86CA495BD1B048BF798D87B5ED1B8B3392C836F44C31DAD3956B5C99FAF1D867"
"M0-1","E:\Code\Geocore_M0-1_image_fusion","test_outputs\cli_demo_classical\fused_cube.zarr\2.1.3","E:\Code\Geocore_M0-1_image_fusion\test_outputs\cli_demo_classical\fused_cube.zarr\2.1.3","REGENERABLE_FUSION_CUBE","4096","DE2F2E04C465A3B2206FAF1D82EFBF4428F1A7520073A94ECDCA6BADC27683CD"
"M0-1","E:\Code\Geocore_M0-1_image_fusion","test_outputs\cli_demo_classical\fused_cube.zarr\2.2.0","E:\Code\Geocore_M0-1_image_fusion\test_outputs\cli_demo_classical\fused_cube.zarr\2.2.0","REGENERABLE_FUSION_CUBE","4096","EF490429C7032C8DD2242AD9772324299D56E4E381CB0F882D9847B00C8FB00C"
"M0-1","E:\Code\Geocore_M0-1_image_fusion","test_outputs\cli_demo_classical\fused_cube.zarr\2.2.1","E:\Code\Geocore_M0-1_image_fusion\test_outputs\cli_demo_classical\fused_cube.zarr\2.2.1","REGENERABLE_FUSION_CUBE","4096","4F841D185E6C62B4F08F3C18ECDCF0FEE1229DF6D3E5208301E89B9616CAFE9D"
"M0-1","E:\Code\Geocore_M0-1_image_fusion","test_outputs\cli_demo_classical\fused_cube.zarr\2.2.2","E:\Code\Geocore_M0-1_image_fusion\test_outputs\cli_demo_classical\fused_cube.zarr\2.2.2","REGENERABLE_FUSION_CUBE","4096","708EB34FE2B342B27BC2F9FD30B1B08FBA8699D8E21FC9DE889AC7E5E4F1F5D1"
"M0-1","E:\Code\Geocore_M0-1_image_fusion","test_outputs\cli_demo_classical\fused_cube.zarr\2.2.3","E:\Code\Geocore_M0-1_image_fusion\test_outputs\cli_demo_classical\fused_cube.zarr\2.2.3","REGENERABLE_FUSION_CUBE","4096","F3D54C71C5B6B593CE68C6C3CA41AD5F9541C9226BC7978F353508336A1036BC"
"M0-1","E:\Code\Geocore_M0-1_image_fusion","test_outputs\cli_demo_classical\fused_cube.zarr\2.3.0","E:\Code\Geocore_M0-1_image_fusion\test_outputs\cli_demo_classical\fused_cube.zarr\2.3.0","REGENERABLE_FUSION_CUBE","4096","B1959E1AF650BB3EC7A70FAF72D6B3DA9C3FA83C884B985FD301D7BBA5828420"
"M0-1","E:\Code\Geocore_M0-1_image_fusion","test_outputs\cli_demo_classical\fused_cube.zarr\2.3.1","E:\Code\Geocore_M0-1_image_fusion\test_outputs\cli_demo_classical\fused_cube.zarr\2.3.1","REGENERABLE_FUSION_CUBE","4096","997C7EB366B5CFCD309B97F08F7007595E08C5E3F0E4C4F7495B4888F0601195"
"M0-1","E:\Code\Geocore_M0-1_image_fusion","test_outputs\cli_demo_classical\fused_cube.zarr\2.3.2","E:\Code\Geocore_M0-1_image_fusion\test_outputs\cli_demo_classical\fused_cube.zarr\2.3.2","REGENERABLE_FUSION_CUBE","4096","87BEB6B87101EE36D3A7BC24BE8C458A1FDEA4692D5D52C2FC05DE1E06B85B9B"
"M0-1","E:\Code\Geocore_M0-1_image_fusion","test_outputs\cli_demo_classical\fused_cube.zarr\2.3.3","E:\Code\Geocore_M0-1_image_fusion\test_outputs\cli_demo_classical\fused_cube.zarr\2.3.3","REGENERABLE_FUSION_CUBE","4096","0AECB5BFAC5842C7E1BF893DF2BA22B3E9D1C52EE942F265D48E286EA7B94F7C"
"M0-1","E:\Code\Geocore_M0-1_image_fusion","test_outputs\cli_demo_classical\fused_cube.zarr\2.4.0","E:\Code\Geocore_M0-1_image_fusion\test_outputs\cli_demo_classical\fused_cube.zarr\2.4.0","REGENERABLE_FUSION_CUBE","4096","6CDE4E1B3AE78C567E661C83CB5B348664A9C3C9573C60FEED5A4997F6C54C70"
"M0-1","E:\Code\Geocore_M0-1_image_fusion","test_outputs\cli_demo_classical\fused_cube.zarr\2.4.1","E:\Code\Geocore_M0-1_image_fusion\test_outputs\cli_demo_classical\fused_cube.zarr\2.4.1","REGENERABLE_FUSION_CUBE","4096","DE95FC64525C502410A9971BCD1FDC02FD6F5D34F301BC26FD68A3E367D57A85"
"M0-1","E:\Code\Geocore_M0-1_image_fusion","test_outputs\cli_demo_classical\fused_cube.zarr\2.4.2","E:\Code\Geocore_M0-1_image_fusion\test_outputs\cli_demo_classical\fused_cube.zarr\2.4.2","REGENERABLE_FUSION_CUBE","4096","A1D1987D93CC63E96BBB553EF73E3C73451128E4638700D96DA53477924D2618"
"M0-1","E:\Code\Geocore_M0-1_image_fusion","test_outputs\cli_demo_classical\fused_cube.zarr\2.4.3","E:\Code\Geocore_M0-1_image_fusion\test_outputs\cli_demo_classical\fused_cube.zarr\2.4.3","REGENERABLE_FUSION_CUBE","4096","3131D18EB897D959082EA108F511F8BD8D16211FD8CE585A731F537A2CB36290"
"M0-1","E:\Code\Geocore_M0-1_image_fusion","test_outputs\cli_demo_classical\fused_cube.zarr\2.5.0","E:\Code\Geocore_M0-1_image_fusion\test_outputs\cli_demo_classical\fused_cube.zarr\2.5.0","REGENERABLE_FUSION_CUBE","4096","28395FBF7661EFD77EA7F429C8BC50C927E46800C685C5E83866F5CB141AF344"
"M0-1","E:\Code\Geocore_M0-1_image_fusion","test_outputs\cli_demo_classical\fused_cube.zarr\2.5.1","E:\Code\Geocore_M0-1_image_fusion\test_outputs\cli_demo_classical\fused_cube.zarr\2.5.1","REGENERABLE_FUSION_CUBE","4096","97A7F7720102E8BF652DB529383A6ECEF03EE7BBF6BBEEA1221501F7DCDF80C5"
"M0-1","E:\Code\Geocore_M0-1_image_fusion","test_outputs\cli_demo_classical\fused_cube.zarr\2.5.2","E:\Code\Geocore_M0-1_image_fusion\test_outputs\cli_demo_classical\fused_cube.zarr\2.5.2","REGENERABLE_FUSION_CUBE","4096","303488601B18D287FCC5B9672A69E1549CB40FF4AA1984F0D7DB91EB04634037"
"M0-1","E:\Code\Geocore_M0-1_image_fusion","test_outputs\cli_demo_classical\fused_cube.zarr\2.5.3","E:\Code\Geocore_M0-1_image_fusion\test_outputs\cli_demo_classical\fused_cube.zarr\2.5.3","REGENERABLE_FUSION_CUBE","4096","7E5620429AAE819D9BF15BD49B870A3BC60E012CF76C1D92A90387CBA235AF8D"
"M0-1","E:\Code\Geocore_M0-1_image_fusion","test_outputs\cli_demo_classical\fused_cube.zarr\2.6.0","E:\Code\Geocore_M0-1_image_fusion\test_outputs\cli_demo_classical\fused_cube.zarr\2.6.0","REGENERABLE_FUSION_CUBE","4096","3DAF3352C243D070E8F2D7128E262D9169DDEBBB668D2019676325B95A75E726"
"M0-1","E:\Code\Geocore_M0-1_image_fusion","test_outputs\cli_demo_classical\fused_cube.zarr\2.6.1","E:\Code\Geocore_M0-1_image_fusion\test_outputs\cli_demo_classical\fused_cube.zarr\2.6.1","REGENERABLE_FUSION_CUBE","4096","860F512A5966070F58251FC6E9A89268E806A562D1D9A011A605552C96E97919"
"M0-1","E:\Code\Geocore_M0-1_image_fusion","test_outputs\cli_demo_classical\fused_cube.zarr\2.6.2","E:\Code\Geocore_M0-1_image_fusion\test_outputs\cli_demo_classical\fused_cube.zarr\2.6.2","REGENERABLE_FUSION_CUBE","4096","BFE07A13C97F15078B24BC961EBC94B7E38FA58C49CCD80AFB91651B76FD2DCD"
"M0-1","E:\Code\Geocore_M0-1_image_fusion","test_outputs\cli_demo_classical\fused_cube.zarr\2.6.3","E:\Code\Geocore_M0-1_image_fusion\test_outputs\cli_demo_classical\fused_cube.zarr\2.6.3","REGENERABLE_FUSION_CUBE","4096","A0CB1BBFD0FCA0FC121912ED017FC35E67ABCCF68D535308019BCDB7EA4D7939"
"M0-1","E:\Code\Geocore_M0-1_image_fusion","test_outputs\cli_demo_classical\fused_cube.zarr\2.7.0","E:\Code\Geocore_M0-1_image_fusion\test_outputs\cli_demo_classical\fused_cube.zarr\2.7.0","REGENERABLE_FUSION_CUBE","4096","0BC9AF4F8ECABA827FEAAB9547FC186709D1D161CEA3EF115BBB64249ABE1ED1"
"M0-1","E:\Code\Geocore_M0-1_image_fusion","test_outputs\cli_demo_classical\fused_cube.zarr\2.7.1","E:\Code\Geocore_M0-1_image_fusion\test_outputs\cli_demo_classical\fused_cube.zarr\2.7.1","REGENERABLE_FUSION_CUBE","4096","00F956ABBED2E2194E83E4ECF17E248A9A0C2D8D81813D0FCE94F313C4157ED7"
"M0-1","E:\Code\Geocore_M0-1_image_fusion","test_outputs\cli_demo_classical\fused_cube.zarr\2.7.2","E:\Code\Geocore_M0-1_image_fusion\test_outputs\cli_demo_classical\fused_cube.zarr\2.7.2","REGENERABLE_FUSION_CUBE","4096","D8711831F23E614A6F664CC5A39ED7690A90F3D8EAC95D1B0B311AA6740DB1EF"
"M0-1","E:\Code\Geocore_M0-1_image_fusion","test_outputs\cli_demo_classical\fused_cube.zarr\2.7.3","E:\Code\Geocore_M0-1_image_fusion\test_outputs\cli_demo_classical\fused_cube.zarr\2.7.3","REGENERABLE_FUSION_CUBE","4096","202BA887F549F3C39CE370FE10B1917F4EBBB8713B6FEC7BC42E3858FFB67DA4"
"M0-1","E:\Code\Geocore_M0-1_image_fusion","test_outputs\cli_demo_classical\fused_cube.zarr\3.0.0","E:\Code\Geocore_M0-1_image_fusion\test_outputs\cli_demo_classical\fused_cube.zarr\3.0.0","REGENERABLE_FUSION_CUBE","4096","3962C8E983121C66DC48F883FD72D886E0C8A51A6FEBAB10A9594F70C4CF1A9F"
"M0-1","E:\Code\Geocore_M0-1_image_fusion","test_outputs\cli_demo_classical\fused_cube.zarr\3.0.1","E:\Code\Geocore_M0-1_image_fusion\test_outputs\cli_demo_classical\fused_cube.zarr\3.0.1","REGENERABLE_FUSION_CUBE","4096","2BC970D4BC95CB8C6893B86B7DD43BA905A7A605169863527985636CB8346E2A"
"M0-1","E:\Code\Geocore_M0-1_image_fusion","test_outputs\cli_demo_classical\fused_cube.zarr\3.0.2","E:\Code\Geocore_M0-1_image_fusion\test_outputs\cli_demo_classical\fused_cube.zarr\3.0.2","REGENERABLE_FUSION_CUBE","4096","4429B30C4D783AFE80EEBF6B80D4585C573DED10AEAE102B7460D2D4292F1E68"
"M0-1","E:\Code\Geocore_M0-1_image_fusion","test_outputs\cli_demo_classical\fused_cube.zarr\3.0.3","E:\Code\Geocore_M0-1_image_fusion\test_outputs\cli_demo_classical\fused_cube.zarr\3.0.3","REGENERABLE_FUSION_CUBE","4096","B50E05AA8797F2AAECD6F75D4CC34D39047042974AE6166A0372254064C98944"
"M0-1","E:\Code\Geocore_M0-1_image_fusion","test_outputs\cli_demo_classical\fused_cube.zarr\3.1.0","E:\Code\Geocore_M0-1_image_fusion\test_outputs\cli_demo_classical\fused_cube.zarr\3.1.0","REGENERABLE_FUSION_CUBE","4096","19B3600D8156C4A662C00E278BF54E0BC3B57BD820B68ED8289619EADBED37FD"
"M0-1","E:\Code\Geocore_M0-1_image_fusion","test_outputs\cli_demo_classical\fused_cube.zarr\3.1.1","E:\Code\Geocore_M0-1_image_fusion\test_outputs\cli_demo_classical\fused_cube.zarr\3.1.1","REGENERABLE_FUSION_CUBE","4096","47B590EB559186B704345E6B798280CA4F677072E087C88ECE025E9FCA601597"
"M0-1","E:\Code\Geocore_M0-1_image_fusion","test_outputs\cli_demo_classical\fused_cube.zarr\3.1.2","E:\Code\Geocore_M0-1_image_fusion\test_outputs\cli_demo_classical\fused_cube.zarr\3.1.2","REGENERABLE_FUSION_CUBE","4096","2C9130424B41F4DB57BD1929F9FC9B25D224EF24A93A2E833E16AC42408E74AA"
"M0-1","E:\Code\Geocore_M0-1_image_fusion","test_outputs\cli_demo_classical\fused_cube.zarr\3.1.3","E:\Code\Geocore_M0-1_image_fusion\test_outputs\cli_demo_classical\fused_cube.zarr\3.1.3","REGENERABLE_FUSION_CUBE","4096","243E04FF99D6EB3DD123A2DF78E9D1F8C0D5ECBA7BAABDA8336BD35284F62BD8"
"M0-1","E:\Code\Geocore_M0-1_image_fusion","test_outputs\cli_demo_classical\fused_cube.zarr\3.2.0","E:\Code\Geocore_M0-1_image_fusion\test_outputs\cli_demo_classical\fused_cube.zarr\3.2.0","REGENERABLE_FUSION_CUBE","4096","68DF5C3DDF1342BB3ED4715DB6C64FD70436ABA441E42D70186E053D4BBEE907"
"M0-1","E:\Code\Geocore_M0-1_image_fusion","test_outputs\cli_demo_classical\fused_cube.zarr\3.2.1","E:\Code\Geocore_M0-1_image_fusion\test_outputs\cli_demo_classical\fused_cube.zarr\3.2.1","REGENERABLE_FUSION_CUBE","4096","2C36132AD3C3699A09F87B6942BD5050BB668BFA41C4BE62445760372E81EA7D"
"M0-1","E:\Code\Geocore_M0-1_image_fusion","test_outputs\cli_demo_classical\fused_cube.zarr\3.2.2","E:\Code\Geocore_M0-1_image_fusion\test_outputs\cli_demo_classical\fused_cube.zarr\3.2.2","REGENERABLE_FUSION_CUBE","4096","8D3AFF4BD8A0BA3A6620EEB103D9E50C099F148B2D210AA9B7808217DC6CDB83"
"M0-1","E:\Code\Geocore_M0-1_image_fusion","test_outputs\cli_demo_classical\fused_cube.zarr\3.2.3","E:\Code\Geocore_M0-1_image_fusion\test_outputs\cli_demo_classical\fused_cube.zarr\3.2.3","REGENERABLE_FUSION_CUBE","4096","DA9ECCD72DD1A17F86F062E220E0969EC367FD8E2AA0B469066C3389DFB122E6"
"M0-1","E:\Code\Geocore_M0-1_image_fusion","test_outputs\cli_demo_classical\fused_cube.zarr\3.3.0","E:\Code\Geocore_M0-1_image_fusion\test_outputs\cli_demo_classical\fused_cube.zarr\3.3.0","REGENERABLE_FUSION_CUBE","4096","8D4401E620AA049D61CB4A0CE13753D336EB5FFEEBB4C081D992CA97E8C63449"
"M0-1","E:\Code\Geocore_M0-1_image_fusion","test_outputs\cli_demo_classical\fused_cube.zarr\3.3.1","E:\Code\Geocore_M0-1_image_fusion\test_outputs\cli_demo_classical\fused_cube.zarr\3.3.1","REGENERABLE_FUSION_CUBE","4096","06072CF0343FD0D6660E99E328B4E9B8D0EB8A9B84C3E2084D64E2EAEE405E15"
"M0-1","E:\Code\Geocore_M0-1_image_fusion","test_outputs\cli_demo_classical\fused_cube.zarr\3.3.2","E:\Code\Geocore_M0-1_image_fusion\test_outputs\cli_demo_classical\fused_cube.zarr\3.3.2","REGENERABLE_FUSION_CUBE","4096","7AEFDAA6B141DD74740141C03C7AE9452FD27B0E55BCC2298B6ACFB617F798C9"
"M0-1","E:\Code\Geocore_M0-1_image_fusion","test_outputs\cli_demo_classical\fused_cube.zarr\3.3.3","E:\Code\Geocore_M0-1_image_fusion\test_outputs\cli_demo_classical\fused_cube.zarr\3.3.3","REGENERABLE_FUSION_CUBE","4096","5F90F3BB4D2FBD3CAD8C87A145B6691F937486CF95AF78AFB7636EE0D34BE1E9"
"M0-1","E:\Code\Geocore_M0-1_image_fusion","test_outputs\cli_demo_classical\fused_cube.zarr\3.4.0","E:\Code\Geocore_M0-1_image_fusion\test_outputs\cli_demo_classical\fused_cube.zarr\3.4.0","REGENERABLE_FUSION_CUBE","4096","6D7113AFA3C7CFCC64C8AC30CDB346167E40B7FEF692A65B5028E3338FDEF2F9"
"M0-1","E:\Code\Geocore_M0-1_image_fusion","test_outputs\cli_demo_classical\fused_cube.zarr\3.4.1","E:\Code\Geocore_M0-1_image_fusion\test_outputs\cli_demo_classical\fused_cube.zarr\3.4.1","REGENERABLE_FUSION_CUBE","4096","813BB6AC77CB052FB3DF64536F8ABF9A9BE40046CDC79AF8D94124321939EB3B"
"M0-1","E:\Code\Geocore_M0-1_image_fusion","test_outputs\cli_demo_classical\fused_cube.zarr\3.4.2","E:\Code\Geocore_M0-1_image_fusion\test_outputs\cli_demo_classical\fused_cube.zarr\3.4.2","REGENERABLE_FUSION_CUBE","4096","B3578CC347EECF161EFE5B70B2F8166576097BA1B4B720594CE5C3D788ACA4BE"
"M0-1","E:\Code\Geocore_M0-1_image_fusion","test_outputs\cli_demo_classical\fused_cube.zarr\3.4.3","E:\Code\Geocore_M0-1_image_fusion\test_outputs\cli_demo_classical\fused_cube.zarr\3.4.3","REGENERABLE_FUSION_CUBE","4096","F30D1B5B56B4651B13ADE0725E4CD8D7AFBB79946B664A4758ABD242BC9FA54E"
"M0-1","E:\Code\Geocore_M0-1_image_fusion","test_outputs\cli_demo_classical\fused_cube.zarr\3.5.0","E:\Code\Geocore_M0-1_image_fusion\test_outputs\cli_demo_classical\fused_cube.zarr\3.5.0","REGENERABLE_FUSION_CUBE","4096","D078C81434BD3451648FBA3AA429EE726656E49C895E4EC3A56E69AC65BE8668"
"M0-1","E:\Code\Geocore_M0-1_image_fusion","test_outputs\cli_demo_classical\fused_cube.zarr\3.5.1","E:\Code\Geocore_M0-1_image_fusion\test_outputs\cli_demo_classical\fused_cube.zarr\3.5.1","REGENERABLE_FUSION_CUBE","4096","2096C91486C0802F0A32FC3C03767437DC3C3065F53D8660627652397E874989"
"M0-1","E:\Code\Geocore_M0-1_image_fusion","test_outputs\cli_demo_classical\fused_cube.zarr\3.5.2","E:\Code\Geocore_M0-1_image_fusion\test_outputs\cli_demo_classical\fused_cube.zarr\3.5.2","REGENERABLE_FUSION_CUBE","4096","4118AE16724F25266395C1A38877728E52CB50C7FD9CA7CA7DB40A0036D7ABE0"
"M0-1","E:\Code\Geocore_M0-1_image_fusion","test_outputs\cli_demo_classical\fused_cube.zarr\3.5.3","E:\Code\Geocore_M0-1_image_fusion\test_outputs\cli_demo_classical\fused_cube.zarr\3.5.3","REGENERABLE_FUSION_CUBE","4096","122F682BABB73C96FA7DE284232E3FD3D714EB8B540F47F162B3D444FDA6D28A"
"M0-1","E:\Code\Geocore_M0-1_image_fusion","test_outputs\cli_demo_classical\fused_cube.zarr\3.6.0","E:\Code\Geocore_M0-1_image_fusion\test_outputs\cli_demo_classical\fused_cube.zarr\3.6.0","REGENERABLE_FUSION_CUBE","4096","EEE15F671AFEBD4BF3352AFF3E54F514BC4B5B7ECFED9AD6D34909D4FEAC99A3"
"M0-1","E:\Code\Geocore_M0-1_image_fusion","test_outputs\cli_demo_classical\fused_cube.zarr\3.6.1","E:\Code\Geocore_M0-1_image_fusion\test_outputs\cli_demo_classical\fused_cube.zarr\3.6.1","REGENERABLE_FUSION_CUBE","4096","78B7EE74958E6082FE17CF82BD9782BE5F845AC3533D9B159884933DABC60693"
"M0-1","E:\Code\Geocore_M0-1_image_fusion","test_outputs\cli_demo_classical\fused_cube.zarr\3.6.2","E:\Code\Geocore_M0-1_image_fusion\test_outputs\cli_demo_classical\fused_cube.zarr\3.6.2","REGENERABLE_FUSION_CUBE","4096","2627BEA01146C404D4DDF6014F44141319CDF471D366FAA035A34E2AC3770348"
"M0-1","E:\Code\Geocore_M0-1_image_fusion","test_outputs\cli_demo_classical\fused_cube.zarr\3.6.3","E:\Code\Geocore_M0-1_image_fusion\test_outputs\cli_demo_classical\fused_cube.zarr\3.6.3","REGENERABLE_FUSION_CUBE","4096","EC02980C60FDED94BFC9826F0F4E0F72E91CB5B4CB729990D138767ACD1EF8C1"
"M0-1","E:\Code\Geocore_M0-1_image_fusion","test_outputs\cli_demo_classical\fused_cube.zarr\3.7.0","E:\Code\Geocore_M0-1_image_fusion\test_outputs\cli_demo_classical\fused_cube.zarr\3.7.0","REGENERABLE_FUSION_CUBE","4096","DD759B20B3173CB5FAD03DA9F682B57D82BA0261B11DE4052272AFC25D3B046A"
"M0-1","E:\Code\Geocore_M0-1_image_fusion","test_outputs\cli_demo_classical\fused_cube.zarr\3.7.1","E:\Code\Geocore_M0-1_image_fusion\test_outputs\cli_demo_classical\fused_cube.zarr\3.7.1","REGENERABLE_FUSION_CUBE","4096","A1A615CD5769AFB8E0F83F97A034A8779B3A209D7F76A6FAD87C806DBDFE9884"
"M0-1","E:\Code\Geocore_M0-1_image_fusion","test_outputs\cli_demo_classical\fused_cube.zarr\3.7.2","E:\Code\Geocore_M0-1_image_fusion\test_outputs\cli_demo_classical\fused_cube.zarr\3.7.2","REGENERABLE_FUSION_CUBE","4096","6F2BD78ACA38009534FBE4A83B609F08BA73955C2E6942012D82BA6AC7A45300"
"M0-1","E:\Code\Geocore_M0-1_image_fusion","test_outputs\cli_demo_classical\fused_cube.zarr\3.7.3","E:\Code\Geocore_M0-1_image_fusion\test_outputs\cli_demo_classical\fused_cube.zarr\3.7.3","REGENERABLE_FUSION_CUBE","4096","01BF1EB76E866F0F89E63E8F2FEC529BECE585017F458A4AB275493BA990FFB2"
"M0-1","E:\Code\Geocore_M0-1_image_fusion","test_outputs\cli_demo_classical\fused_cube.zarr\4.0.0","E:\Code\Geocore_M0-1_image_fusion\test_outputs\cli_demo_classical\fused_cube.zarr\4.0.0","REGENERABLE_FUSION_CUBE","4096","5D35418B6A9AE6DF4D66707483BA035971AC2E1D13D013A0A7BF26535128D7EF"
"M0-1","E:\Code\Geocore_M0-1_image_fusion","test_outputs\cli_demo_classical\fused_cube.zarr\4.0.1","E:\Code\Geocore_M0-1_image_fusion\test_outputs\cli_demo_classical\fused_cube.zarr\4.0.1","REGENERABLE_FUSION_CUBE","4096","4315A4F22B4BBB4BAA86C69BD9AA77C25DDB3DE287935624CD78A8F2AF4FA7F5"
"M0-1","E:\Code\Geocore_M0-1_image_fusion","test_outputs\cli_demo_classical\fused_cube.zarr\4.0.2","E:\Code\Geocore_M0-1_image_fusion\test_outputs\cli_demo_classical\fused_cube.zarr\4.0.2","REGENERABLE_FUSION_CUBE","4096","B52C91E345FC6DCC6558CC797FC8E6E3FF8A65CB3346AC0D6A054CE2E994B0BA"
"M0-1","E:\Code\Geocore_M0-1_image_fusion","test_outputs\cli_demo_classical\fused_cube.zarr\4.0.3","E:\Code\Geocore_M0-1_image_fusion\test_outputs\cli_demo_classical\fused_cube.zarr\4.0.3","REGENERABLE_FUSION_CUBE","4096","1F5672D051E071AB97002A657795789A282E871F40D0A819CB6C844AC61F6C93"
"M0-1","E:\Code\Geocore_M0-1_image_fusion","test_outputs\cli_demo_classical\fused_cube.zarr\4.1.0","E:\Code\Geocore_M0-1_image_fusion\test_outputs\cli_demo_classical\fused_cube.zarr\4.1.0","REGENERABLE_FUSION_CUBE","4096","A5B3E78A49F548037E0CCEDDCED1FD62E6A7AC2AD84C41C9C37CF2C2AFB31431"
"M0-1","E:\Code\Geocore_M0-1_image_fusion","test_outputs\cli_demo_classical\fused_cube.zarr\4.1.1","E:\Code\Geocore_M0-1_image_fusion\test_outputs\cli_demo_classical\fused_cube.zarr\4.1.1","REGENERABLE_FUSION_CUBE","4096","124AA32886499E6CF00030CAE4345B4A52230F6AA1F820DA69E11C2B646FFDF6"
"M0-1","E:\Code\Geocore_M0-1_image_fusion","test_outputs\cli_demo_classical\fused_cube.zarr\4.1.2","E:\Code\Geocore_M0-1_image_fusion\test_outputs\cli_demo_classical\fused_cube.zarr\4.1.2","REGENERABLE_FUSION_CUBE","4096","13BCC5AE6A63EDCF29C51863B14C2FE2D94E84A52EE9EAAA3B63235EDFDDF901"
"M0-1","E:\Code\Geocore_M0-1_image_fusion","test_outputs\cli_demo_classical\fused_cube.zarr\4.1.3","E:\Code\Geocore_M0-1_image_fusion\test_outputs\cli_demo_classical\fused_cube.zarr\4.1.3","REGENERABLE_FUSION_CUBE","4096","DAA41A64E624B304A91EE6CED2D5D8AEC93D8D148E69AD241BBEFDAF315FD381"
"M0-1","E:\Code\Geocore_M0-1_image_fusion","test_outputs\cli_demo_classical\fused_cube.zarr\4.2.0","E:\Code\Geocore_M0-1_image_fusion\test_outputs\cli_demo_classical\fused_cube.zarr\4.2.0","REGENERABLE_FUSION_CUBE","4096","C15FCC3AA6552920B8963E9E6864DA33E4249CA4B7A1631BF34AAE4C549E2AEA"
"M0-1","E:\Code\Geocore_M0-1_image_fusion","test_outputs\cli_demo_classical\fused_cube.zarr\4.2.1","E:\Code\Geocore_M0-1_image_fusion\test_outputs\cli_demo_classical\fused_cube.zarr\4.2.1","REGENERABLE_FUSION_CUBE","4096","6C2424F76BE30E581A8A7FA27CED1CD1E17E5E2B59DC8B4D8E1CF99150288A58"
"M0-1","E:\Code\Geocore_M0-1_image_fusion","test_outputs\cli_demo_classical\fused_cube.zarr\4.2.2","E:\Code\Geocore_M0-1_image_fusion\test_outputs\cli_demo_classical\fused_cube.zarr\4.2.2","REGENERABLE_FUSION_CUBE","4096","9A3DA020475F2D7152247C1263D5D21EC8FD38BDF85C75DF74A8378A5B961289"
"M0-1","E:\Code\Geocore_M0-1_image_fusion","test_outputs\cli_demo_classical\fused_cube.zarr\4.2.3","E:\Code\Geocore_M0-1_image_fusion\test_outputs\cli_demo_classical\fused_cube.zarr\4.2.3","REGENERABLE_FUSION_CUBE","4096","E8DFFF6670DC1B2FB276D8050E3AA7C25DB50B5D949831733EA811C58DD9D720"
"M0-1","E:\Code\Geocore_M0-1_image_fusion","test_outputs\cli_demo_classical\fused_cube.zarr\4.3.0","E:\Code\Geocore_M0-1_image_fusion\test_outputs\cli_demo_classical\fused_cube.zarr\4.3.0","REGENERABLE_FUSION_CUBE","4096","D6FC1C92E21E0CDEFD26B200D96811F7260BA244F7F6753259593FD664CE45B3"
"M0-1","E:\Code\Geocore_M0-1_image_fusion","test_outputs\cli_demo_classical\fused_cube.zarr\4.3.1","E:\Code\Geocore_M0-1_image_fusion\test_outputs\cli_demo_classical\fused_cube.zarr\4.3.1","REGENERABLE_FUSION_CUBE","4096","9018DFDD6ED1043908CCB55402639EBC942E6512AF49AE58CC44E27C458ADCD0"
"M0-1","E:\Code\Geocore_M0-1_image_fusion","test_outputs\cli_demo_classical\fused_cube.zarr\4.3.2","E:\Code\Geocore_M0-1_image_fusion\test_outputs\cli_demo_classical\fused_cube.zarr\4.3.2","REGENERABLE_FUSION_CUBE","4096","11C0CC1073E92FCA8ADAFEECF96BECE2E4268AB6C7C52842A3D3C9E4B10190CF"
"M0-1","E:\Code\Geocore_M0-1_image_fusion","test_outputs\cli_demo_classical\fused_cube.zarr\4.3.3","E:\Code\Geocore_M0-1_image_fusion\test_outputs\cli_demo_classical\fused_cube.zarr\4.3.3","REGENERABLE_FUSION_CUBE","4096","F58A45DA6DA9A0D9C033C5F6DC28AF4BF1F45574513A2416F4F184E989191D61"
"M0-1","E:\Code\Geocore_M0-1_image_fusion","test_outputs\cli_demo_classical\fused_cube.zarr\4.4.0","E:\Code\Geocore_M0-1_image_fusion\test_outputs\cli_demo_classical\fused_cube.zarr\4.4.0","REGENERABLE_FUSION_CUBE","4096","A63944DC432C1B742EE49A4DA24C88D98D75D8C7A91C2A9E50B770C27EE88AAD"
"M0-1","E:\Code\Geocore_M0-1_image_fusion","test_outputs\cli_demo_classical\fused_cube.zarr\4.4.1","E:\Code\Geocore_M0-1_image_fusion\test_outputs\cli_demo_classical\fused_cube.zarr\4.4.1","REGENERABLE_FUSION_CUBE","4096","CC88EFF2B2528A41ED462298409AE58E4A17963217DEF2376E7FD31F0CF356C5"
"M0-1","E:\Code\Geocore_M0-1_image_fusion","test_outputs\cli_demo_classical\fused_cube.zarr\4.4.2","E:\Code\Geocore_M0-1_image_fusion\test_outputs\cli_demo_classical\fused_cube.zarr\4.4.2","REGENERABLE_FUSION_CUBE","4096","E0DC2F263352BF3757E605EABAFC2115B108C0922C09C8896915BD0CE72C86B0"
"M0-1","E:\Code\Geocore_M0-1_image_fusion","test_outputs\cli_demo_classical\fused_cube.zarr\4.4.3","E:\Code\Geocore_M0-1_image_fusion\test_outputs\cli_demo_classical\fused_cube.zarr\4.4.3","REGENERABLE_FUSION_CUBE","4096","3D38C9950CD2C9FE5AB51C9BC07A74C701D0836829D46B26B8A0701A00E64C94"
"M0-1","E:\Code\Geocore_M0-1_image_fusion","test_outputs\cli_demo_classical\fused_cube.zarr\4.5.0","E:\Code\Geocore_M0-1_image_fusion\test_outputs\cli_demo_classical\fused_cube.zarr\4.5.0","REGENERABLE_FUSION_CUBE","4096","404A1391A395B6592123CD8C6EC2585F427587A5D801BED4F4F0C77B0DDE322D"
"M0-1","E:\Code\Geocore_M0-1_image_fusion","test_outputs\cli_demo_classical\fused_cube.zarr\4.5.1","E:\Code\Geocore_M0-1_image_fusion\test_outputs\cli_demo_classical\fused_cube.zarr\4.5.1","REGENERABLE_FUSION_CUBE","4096","66E339286F7A5409AB318712F87316C89B0D404EBB10C3AB4CE2ED2DB8C46060"
"M0-1","E:\Code\Geocore_M0-1_image_fusion","test_outputs\cli_demo_classical\fused_cube.zarr\4.5.2","E:\Code\Geocore_M0-1_image_fusion\test_outputs\cli_demo_classical\fused_cube.zarr\4.5.2","REGENERABLE_FUSION_CUBE","4096","5457897F0DFC1C24E8D9E94238C05071F789BE5529CF300D9081623F51039177"
"M0-1","E:\Code\Geocore_M0-1_image_fusion","test_outputs\cli_demo_classical\fused_cube.zarr\4.5.3","E:\Code\Geocore_M0-1_image_fusion\test_outputs\cli_demo_classical\fused_cube.zarr\4.5.3","REGENERABLE_FUSION_CUBE","4096","9B243D4138CC84A771FAFCD9B900F8D46D3AE695207E028B50DC29620717B591"
"M0-1","E:\Code\Geocore_M0-1_image_fusion","test_outputs\cli_demo_classical\fused_cube.zarr\4.6.0","E:\Code\Geocore_M0-1_image_fusion\test_outputs\cli_demo_classical\fused_cube.zarr\4.6.0","REGENERABLE_FUSION_CUBE","4096","74A3CA23551F1371E1621AA3E7F0C7A771F9EC73596DA0D3CB3128832D4C65E9"
"M0-1","E:\Code\Geocore_M0-1_image_fusion","test_outputs\cli_demo_classical\fused_cube.zarr\4.6.1","E:\Code\Geocore_M0-1_image_fusion\test_outputs\cli_demo_classical\fused_cube.zarr\4.6.1","REGENERABLE_FUSION_CUBE","4096","E54C1BF57CF0A9DF02786ABD07F81084CDE624120538C12D573E7DFE472A61DD"
"M0-1","E:\Code\Geocore_M0-1_image_fusion","test_outputs\cli_demo_classical\fused_cube.zarr\4.6.2","E:\Code\Geocore_M0-1_image_fusion\test_outputs\cli_demo_classical\fused_cube.zarr\4.6.2","REGENERABLE_FUSION_CUBE","4096","2C5CB28D86180BC6FB400D32352031D45744A3B8DA344286F1AC6F4450C9687D"
"M0-1","E:\Code\Geocore_M0-1_image_fusion","test_outputs\cli_demo_classical\fused_cube.zarr\4.6.3","E:\Code\Geocore_M0-1_image_fusion\test_outputs\cli_demo_classical\fused_cube.zarr\4.6.3","REGENERABLE_FUSION_CUBE","4096","148C58B4027739987F29454B33D08E3C6465E6F1D7D9E0F2261555B9848ACE94"
"M0-1","E:\Code\Geocore_M0-1_image_fusion","test_outputs\cli_demo_classical\fused_cube.zarr\4.7.0","E:\Code\Geocore_M0-1_image_fusion\test_outputs\cli_demo_classical\fused_cube.zarr\4.7.0","REGENERABLE_FUSION_CUBE","4096","A88A7C38E6D42962AE59CFBE39210603453EDC7CA3974763DA4093FEF8B7261E"
"M0-1","E:\Code\Geocore_M0-1_image_fusion","test_outputs\cli_demo_classical\fused_cube.zarr\4.7.1","E:\Code\Geocore_M0-1_image_fusion\test_outputs\cli_demo_classical\fused_cube.zarr\4.7.1","REGENERABLE_FUSION_CUBE","4096","EC46A9F66BFC3B51E57648459C07B7A41EF5023DB4F96CD8A4C5F2D1E1033DEE"
"M0-1","E:\Code\Geocore_M0-1_image_fusion","test_outputs\cli_demo_classical\fused_cube.zarr\4.7.2","E:\Code\Geocore_M0-1_image_fusion\test_outputs\cli_demo_classical\fused_cube.zarr\4.7.2","REGENERABLE_FUSION_CUBE","4096","1345BE4285A1D092BDB9B066FFBCDB77D3B89A4B1F078DFC54909AC5FE949341"
"M0-1","E:\Code\Geocore_M0-1_image_fusion","test_outputs\cli_demo_classical\fused_cube.zarr\4.7.3","E:\Code\Geocore_M0-1_image_fusion\test_outputs\cli_demo_classical\fused_cube.zarr\4.7.3","REGENERABLE_FUSION_CUBE","4096","F55ACDEA6A5D230C6BEA34ACC192BBB6B2F613825DBE4743CF12B52DB825866B"
"M0-1","E:\Code\Geocore_M0-1_image_fusion","test_outputs\cli_demo_classical\fused_cube.zarr\5.0.0","E:\Code\Geocore_M0-1_image_fusion\test_outputs\cli_demo_classical\fused_cube.zarr\5.0.0","REGENERABLE_FUSION_CUBE","4096","FF4891FD50046B1D0EC092E7FE9CADA4DB6D97E459AEAB583DEC883244EDFCD1"
"M0-1","E:\Code\Geocore_M0-1_image_fusion","test_outputs\cli_demo_classical\fused_cube.zarr\5.0.1","E:\Code\Geocore_M0-1_image_fusion\test_outputs\cli_demo_classical\fused_cube.zarr\5.0.1","REGENERABLE_FUSION_CUBE","4096","53362F1252B965D1941CD46341FDA799FCAD6AE0342B2D0CD52FB201EB654662"
"M0-1","E:\Code\Geocore_M0-1_image_fusion","test_outputs\cli_demo_classical\fused_cube.zarr\5.0.2","E:\Code\Geocore_M0-1_image_fusion\test_outputs\cli_demo_classical\fused_cube.zarr\5.0.2","REGENERABLE_FUSION_CUBE","4096","BFC99E2ADAA2EE10C0D424886067FFD661822564CD4DF02BCB7C8E7F8A521949"
"M0-1","E:\Code\Geocore_M0-1_image_fusion","test_outputs\cli_demo_classical\fused_cube.zarr\5.0.3","E:\Code\Geocore_M0-1_image_fusion\test_outputs\cli_demo_classical\fused_cube.zarr\5.0.3","REGENERABLE_FUSION_CUBE","4096","751497D96CBC847A59A4ECE029051B632D8FC7AD4D42F5F4B8522CE78C615E71"
"M0-1","E:\Code\Geocore_M0-1_image_fusion","test_outputs\cli_demo_classical\fused_cube.zarr\5.1.0","E:\Code\Geocore_M0-1_image_fusion\test_outputs\cli_demo_classical\fused_cube.zarr\5.1.0","REGENERABLE_FUSION_CUBE","4096","2139C7175407FBB47844A48349573D798585E1E7265E0B50BE548FB2679CE05A"
"M0-1","E:\Code\Geocore_M0-1_image_fusion","test_outputs\cli_demo_classical\fused_cube.zarr\5.1.1","E:\Code\Geocore_M0-1_image_fusion\test_outputs\cli_demo_classical\fused_cube.zarr\5.1.1","REGENERABLE_FUSION_CUBE","4096","91B4FAC597EA29544BA1A97F19A6583D7924628F6E3B17A420E82F3C066E7A51"
"M0-1","E:\Code\Geocore_M0-1_image_fusion","test_outputs\cli_demo_classical\fused_cube.zarr\5.1.2","E:\Code\Geocore_M0-1_image_fusion\test_outputs\cli_demo_classical\fused_cube.zarr\5.1.2","REGENERABLE_FUSION_CUBE","4096","B7D3D97D4B8A3A4AC946E77BD420E93ABF193F29005E8F0D24878D01F2BEA9D7"
"M0-1","E:\Code\Geocore_M0-1_image_fusion","test_outputs\cli_demo_classical\fused_cube.zarr\5.1.3","E:\Code\Geocore_M0-1_image_fusion\test_outputs\cli_demo_classical\fused_cube.zarr\5.1.3","REGENERABLE_FUSION_CUBE","4096","3D0BA079F1D64D3B3F94DF18FB91B465AE7CBEAE5EEB4FEC73987568085FB712"
"M0-1","E:\Code\Geocore_M0-1_image_fusion","test_outputs\cli_demo_classical\fused_cube.zarr\5.2.0","E:\Code\Geocore_M0-1_image_fusion\test_outputs\cli_demo_classical\fused_cube.zarr\5.2.0","REGENERABLE_FUSION_CUBE","4096","E5017D7742A7A24F8E04DFD6211A59F74E1CF3C3FC38F8C961CC45C959F0BA73"
"M0-1","E:\Code\Geocore_M0-1_image_fusion","test_outputs\cli_demo_classical\fused_cube.zarr\5.2.1","E:\Code\Geocore_M0-1_image_fusion\test_outputs\cli_demo_classical\fused_cube.zarr\5.2.1","REGENERABLE_FUSION_CUBE","4096","D41C0561912BB43E60360249DF73BADE99833EEFAB99818C58040E75A8CA1683"
"M0-1","E:\Code\Geocore_M0-1_image_fusion","test_outputs\cli_demo_classical\fused_cube.zarr\5.2.2","E:\Code\Geocore_M0-1_image_fusion\test_outputs\cli_demo_classical\fused_cube.zarr\5.2.2","REGENERABLE_FUSION_CUBE","4096","54445D5D4C879A4BE4303F1E8E0EE5D07C5B54DDF1892D6ED04B1A3D6C841D3B"
"M0-1","E:\Code\Geocore_M0-1_image_fusion","test_outputs\cli_demo_classical\fused_cube.zarr\5.2.3","E:\Code\Geocore_M0-1_image_fusion\test_outputs\cli_demo_classical\fused_cube.zarr\5.2.3","REGENERABLE_FUSION_CUBE","4096","593E17F7D4E2813BB8231A6D16DAE63E8127A51FB98B6D287C1ED90B6BD55DC5"
"M0-1","E:\Code\Geocore_M0-1_image_fusion","test_outputs\cli_demo_classical\fused_cube.zarr\5.3.0","E:\Code\Geocore_M0-1_image_fusion\test_outputs\cli_demo_classical\fused_cube.zarr\5.3.0","REGENERABLE_FUSION_CUBE","4096","CD524CE83286B57F77F09F2DAD6DD9307CE1D149C113DAD04E84702F28DB6DFC"
"M0-1","E:\Code\Geocore_M0-1_image_fusion","test_outputs\cli_demo_classical\fused_cube.zarr\5.3.1","E:\Code\Geocore_M0-1_image_fusion\test_outputs\cli_demo_classical\fused_cube.zarr\5.3.1","REGENERABLE_FUSION_CUBE","4096","CA0C3708B498CF30BA24C297671464FAEE66EB22B5B96EAFF8141F2ECCCCE514"
"M0-1","E:\Code\Geocore_M0-1_image_fusion","test_outputs\cli_demo_classical\fused_cube.zarr\5.3.2","E:\Code\Geocore_M0-1_image_fusion\test_outputs\cli_demo_classical\fused_cube.zarr\5.3.2","REGENERABLE_FUSION_CUBE","4096","91B17DEB5C4C85403F388EBD7DED06BDAB89A59BAB299A4D0361E7ABC0CF79E5"
"M0-1","E:\Code\Geocore_M0-1_image_fusion","test_outputs\cli_demo_classical\fused_cube.zarr\5.3.3","E:\Code\Geocore_M0-1_image_fusion\test_outputs\cli_demo_classical\fused_cube.zarr\5.3.3","REGENERABLE_FUSION_CUBE","4096","5E746162A971544385571F86714F1765BC3F223C223864E1D8C8EE02BD590D4F"
"M0-1","E:\Code\Geocore_M0-1_image_fusion","test_outputs\cli_demo_classical\fused_cube.zarr\5.4.0","E:\Code\Geocore_M0-1_image_fusion\test_outputs\cli_demo_classical\fused_cube.zarr\5.4.0","REGENERABLE_FUSION_CUBE","4096","1821704C64B0CE05C57764B317A4E8C15A039CB4B00BEC2CD026922D72B767C6"
"M0-1","E:\Code\Geocore_M0-1_image_fusion","test_outputs\cli_demo_classical\fused_cube.zarr\5.4.1","E:\Code\Geocore_M0-1_image_fusion\test_outputs\cli_demo_classical\fused_cube.zarr\5.4.1","REGENERABLE_FUSION_CUBE","4096","52DDC1637FD3D28E29C7E2F2F7B46594FBB1E45F50C344E99CE202D2CC7E7C79"
"M0-1","E:\Code\Geocore_M0-1_image_fusion","test_outputs\cli_demo_classical\fused_cube.zarr\5.4.2","E:\Code\Geocore_M0-1_image_fusion\test_outputs\cli_demo_classical\fused_cube.zarr\5.4.2","REGENERABLE_FUSION_CUBE","4096","1FDD6AF1849114ABDF5B4805508F055B5D65D5558A82A6EC3805C74DD514CBA7"
"M0-1","E:\Code\Geocore_M0-1_image_fusion","test_outputs\cli_demo_classical\fused_cube.zarr\5.4.3","E:\Code\Geocore_M0-1_image_fusion\test_outputs\cli_demo_classical\fused_cube.zarr\5.4.3","REGENERABLE_FUSION_CUBE","4096","DEA316503C210395B1B4F2E50BED24BBF726E712351D703D95BDF80486C52363"
"M0-1","E:\Code\Geocore_M0-1_image_fusion","test_outputs\cli_demo_classical\fused_cube.zarr\5.5.0","E:\Code\Geocore_M0-1_image_fusion\test_outputs\cli_demo_classical\fused_cube.zarr\5.5.0","REGENERABLE_FUSION_CUBE","4096","48BDC825369B5837D516D17C0EC2523B4DA84552AB5B8B308A0EC19BF6516757"
"M0-1","E:\Code\Geocore_M0-1_image_fusion","test_outputs\cli_demo_classical\fused_cube.zarr\5.5.1","E:\Code\Geocore_M0-1_image_fusion\test_outputs\cli_demo_classical\fused_cube.zarr\5.5.1","REGENERABLE_FUSION_CUBE","4096","7B9C54E5E8E5B9B8F90A2A965C48046CDFB4FBBA0B6DF3D5C79429D99AEED0C0"
"M0-1","E:\Code\Geocore_M0-1_image_fusion","test_outputs\cli_demo_classical\fused_cube.zarr\5.5.2","E:\Code\Geocore_M0-1_image_fusion\test_outputs\cli_demo_classical\fused_cube.zarr\5.5.2","REGENERABLE_FUSION_CUBE","4096","E864596DFAD5704420F593F4400B768839A57B3C975D25AF9A7848B4342DB551"
"M0-1","E:\Code\Geocore_M0-1_image_fusion","test_outputs\cli_demo_classical\fused_cube.zarr\5.5.3","E:\Code\Geocore_M0-1_image_fusion\test_outputs\cli_demo_classical\fused_cube.zarr\5.5.3","REGENERABLE_FUSION_CUBE","4096","70BCC4D685C48AC72E17D7C2BB2D9FCED9B1EB34FFE85536F4FE54AAC900B5FD"
"M0-1","E:\Code\Geocore_M0-1_image_fusion","test_outputs\cli_demo_classical\fused_cube.zarr\5.6.0","E:\Code\Geocore_M0-1_image_fusion\test_outputs\cli_demo_classical\fused_cube.zarr\5.6.0","REGENERABLE_FUSION_CUBE","4096","416201A564AB3D3D476F22AD1A6B3BF5CEC00ECABDDCA5DF5E70BE4033434724"
"M0-1","E:\Code\Geocore_M0-1_image_fusion","test_outputs\cli_demo_classical\fused_cube.zarr\5.6.1","E:\Code\Geocore_M0-1_image_fusion\test_outputs\cli_demo_classical\fused_cube.zarr\5.6.1","REGENERABLE_FUSION_CUBE","4096","D260983C1CB0D6B2AFC6C689BF38B4318766D9630E7E84A7D8BB191179627CC6"
"M0-1","E:\Code\Geocore_M0-1_image_fusion","test_outputs\cli_demo_classical\fused_cube.zarr\5.6.2","E:\Code\Geocore_M0-1_image_fusion\test_outputs\cli_demo_classical\fused_cube.zarr\5.6.2","REGENERABLE_FUSION_CUBE","4096","1D68252AEE0FFFA63AFB0F6C4EFC10EF00B82ED417A5B49C6794AF1C43B98917"
"M0-1","E:\Code\Geocore_M0-1_image_fusion","test_outputs\cli_demo_classical\fused_cube.zarr\5.6.3","E:\Code\Geocore_M0-1_image_fusion\test_outputs\cli_demo_classical\fused_cube.zarr\5.6.3","REGENERABLE_FUSION_CUBE","4096","325B9CE22A340EA803B20AC2E4EC28E9CBCB62D03ABBB33FD1EB9807A3F14D8D"
"M0-1","E:\Code\Geocore_M0-1_image_fusion","test_outputs\cli_demo_classical\fused_cube.zarr\5.7.0","E:\Code\Geocore_M0-1_image_fusion\test_outputs\cli_demo_classical\fused_cube.zarr\5.7.0","REGENERABLE_FUSION_CUBE","4096","CA0871D5F5FF9A57B8B31C05C8CEEC611D86E3B742ADF47775BABE1F4D21A407"
"M0-1","E:\Code\Geocore_M0-1_image_fusion","test_outputs\cli_demo_classical\fused_cube.zarr\5.7.1","E:\Code\Geocore_M0-1_image_fusion\test_outputs\cli_demo_classical\fused_cube.zarr\5.7.1","REGENERABLE_FUSION_CUBE","4096","F5379E2B5C8795711A7A7F333B228AA94603B79699B8DF72D2739CFCB82563CC"
"M0-1","E:\Code\Geocore_M0-1_image_fusion","test_outputs\cli_demo_classical\fused_cube.zarr\5.7.2","E:\Code\Geocore_M0-1_image_fusion\test_outputs\cli_demo_classical\fused_cube.zarr\5.7.2","REGENERABLE_FUSION_CUBE","4096","886753286CC3D57122362A641CB3412397CC52389ACF3233002591DEDE2CEBE3"
"M0-1","E:\Code\Geocore_M0-1_image_fusion","test_outputs\cli_demo_classical\fused_cube.zarr\5.7.3","E:\Code\Geocore_M0-1_image_fusion\test_outputs\cli_demo_classical\fused_cube.zarr\5.7.3","REGENERABLE_FUSION_CUBE","4096","586518CAF405E7FF76D1F861A9C5B91D6E0103CD8FDA739C03CCFFE741D5C89E"
"M0-1","E:\Code\Geocore_M0-1_image_fusion","test_outputs\cli_demo_classical\metadata\band_metadata.csv","E:\Code\Geocore_M0-1_image_fusion\test_outputs\cli_demo_classical\metadata\band_metadata.csv","GENERATED_TEST_OUTPUT","945","F9A682F29C44A534408C1FCA5CF543422D1B4770C617700BE9A480AF840F69A3"
"M0-1","E:\Code\Geocore_M0-1_image_fusion","test_outputs\cli_demo_classical\metadata\input_metadata.json","E:\Code\Geocore_M0-1_image_fusion\test_outputs\cli_demo_classical\metadata\input_metadata.json","GENERATED_TEST_OUTPUT","34","64D04B6864AF418625B10A145A0915A34014B518BFCDAFDE1AA67A2494ED687E"
"M0-1","E:\Code\Geocore_M0-1_image_fusion","test_outputs\cli_demo_classical\metadata\processing_config.json","E:\Code\Geocore_M0-1_image_fusion\test_outputs\cli_demo_classical\metadata\processing_config.json","GENERATED_TEST_OUTPUT","445","ECF79380EB7601232C1D01FDC5884DC6D1BBC3B8EC401CFC2685EA828E928AA7"
"M0-1","E:\Code\Geocore_M0-1_image_fusion","test_outputs\cli_demo_classical\metadata\registration_model.json","E:\Code\Geocore_M0-1_image_fusion\test_outputs\cli_demo_classical\metadata\registration_model.json","GENERATED_TEST_OUTPUT","500","0A5C78BA98AD29E72E3DD6DABC531748389F1848F900562B8E2D65A7DB776BA7"
"M0-1","E:\Code\Geocore_M0-1_image_fusion","test_outputs\cli_demo_classical\metadata\spectral_stitch_model.json","E:\Code\Geocore_M0-1_image_fusion\test_outputs\cli_demo_classical\metadata\spectral_stitch_model.json","GENERATED_TEST_OUTPUT","510","7663A384C13200433EEEDD56B0B3FF6A4928D7D5970B10A9EBB864E5C1603878"
"M0-1","E:\Code\Geocore_M0-1_image_fusion","test_outputs\cli_demo_classical\metrics\quality_report.json","E:\Code\Geocore_M0-1_image_fusion\test_outputs\cli_demo_classical\metrics\quality_report.json","GENERATED_TEST_OUTPUT","783","3EBF30C2989026E2121DE024460D7D037A0726677698777E00AFAA55F9E351C4"
"M0-1","E:\Code\Geocore_M0-1_image_fusion","test_outputs\cli_demo_classical\previews\preview_falsecolor_full.png","E:\Code\Geocore_M0-1_image_fusion\test_outputs\cli_demo_classical\previews\preview_falsecolor_full.png","GENERATED_TEST_OUTPUT","24754","D61DE584B79E52B34710A455FDFD93BCF1DF11F719A83FBFB8417DA0664C8ED3"
"M0-1","E:\Code\Geocore_M0-1_image_fusion","test_outputs\cli_demo_classical\previews\preview_mean_reflectance.png","E:\Code\Geocore_M0-1_image_fusion\test_outputs\cli_demo_classical\previews\preview_mean_reflectance.png","GENERATED_TEST_OUTPUT","7794","4E1AE7C09D6DC90BB4936F36DBA273B5885D1B9383DCC6416288DBCFD56052C3"
"M0-1","E:\Code\Geocore_M0-1_image_fusion","test_outputs\cli_demo_classical\previews\preview_rgb.png","E:\Code\Geocore_M0-1_image_fusion\test_outputs\cli_demo_classical\previews\preview_rgb.png","GENERATED_TEST_OUTPUT","19581","90F0583895637BA493BC55EB75EFAA95A61EBE5CB55839D26A812D940082A2D0"
"M0-1","E:\Code\Geocore_M0-1_image_fusion","test_outputs\cli_streaming_fast_preview\manifest.json","E:\Code\Geocore_M0-1_image_fusion\test_outputs\cli_streaming_fast_preview\manifest.json","GENERATED_TEST_OUTPUT","1416","CC95BAA43780586C3E31DF49D644E1F20D87B7747E67320FC0E8F73CFB5C36F3"
"M0-1","E:\Code\Geocore_M0-1_image_fusion","test_outputs\cli_streaming_fast_preview\fused_cube.zarr\.zarray","E:\Code\Geocore_M0-1_image_fusion\test_outputs\cli_streaming_fast_preview\fused_cube.zarr\.zarray","REGENERABLE_FUSION_CUBE","217","BA8888BA02E2FA6128248BEC075DF5206174AC4C7E4E396FD6F09802AFC8A6E4"
"M0-1","E:\Code\Geocore_M0-1_image_fusion","test_outputs\cli_streaming_fast_preview\fused_cube.zarr\.zattrs","E:\Code\Geocore_M0-1_image_fusion\test_outputs\cli_streaming_fast_preview\fused_cube.zarr\.zattrs","REGENERABLE_FUSION_CUBE","154","9EF127FB6C3A10F639128AA2020723F6C76CF03E6876DB043A5D4D8D2A33B790"
"M0-1","E:\Code\Geocore_M0-1_image_fusion","test_outputs\cli_streaming_fast_preview\fused_cube.zarr\0.0.0","E:\Code\Geocore_M0-1_image_fusion\test_outputs\cli_streaming_fast_preview\fused_cube.zarr\0.0.0","REGENERABLE_FUSION_CUBE","4096","F7B7F606FBD7FEC427535D899A543E30AA41287BB4CBDE7FDCF7415822AA965C"
"M0-1","E:\Code\Geocore_M0-1_image_fusion","test_outputs\cli_streaming_fast_preview\fused_cube.zarr\0.0.1","E:\Code\Geocore_M0-1_image_fusion\test_outputs\cli_streaming_fast_preview\fused_cube.zarr\0.0.1","REGENERABLE_FUSION_CUBE","4096","C3BE8E7EE667C57923310B834A271F859EE66ED128F0A2838BC442E14650EA94"
"M0-1","E:\Code\Geocore_M0-1_image_fusion","test_outputs\cli_streaming_fast_preview\fused_cube.zarr\0.0.2","E:\Code\Geocore_M0-1_image_fusion\test_outputs\cli_streaming_fast_preview\fused_cube.zarr\0.0.2","REGENERABLE_FUSION_CUBE","4096","196CDF99744E13B9E677C7DF5E9CF62E11D1CB3FD8C2EBA9AAAAF7287B817B04"
"M0-1","E:\Code\Geocore_M0-1_image_fusion","test_outputs\cli_streaming_fast_preview\fused_cube.zarr\0.0.3","E:\Code\Geocore_M0-1_image_fusion\test_outputs\cli_streaming_fast_preview\fused_cube.zarr\0.0.3","REGENERABLE_FUSION_CUBE","4096","4A3B1FB8DB6078872A05C395DA618C02E9BEF2B78578F447F67F93D46B31589E"
"M0-1","E:\Code\Geocore_M0-1_image_fusion","test_outputs\cli_streaming_fast_preview\fused_cube.zarr\0.1.0","E:\Code\Geocore_M0-1_image_fusion\test_outputs\cli_streaming_fast_preview\fused_cube.zarr\0.1.0","REGENERABLE_FUSION_CUBE","4096","1B56B735DECE295D8FFED5F101F7D1E85D4F48D09D148008D0C7EF568A825955"
"M0-1","E:\Code\Geocore_M0-1_image_fusion","test_outputs\cli_streaming_fast_preview\fused_cube.zarr\0.1.1","E:\Code\Geocore_M0-1_image_fusion\test_outputs\cli_streaming_fast_preview\fused_cube.zarr\0.1.1","REGENERABLE_FUSION_CUBE","4096","9514CD88DFF79FFB1862333D9F5028C81B351102B175B84AF7FEC0538A31761E"
"M0-1","E:\Code\Geocore_M0-1_image_fusion","test_outputs\cli_streaming_fast_preview\fused_cube.zarr\0.1.2","E:\Code\Geocore_M0-1_image_fusion\test_outputs\cli_streaming_fast_preview\fused_cube.zarr\0.1.2","REGENERABLE_FUSION_CUBE","4096","EB6DA46B00CE6D54E69C3E0D35629022AFB5CC38C6F3B1D3137C8F55643B271B"
"M0-1","E:\Code\Geocore_M0-1_image_fusion","test_outputs\cli_streaming_fast_preview\fused_cube.zarr\0.1.3","E:\Code\Geocore_M0-1_image_fusion\test_outputs\cli_streaming_fast_preview\fused_cube.zarr\0.1.3","REGENERABLE_FUSION_CUBE","4096","E8ECDD060820AF48DBB9B31CF18C7A659D513F0792C43F9879270CA8D1A7A29E"
"M0-1","E:\Code\Geocore_M0-1_image_fusion","test_outputs\cli_streaming_fast_preview\fused_cube.zarr\0.2.0","E:\Code\Geocore_M0-1_image_fusion\test_outputs\cli_streaming_fast_preview\fused_cube.zarr\0.2.0","REGENERABLE_FUSION_CUBE","4096","EC73EB282EAE62EFAB42AD39AB80FF6DF76A25865E7A2C903D95FF4D421FF3A0"
"M0-1","E:\Code\Geocore_M0-1_image_fusion","test_outputs\cli_streaming_fast_preview\fused_cube.zarr\0.2.1","E:\Code\Geocore_M0-1_image_fusion\test_outputs\cli_streaming_fast_preview\fused_cube.zarr\0.2.1","REGENERABLE_FUSION_CUBE","4096","7D2B85AE147FD06B613DC5854AF12BCBDDEAE942FB1D5DE2127018A93C57F89C"
"M0-1","E:\Code\Geocore_M0-1_image_fusion","test_outputs\cli_streaming_fast_preview\fused_cube.zarr\0.2.2","E:\Code\Geocore_M0-1_image_fusion\test_outputs\cli_streaming_fast_preview\fused_cube.zarr\0.2.2","REGENERABLE_FUSION_CUBE","4096","62B72E5D10C438F61F41CDD50AF640B01AC8DEE9286ED5E769CDE5865FCC4014"
"M0-1","E:\Code\Geocore_M0-1_image_fusion","test_outputs\cli_streaming_fast_preview\fused_cube.zarr\0.2.3","E:\Code\Geocore_M0-1_image_fusion\test_outputs\cli_streaming_fast_preview\fused_cube.zarr\0.2.3","REGENERABLE_FUSION_CUBE","4096","F6517BBAA09BAEC7599FB21B400D93F7B50257F824DB0EB7E299637EB15C0E07"
"M0-1","E:\Code\Geocore_M0-1_image_fusion","test_outputs\cli_streaming_fast_preview\fused_cube.zarr\1.0.0","E:\Code\Geocore_M0-1_image_fusion\test_outputs\cli_streaming_fast_preview\fused_cube.zarr\1.0.0","REGENERABLE_FUSION_CUBE","4096","A6DD41BD595FF3791A655652570349AC69F49737B7194216E7DFC2399F1F0FBC"
"M0-1","E:\Code\Geocore_M0-1_image_fusion","test_outputs\cli_streaming_fast_preview\fused_cube.zarr\1.0.1","E:\Code\Geocore_M0-1_image_fusion\test_outputs\cli_streaming_fast_preview\fused_cube.zarr\1.0.1","REGENERABLE_FUSION_CUBE","4096","08045282BA7AFC48425F9A3B8E8B738A39716438AF59C12383BD2A79047D6A02"
"M0-1","E:\Code\Geocore_M0-1_image_fusion","test_outputs\cli_streaming_fast_preview\fused_cube.zarr\1.0.2","E:\Code\Geocore_M0-1_image_fusion\test_outputs\cli_streaming_fast_preview\fused_cube.zarr\1.0.2","REGENERABLE_FUSION_CUBE","4096","BC73F3B68DC42537139A059A46A98173F072C60D2744ACF5FAE9199A908C20E6"
"M0-1","E:\Code\Geocore_M0-1_image_fusion","test_outputs\cli_streaming_fast_preview\fused_cube.zarr\1.0.3","E:\Code\Geocore_M0-1_image_fusion\test_outputs\cli_streaming_fast_preview\fused_cube.zarr\1.0.3","REGENERABLE_FUSION_CUBE","4096","B8AF599BE7D9A527716265E1988B61457C661AC3F6714CA15CDA2E0C9BB92203"
"M0-1","E:\Code\Geocore_M0-1_image_fusion","test_outputs\cli_streaming_fast_preview\fused_cube.zarr\1.1.0","E:\Code\Geocore_M0-1_image_fusion\test_outputs\cli_streaming_fast_preview\fused_cube.zarr\1.1.0","REGENERABLE_FUSION_CUBE","4096","22116A48F6ADC3948B3A0B81E58C9465A1C5AE92753A9BB3205C7367A8080180"
"M0-1","E:\Code\Geocore_M0-1_image_fusion","test_outputs\cli_streaming_fast_preview\fused_cube.zarr\1.1.1","E:\Code\Geocore_M0-1_image_fusion\test_outputs\cli_streaming_fast_preview\fused_cube.zarr\1.1.1","REGENERABLE_FUSION_CUBE","4096","8C6C070D9D37A6F1EFDE7D08DF63A13856D1666087B099B0C9888ABCF35EDAF4"
"M0-1","E:\Code\Geocore_M0-1_image_fusion","test_outputs\cli_streaming_fast_preview\fused_cube.zarr\1.1.2","E:\Code\Geocore_M0-1_image_fusion\test_outputs\cli_streaming_fast_preview\fused_cube.zarr\1.1.2","REGENERABLE_FUSION_CUBE","4096","F8993E1D355981C166CBD3D3109295F1C24E39089A64C5732482D560FDDBA2CB"
"M0-1","E:\Code\Geocore_M0-1_image_fusion","test_outputs\cli_streaming_fast_preview\fused_cube.zarr\1.1.3","E:\Code\Geocore_M0-1_image_fusion\test_outputs\cli_streaming_fast_preview\fused_cube.zarr\1.1.3","REGENERABLE_FUSION_CUBE","4096","798F88A61D266CADEB598F04B2E28ABED2E7CF2F4A819D8A275A84881277ECC9"
"M0-1","E:\Code\Geocore_M0-1_image_fusion","test_outputs\cli_streaming_fast_preview\fused_cube.zarr\1.2.0","E:\Code\Geocore_M0-1_image_fusion\test_outputs\cli_streaming_fast_preview\fused_cube.zarr\1.2.0","REGENERABLE_FUSION_CUBE","4096","71E6FE15221B56E2DFC6F8EC04D03B342F3DF53A9992BF13116D772C4B30BFE3"
"M0-1","E:\Code\Geocore_M0-1_image_fusion","test_outputs\cli_streaming_fast_preview\fused_cube.zarr\1.2.1","E:\Code\Geocore_M0-1_image_fusion\test_outputs\cli_streaming_fast_preview\fused_cube.zarr\1.2.1","REGENERABLE_FUSION_CUBE","4096","45FEFF5430D3D52A5D734A55AF73A2CDF3A4694D035408EB9F0B29DA4F77076F"
"M0-1","E:\Code\Geocore_M0-1_image_fusion","test_outputs\cli_streaming_fast_preview\fused_cube.zarr\1.2.2","E:\Code\Geocore_M0-1_image_fusion\test_outputs\cli_streaming_fast_preview\fused_cube.zarr\1.2.2","REGENERABLE_FUSION_CUBE","4096","6D469570395D9B9E9C8F408243EA771FEDDA5218E5349FCFEC3B5A5AF177D6BC"
"M0-1","E:\Code\Geocore_M0-1_image_fusion","test_outputs\cli_streaming_fast_preview\fused_cube.zarr\1.2.3","E:\Code\Geocore_M0-1_image_fusion\test_outputs\cli_streaming_fast_preview\fused_cube.zarr\1.2.3","REGENERABLE_FUSION_CUBE","4096","7FCAA11AD5F4C11015952135261A4081327896CCE5A402F8990EABF002AE1589"
"M0-1","E:\Code\Geocore_M0-1_image_fusion","test_outputs\cli_streaming_fast_preview\fused_cube.zarr\2.0.0","E:\Code\Geocore_M0-1_image_fusion\test_outputs\cli_streaming_fast_preview\fused_cube.zarr\2.0.0","REGENERABLE_FUSION_CUBE","4096","0D7DEDD9DEE7F4B81E945968A4ECC0F3C58E3081DEF65440C7485B02BB5BA4F3"
"M0-1","E:\Code\Geocore_M0-1_image_fusion","test_outputs\cli_streaming_fast_preview\fused_cube.zarr\2.0.1","E:\Code\Geocore_M0-1_image_fusion\test_outputs\cli_streaming_fast_preview\fused_cube.zarr\2.0.1","REGENERABLE_FUSION_CUBE","4096","72DA74E4C2AD9545553DA80FCB814A57FDFA4E981D1152C6AC08C25828126347"
"M0-1","E:\Code\Geocore_M0-1_image_fusion","test_outputs\cli_streaming_fast_preview\fused_cube.zarr\2.0.2","E:\Code\Geocore_M0-1_image_fusion\test_outputs\cli_streaming_fast_preview\fused_cube.zarr\2.0.2","REGENERABLE_FUSION_CUBE","4096","871A4F86F9A7497BD75EFE931DB885FBA16F2B8B9732E8FE67B49B8CDCF81F0C"
"M0-1","E:\Code\Geocore_M0-1_image_fusion","test_outputs\cli_streaming_fast_preview\fused_cube.zarr\2.0.3","E:\Code\Geocore_M0-1_image_fusion\test_outputs\cli_streaming_fast_preview\fused_cube.zarr\2.0.3","REGENERABLE_FUSION_CUBE","4096","D310F671F346269C0441B0C9868A6ACC3041ACCC776811DBBE71F9F74D89EC9B"
"M0-1","E:\Code\Geocore_M0-1_image_fusion","test_outputs\cli_streaming_fast_preview\fused_cube.zarr\2.1.0","E:\Code\Geocore_M0-1_image_fusion\test_outputs\cli_streaming_fast_preview\fused_cube.zarr\2.1.0","REGENERABLE_FUSION_CUBE","4096","DD2176750705D41990C99820A035B539A2DC59932503040785B876BA64448047"
"M0-1","E:\Code\Geocore_M0-1_image_fusion","test_outputs\cli_streaming_fast_preview\fused_cube.zarr\2.1.1","E:\Code\Geocore_M0-1_image_fusion\test_outputs\cli_streaming_fast_preview\fused_cube.zarr\2.1.1","REGENERABLE_FUSION_CUBE","4096","2A84A1E05B2AC7C12D153D705F163F1CAA9CB3013E3F49D88B3723CC949BBE1B"
"M0-1","E:\Code\Geocore_M0-1_image_fusion","test_outputs\cli_streaming_fast_preview\fused_cube.zarr\2.1.2","E:\Code\Geocore_M0-1_image_fusion\test_outputs\cli_streaming_fast_preview\fused_cube.zarr\2.1.2","REGENERABLE_FUSION_CUBE","4096","AB390DB1C95D043BFEEEF8D260D397EF77900DD64127CC7863F9C9DFF672DCC3"
"M0-1","E:\Code\Geocore_M0-1_image_fusion","test_outputs\cli_streaming_fast_preview\fused_cube.zarr\2.1.3","E:\Code\Geocore_M0-1_image_fusion\test_outputs\cli_streaming_fast_preview\fused_cube.zarr\2.1.3","REGENERABLE_FUSION_CUBE","4096","39AEDF86A39B7D812BE2A719AFC681A1766B2FA431FC2C23DD9DA12989325B15"
"M0-1","E:\Code\Geocore_M0-1_image_fusion","test_outputs\cli_streaming_fast_preview\fused_cube.zarr\2.2.0","E:\Code\Geocore_M0-1_image_fusion\test_outputs\cli_streaming_fast_preview\fused_cube.zarr\2.2.0","REGENERABLE_FUSION_CUBE","4096","9C2554B9AAC40613C2FEA4827FEA5D4B3D5F3818901D4B310E9400DEAD0C388B"
"M0-1","E:\Code\Geocore_M0-1_image_fusion","test_outputs\cli_streaming_fast_preview\fused_cube.zarr\2.2.1","E:\Code\Geocore_M0-1_image_fusion\test_outputs\cli_streaming_fast_preview\fused_cube.zarr\2.2.1","REGENERABLE_FUSION_CUBE","4096","38AE156289C816A1CB765D78D5D7EE1A1235A15A0E0BC0E675B799C359898D72"
"M0-1","E:\Code\Geocore_M0-1_image_fusion","test_outputs\cli_streaming_fast_preview\fused_cube.zarr\2.2.2","E:\Code\Geocore_M0-1_image_fusion\test_outputs\cli_streaming_fast_preview\fused_cube.zarr\2.2.2","REGENERABLE_FUSION_CUBE","4096","13FE0E894E78436CD740D8044B8D5A579B406225796E85516940930B129C4C87"
"M0-1","E:\Code\Geocore_M0-1_image_fusion","test_outputs\cli_streaming_fast_preview\fused_cube.zarr\2.2.3","E:\Code\Geocore_M0-1_image_fusion\test_outputs\cli_streaming_fast_preview\fused_cube.zarr\2.2.3","REGENERABLE_FUSION_CUBE","4096","1C845C74CB44D1AE68C62296C4BA74585F610D6AE8D33673CA95F1326A1162AF"
"M0-1","E:\Code\Geocore_M0-1_image_fusion","test_outputs\cli_streaming_fast_preview\metadata\band_metadata.csv","E:\Code\Geocore_M0-1_image_fusion\test_outputs\cli_streaming_fast_preview\metadata\band_metadata.csv","GENERATED_TEST_OUTPUT","945","F9A682F29C44A534408C1FCA5CF543422D1B4770C617700BE9A480AF840F69A3"
"M0-1","E:\Code\Geocore_M0-1_image_fusion","test_outputs\cli_streaming_fast_preview\metadata\input_metadata.json","E:\Code\Geocore_M0-1_image_fusion\test_outputs\cli_streaming_fast_preview\metadata\input_metadata.json","GENERATED_TEST_OUTPUT","948","AE05C4F43873A110F48B08FCB1C65DA87ECE595043321221864D2FADA0357963"
"M0-1","E:\Code\Geocore_M0-1_image_fusion","test_outputs\cli_streaming_fast_preview\metadata\processing_config.json","E:\Code\Geocore_M0-1_image_fusion\test_outputs\cli_streaming_fast_preview\metadata\processing_config.json","GENERATED_TEST_OUTPUT","510","3F2FBDF5681F45ECC03EF11C6E284DA28175FB566A51080F42C6DFCC651F3E2D"
"M0-1","E:\Code\Geocore_M0-1_image_fusion","test_outputs\cli_streaming_fast_preview\metadata\registration_model.json","E:\Code\Geocore_M0-1_image_fusion\test_outputs\cli_streaming_fast_preview\metadata\registration_model.json","GENERATED_TEST_OUTPUT","437","B6B20F686B2DAB987457A5E73176AA3B02DAA5B6A064E0F8E0070A4EB09994C3"
"M0-1","E:\Code\Geocore_M0-1_image_fusion","test_outputs\cli_streaming_fast_preview\metadata\spectral_stitch_model.json","E:\Code\Geocore_M0-1_image_fusion\test_outputs\cli_streaming_fast_preview\metadata\spectral_stitch_model.json","GENERATED_TEST_OUTPUT","510","D91F7C2F7AB65627374C83D5DFBDF80ABA36A9AFC6981610D2B5AF1867BEB519"
"M0-1","E:\Code\Geocore_M0-1_image_fusion","test_outputs\cli_streaming_fast_preview\metrics\quality_report.json","E:\Code\Geocore_M0-1_image_fusion\test_outputs\cli_streaming_fast_preview\metrics\quality_report.json","GENERATED_TEST_OUTPUT","939","3D8EE5441DD676D77F62088E96F07AF5DBE8EE3E22DC4E5941CF77ED42F76E8F"
"M0-1","E:\Code\Geocore_M0-1_image_fusion","test_outputs\cli_streaming_fast_preview\previews\preview_rgb.png","E:\Code\Geocore_M0-1_image_fusion\test_outputs\cli_streaming_fast_preview\previews\preview_rgb.png","GENERATED_TEST_OUTPUT","4715","37962A461D498A0242E92DAE85A6FC1DE6FFD20C6F95D3657503E7514E3FA264"
"M0-1","E:\Code\Geocore_M0-1_image_fusion","test_outputs\deep_unsupervised\manifest.json","E:\Code\Geocore_M0-1_image_fusion\test_outputs\deep_unsupervised\manifest.json","GENERATED_TEST_OUTPUT","1401","98CAC4AB97EF127D1476FB5FF90F9637E1033AFE801BC0608438388EAD043E8A"
"M0-1","E:\Code\Geocore_M0-1_image_fusion","test_outputs\deep_unsupervised\fused_cube.zarr\.zarray","E:\Code\Geocore_M0-1_image_fusion\test_outputs\deep_unsupervised\fused_cube.zarr\.zarray","REGENERABLE_FUSION_CUBE","217","E2265857CC2687570651A38C6CCD29D55975E99B8621EDF950E6E031281B0A22"
"M0-1","E:\Code\Geocore_M0-1_image_fusion","test_outputs\deep_unsupervised\fused_cube.zarr\.zattrs","E:\Code\Geocore_M0-1_image_fusion\test_outputs\deep_unsupervised\fused_cube.zarr\.zattrs","REGENERABLE_FUSION_CUBE","132","6CEBBF4CF79553240CDA0793CD5BA373B3982B30C4AEC12DE1FB25B1533743FA"
"M0-1","E:\Code\Geocore_M0-1_image_fusion","test_outputs\deep_unsupervised\fused_cube.zarr\0.0.0","E:\Code\Geocore_M0-1_image_fusion\test_outputs\deep_unsupervised\fused_cube.zarr\0.0.0","REGENERABLE_FUSION_CUBE","4096","0E1174D3C8E9879C053BAABD55B51939DF657C1D7E2DE00AE24DBDFD6D4C3A01"
"M0-1","E:\Code\Geocore_M0-1_image_fusion","test_outputs\deep_unsupervised\fused_cube.zarr\0.0.1","E:\Code\Geocore_M0-1_image_fusion\test_outputs\deep_unsupervised\fused_cube.zarr\0.0.1","REGENERABLE_FUSION_CUBE","4096","E5B7EBA7434F198E9D7E24FACA5470378C9192CA9AC7C5CB4493830C90E898A3"
"M0-1","E:\Code\Geocore_M0-1_image_fusion","test_outputs\deep_unsupervised\fused_cube.zarr\0.0.2","E:\Code\Geocore_M0-1_image_fusion\test_outputs\deep_unsupervised\fused_cube.zarr\0.0.2","REGENERABLE_FUSION_CUBE","4096","739739CCDD4AAA707522BCE52D537C9340657654DF7CC4283B4F03F9ADB29856"
"M0-1","E:\Code\Geocore_M0-1_image_fusion","test_outputs\deep_unsupervised\fused_cube.zarr\0.0.3","E:\Code\Geocore_M0-1_image_fusion\test_outputs\deep_unsupervised\fused_cube.zarr\0.0.3","REGENERABLE_FUSION_CUBE","4096","85E4FBD7FAD6C6535B75FB29F3BB3CC108232285F9A6370410464308CC244DE3"
"M0-1","E:\Code\Geocore_M0-1_image_fusion","test_outputs\deep_unsupervised\fused_cube.zarr\0.1.0","E:\Code\Geocore_M0-1_image_fusion\test_outputs\deep_unsupervised\fused_cube.zarr\0.1.0","REGENERABLE_FUSION_CUBE","4096","DCFB6C7D423F161A25EB719C5025F954AB2DDCA8C4D47F43FCC1F2ED543B6308"
"M0-1","E:\Code\Geocore_M0-1_image_fusion","test_outputs\deep_unsupervised\fused_cube.zarr\0.1.1","E:\Code\Geocore_M0-1_image_fusion\test_outputs\deep_unsupervised\fused_cube.zarr\0.1.1","REGENERABLE_FUSION_CUBE","4096","3904EB2508D842F761C0A233918385317F80C4CAE3086FF627D6D946B9CF1495"
"M0-1","E:\Code\Geocore_M0-1_image_fusion","test_outputs\deep_unsupervised\fused_cube.zarr\0.1.2","E:\Code\Geocore_M0-1_image_fusion\test_outputs\deep_unsupervised\fused_cube.zarr\0.1.2","REGENERABLE_FUSION_CUBE","4096","5EC208B14CEFD2521396A93A584336226A7AD80E51EF5B275F4323866767703E"
"M0-1","E:\Code\Geocore_M0-1_image_fusion","test_outputs\deep_unsupervised\fused_cube.zarr\0.1.3","E:\Code\Geocore_M0-1_image_fusion\test_outputs\deep_unsupervised\fused_cube.zarr\0.1.3","REGENERABLE_FUSION_CUBE","4096","CEB2370E45C128C311EBF0C9E73E7BF289EC5D785B0312B9F37FF99434CE54D3"
"M0-1","E:\Code\Geocore_M0-1_image_fusion","test_outputs\deep_unsupervised\fused_cube.zarr\0.2.0","E:\Code\Geocore_M0-1_image_fusion\test_outputs\deep_unsupervised\fused_cube.zarr\0.2.0","REGENERABLE_FUSION_CUBE","4096","913B847A68ECDCBB53919F10473720107AC03C554F128D531D6E2F78DBD29E9E"
"M0-1","E:\Code\Geocore_M0-1_image_fusion","test_outputs\deep_unsupervised\fused_cube.zarr\0.2.1","E:\Code\Geocore_M0-1_image_fusion\test_outputs\deep_unsupervised\fused_cube.zarr\0.2.1","REGENERABLE_FUSION_CUBE","4096","CD464D773C1E2FB501CBCA0E8BF41B0FA6F0452F4FE077B8AF97771DE353B105"
"M0-1","E:\Code\Geocore_M0-1_image_fusion","test_outputs\deep_unsupervised\fused_cube.zarr\0.2.2","E:\Code\Geocore_M0-1_image_fusion\test_outputs\deep_unsupervised\fused_cube.zarr\0.2.2","REGENERABLE_FUSION_CUBE","4096","3AA86AD76AED7CAB8AFC930135F2A165E87D29F509845DE9E51146CCFE512A93"
"M0-1","E:\Code\Geocore_M0-1_image_fusion","test_outputs\deep_unsupervised\fused_cube.zarr\0.2.3","E:\Code\Geocore_M0-1_image_fusion\test_outputs\deep_unsupervised\fused_cube.zarr\0.2.3","REGENERABLE_FUSION_CUBE","4096","8BAB7DCB42EB2B130CF1C834019220A4BDBA303503D0F428DD6840BB7C1F99C8"
"M0-1","E:\Code\Geocore_M0-1_image_fusion","test_outputs\deep_unsupervised\fused_cube.zarr\0.3.0","E:\Code\Geocore_M0-1_image_fusion\test_outputs\deep_unsupervised\fused_cube.zarr\0.3.0","REGENERABLE_FUSION_CUBE","4096","180096B32E9B84A605DD2BF321B6B43D5D84EEC55FC32524B97320BF64DA5F43"
"M0-1","E:\Code\Geocore_M0-1_image_fusion","test_outputs\deep_unsupervised\fused_cube.zarr\0.3.1","E:\Code\Geocore_M0-1_image_fusion\test_outputs\deep_unsupervised\fused_cube.zarr\0.3.1","REGENERABLE_FUSION_CUBE","4096","C646BD5B3450406FE604D1E00B09633801E2E802F2A617AD15574C5A18614C5E"
"M0-1","E:\Code\Geocore_M0-1_image_fusion","test_outputs\deep_unsupervised\fused_cube.zarr\0.3.2","E:\Code\Geocore_M0-1_image_fusion\test_outputs\deep_unsupervised\fused_cube.zarr\0.3.2","REGENERABLE_FUSION_CUBE","4096","7075CAA207E355049F26A5FA8C3901F6CE8227E5AB628165046713268C255A98"
"M0-1","E:\Code\Geocore_M0-1_image_fusion","test_outputs\deep_unsupervised\fused_cube.zarr\0.3.3","E:\Code\Geocore_M0-1_image_fusion\test_outputs\deep_unsupervised\fused_cube.zarr\0.3.3","REGENERABLE_FUSION_CUBE","4096","1B459877C9DA0A9B91812081E3B2EE29F6563A6AC6FF5897A66F097960A309FC"
"M0-1","E:\Code\Geocore_M0-1_image_fusion","test_outputs\deep_unsupervised\fused_cube.zarr\1.0.0","E:\Code\Geocore_M0-1_image_fusion\test_outputs\deep_unsupervised\fused_cube.zarr\1.0.0","REGENERABLE_FUSION_CUBE","4096","55EBB1C925566580FA74FFA5A751E7C2206BD5F236E148A151595AD9BE4C25A3"
"M0-1","E:\Code\Geocore_M0-1_image_fusion","test_outputs\deep_unsupervised\fused_cube.zarr\1.0.1","E:\Code\Geocore_M0-1_image_fusion\test_outputs\deep_unsupervised\fused_cube.zarr\1.0.1","REGENERABLE_FUSION_CUBE","4096","DFEDD9D6C8EDEBE937E5EA35CD4A38BE98ABFB382D9E474A43606328A53CCD14"
"M0-1","E:\Code\Geocore_M0-1_image_fusion","test_outputs\deep_unsupervised\fused_cube.zarr\1.0.2","E:\Code\Geocore_M0-1_image_fusion\test_outputs\deep_unsupervised\fused_cube.zarr\1.0.2","REGENERABLE_FUSION_CUBE","4096","716315755A22015E0FB13AB4ACF7632D44FBF84A253E744869992FE26D154410"
"M0-1","E:\Code\Geocore_M0-1_image_fusion","test_outputs\deep_unsupervised\fused_cube.zarr\1.0.3","E:\Code\Geocore_M0-1_image_fusion\test_outputs\deep_unsupervised\fused_cube.zarr\1.0.3","REGENERABLE_FUSION_CUBE","4096","303911233D972806606D77C740819C1332B8BDF416B8514C48BA3E7270DD7E07"
"M0-1","E:\Code\Geocore_M0-1_image_fusion","test_outputs\deep_unsupervised\fused_cube.zarr\1.1.0","E:\Code\Geocore_M0-1_image_fusion\test_outputs\deep_unsupervised\fused_cube.zarr\1.1.0","REGENERABLE_FUSION_CUBE","4096","B68738CFD193AD671CB980EE751B99A283E1451BCF66C52187EEC37BB5DD1130"
"M0-1","E:\Code\Geocore_M0-1_image_fusion","test_outputs\deep_unsupervised\fused_cube.zarr\1.1.1","E:\Code\Geocore_M0-1_image_fusion\test_outputs\deep_unsupervised\fused_cube.zarr\1.1.1","REGENERABLE_FUSION_CUBE","4096","95D7FBEED5A48BEDC28CB0588DA21C4C9757AAEF0B0BFF2C9C17490857AF696B"
"M0-1","E:\Code\Geocore_M0-1_image_fusion","test_outputs\deep_unsupervised\fused_cube.zarr\1.1.2","E:\Code\Geocore_M0-1_image_fusion\test_outputs\deep_unsupervised\fused_cube.zarr\1.1.2","REGENERABLE_FUSION_CUBE","4096","A52235B0668E1F344C1A920EBFDCB63A24018543D305C2761558B1C8CB7BD3AD"
"M0-1","E:\Code\Geocore_M0-1_image_fusion","test_outputs\deep_unsupervised\fused_cube.zarr\1.1.3","E:\Code\Geocore_M0-1_image_fusion\test_outputs\deep_unsupervised\fused_cube.zarr\1.1.3","REGENERABLE_FUSION_CUBE","4096","B58C2F3BAF1EDC0D7A49E21D08FB7AA81C0848E88DD466602B9002F189BF2323"
"M0-1","E:\Code\Geocore_M0-1_image_fusion","test_outputs\deep_unsupervised\fused_cube.zarr\1.2.0","E:\Code\Geocore_M0-1_image_fusion\test_outputs\deep_unsupervised\fused_cube.zarr\1.2.0","REGENERABLE_FUSION_CUBE","4096","0E661E8C378341906985414E5E5751BD6D468913768C47AA2044272602171DE2"
"M0-1","E:\Code\Geocore_M0-1_image_fusion","test_outputs\deep_unsupervised\fused_cube.zarr\1.2.1","E:\Code\Geocore_M0-1_image_fusion\test_outputs\deep_unsupervised\fused_cube.zarr\1.2.1","REGENERABLE_FUSION_CUBE","4096","50508BD01EFC40E366C14C0632276C497E845E77285871D7BE8CE3440C7FAB83"
"M0-1","E:\Code\Geocore_M0-1_image_fusion","test_outputs\deep_unsupervised\fused_cube.zarr\1.2.2","E:\Code\Geocore_M0-1_image_fusion\test_outputs\deep_unsupervised\fused_cube.zarr\1.2.2","REGENERABLE_FUSION_CUBE","4096","3B2888444E058A22C9ACE5324B9CCC75865D6BEB635EFC71402C9888180D83E0"
"M0-1","E:\Code\Geocore_M0-1_image_fusion","test_outputs\deep_unsupervised\fused_cube.zarr\1.2.3","E:\Code\Geocore_M0-1_image_fusion\test_outputs\deep_unsupervised\fused_cube.zarr\1.2.3","REGENERABLE_FUSION_CUBE","4096","5B2BF2DC1EBD1E6EAA1A4F16F3AD772DBD45994958AD5F882DAC1BB84B81882A"
"M0-1","E:\Code\Geocore_M0-1_image_fusion","test_outputs\deep_unsupervised\fused_cube.zarr\1.3.0","E:\Code\Geocore_M0-1_image_fusion\test_outputs\deep_unsupervised\fused_cube.zarr\1.3.0","REGENERABLE_FUSION_CUBE","4096","90776C55564D1E2B9E49AC3A1D31741206FE89889DC3108A18B244167D145221"
"M0-1","E:\Code\Geocore_M0-1_image_fusion","test_outputs\deep_unsupervised\fused_cube.zarr\1.3.1","E:\Code\Geocore_M0-1_image_fusion\test_outputs\deep_unsupervised\fused_cube.zarr\1.3.1","REGENERABLE_FUSION_CUBE","4096","C6A42F69E91B70A8C8C136423E4E0C095CB8035A4883371E106C189D8F1E6B0E"
"M0-1","E:\Code\Geocore_M0-1_image_fusion","test_outputs\deep_unsupervised\fused_cube.zarr\1.3.2","E:\Code\Geocore_M0-1_image_fusion\test_outputs\deep_unsupervised\fused_cube.zarr\1.3.2","REGENERABLE_FUSION_CUBE","4096","EE1277C7FABE5BFABFDC21A8A598EAC9EE359771962313F6029425D205232EB6"
"M0-1","E:\Code\Geocore_M0-1_image_fusion","test_outputs\deep_unsupervised\fused_cube.zarr\1.3.3","E:\Code\Geocore_M0-1_image_fusion\test_outputs\deep_unsupervised\fused_cube.zarr\1.3.3","REGENERABLE_FUSION_CUBE","4096","5354BFB9D08EA7B553D4963A904E64539D0B847F691631A9DFEA1202FF63D3CD"
"M0-1","E:\Code\Geocore_M0-1_image_fusion","test_outputs\deep_unsupervised\fused_cube.zarr\2.0.0","E:\Code\Geocore_M0-1_image_fusion\test_outputs\deep_unsupervised\fused_cube.zarr\2.0.0","REGENERABLE_FUSION_CUBE","4096","5D07A58DACA4945BCEF0D5DD301A0DB169210017B24978FBB4F870628D314260"
"M0-1","E:\Code\Geocore_M0-1_image_fusion","test_outputs\deep_unsupervised\fused_cube.zarr\2.0.1","E:\Code\Geocore_M0-1_image_fusion\test_outputs\deep_unsupervised\fused_cube.zarr\2.0.1","REGENERABLE_FUSION_CUBE","4096","5462EEF1AF77335E3737EE4DE414D706B44A42E2534C94AA5D8C112CB9251863"
"M0-1","E:\Code\Geocore_M0-1_image_fusion","test_outputs\deep_unsupervised\fused_cube.zarr\2.0.2","E:\Code\Geocore_M0-1_image_fusion\test_outputs\deep_unsupervised\fused_cube.zarr\2.0.2","REGENERABLE_FUSION_CUBE","4096","0B7539A8615452B9F88D06BE69213A468D4E30A0BC2C2739225ABB8B08152FD7"
"M0-1","E:\Code\Geocore_M0-1_image_fusion","test_outputs\deep_unsupervised\fused_cube.zarr\2.0.3","E:\Code\Geocore_M0-1_image_fusion\test_outputs\deep_unsupervised\fused_cube.zarr\2.0.3","REGENERABLE_FUSION_CUBE","4096","32B90A312AC740595CDC873A30FCC18250268C8CF471F1D821EF8D989D3C809B"
"M0-1","E:\Code\Geocore_M0-1_image_fusion","test_outputs\deep_unsupervised\fused_cube.zarr\2.1.0","E:\Code\Geocore_M0-1_image_fusion\test_outputs\deep_unsupervised\fused_cube.zarr\2.1.0","REGENERABLE_FUSION_CUBE","4096","AFEB3F7AEB4F9A2C2683E67E8B59E5AA64688D4846DAF44CE2E430FC38C55C7D"
"M0-1","E:\Code\Geocore_M0-1_image_fusion","test_outputs\deep_unsupervised\fused_cube.zarr\2.1.1","E:\Code\Geocore_M0-1_image_fusion\test_outputs\deep_unsupervised\fused_cube.zarr\2.1.1","REGENERABLE_FUSION_CUBE","4096","C01CE6A135455F4FBE888E0E28791AF5EC5BA97E1DFF959BE99D0591B96D9FF7"
"M0-1","E:\Code\Geocore_M0-1_image_fusion","test_outputs\deep_unsupervised\fused_cube.zarr\2.1.2","E:\Code\Geocore_M0-1_image_fusion\test_outputs\deep_unsupervised\fused_cube.zarr\2.1.2","REGENERABLE_FUSION_CUBE","4096","3CFFE076256CCA50994F7565EAEDC1F9AE7B640178B24170E8F6A1281A1EB487"
"M0-1","E:\Code\Geocore_M0-1_image_fusion","test_outputs\deep_unsupervised\fused_cube.zarr\2.1.3","E:\Code\Geocore_M0-1_image_fusion\test_outputs\deep_unsupervised\fused_cube.zarr\2.1.3","REGENERABLE_FUSION_CUBE","4096","6886ECEE0CAD5AC547624150A183284564B13ACE595D1330582168F0687D5068"
"M0-1","E:\Code\Geocore_M0-1_image_fusion","test_outputs\deep_unsupervised\fused_cube.zarr\2.2.0","E:\Code\Geocore_M0-1_image_fusion\test_outputs\deep_unsupervised\fused_cube.zarr\2.2.0","REGENERABLE_FUSION_CUBE","4096","759CC34B1372D01921B72FB0EA91FB0068C5E952F60787A344F25380244CF4E8"
"M0-1","E:\Code\Geocore_M0-1_image_fusion","test_outputs\deep_unsupervised\fused_cube.zarr\2.2.1","E:\Code\Geocore_M0-1_image_fusion\test_outputs\deep_unsupervised\fused_cube.zarr\2.2.1","REGENERABLE_FUSION_CUBE","4096","805E93368B044640DA59323E69618C6E97F0DD3870A07B029CB22FC01C1B898C"
"M0-1","E:\Code\Geocore_M0-1_image_fusion","test_outputs\deep_unsupervised\fused_cube.zarr\2.2.2","E:\Code\Geocore_M0-1_image_fusion\test_outputs\deep_unsupervised\fused_cube.zarr\2.2.2","REGENERABLE_FUSION_CUBE","4096","3488ED3EEC0F97DB4FFB4340BDCBA1F263526D3C22744EF8E8F9C34184BDB440"
"M0-1","E:\Code\Geocore_M0-1_image_fusion","test_outputs\deep_unsupervised\fused_cube.zarr\2.2.3","E:\Code\Geocore_M0-1_image_fusion\test_outputs\deep_unsupervised\fused_cube.zarr\2.2.3","REGENERABLE_FUSION_CUBE","4096","BFDF80D594DB3DE7B3037516D5FFFFA3B70FB2A11459811194F90E922448F941"
"M0-1","E:\Code\Geocore_M0-1_image_fusion","test_outputs\deep_unsupervised\fused_cube.zarr\2.3.0","E:\Code\Geocore_M0-1_image_fusion\test_outputs\deep_unsupervised\fused_cube.zarr\2.3.0","REGENERABLE_FUSION_CUBE","4096","D138B6B3DA0AC1A94447D803822A705709543F023656178BCFBC2FDF0410AA5A"
"M0-1","E:\Code\Geocore_M0-1_image_fusion","test_outputs\deep_unsupervised\fused_cube.zarr\2.3.1","E:\Code\Geocore_M0-1_image_fusion\test_outputs\deep_unsupervised\fused_cube.zarr\2.3.1","REGENERABLE_FUSION_CUBE","4096","3F0BC5B00E8BE63DB06CE7E05184BAD75EFAFB67B78D4423AF1F9A7555C2BF96"
"M0-1","E:\Code\Geocore_M0-1_image_fusion","test_outputs\deep_unsupervised\fused_cube.zarr\2.3.2","E:\Code\Geocore_M0-1_image_fusion\test_outputs\deep_unsupervised\fused_cube.zarr\2.3.2","REGENERABLE_FUSION_CUBE","4096","29A685BC37688432590EC816BAD2AAE211F191FAA1D4B9AE9F857509708B17F3"
"M0-1","E:\Code\Geocore_M0-1_image_fusion","test_outputs\deep_unsupervised\fused_cube.zarr\2.3.3","E:\Code\Geocore_M0-1_image_fusion\test_outputs\deep_unsupervised\fused_cube.zarr\2.3.3","REGENERABLE_FUSION_CUBE","4096","68C44591963ABAEAB6E56851804B12F697498505022D66368FF9747643FC48BB"
"M0-1","E:\Code\Geocore_M0-1_image_fusion","test_outputs\deep_unsupervised\metadata\band_metadata.csv","E:\Code\Geocore_M0-1_image_fusion\test_outputs\deep_unsupervised\metadata\band_metadata.csv","GENERATED_TEST_OUTPUT","945","F9A682F29C44A534408C1FCA5CF543422D1B4770C617700BE9A480AF840F69A3"
"M0-1","E:\Code\Geocore_M0-1_image_fusion","test_outputs\deep_unsupervised\metadata\input_metadata.json","E:\Code\Geocore_M0-1_image_fusion\test_outputs\deep_unsupervised\metadata\input_metadata.json","GENERATED_TEST_OUTPUT","29","1C070E3245F639C753FDB9910A6D1E8F32190BFD1010AF0739E4B84F6B6CF1FA"
"M0-1","E:\Code\Geocore_M0-1_image_fusion","test_outputs\deep_unsupervised\metadata\processing_config.json","E:\Code\Geocore_M0-1_image_fusion\test_outputs\deep_unsupervised\metadata\processing_config.json","GENERATED_TEST_OUTPUT","623","2B66F16679A327FDC42A45F3E4904278D05B67593C0FB6A2BE021186056BC82B"
"M0-1","E:\Code\Geocore_M0-1_image_fusion","test_outputs\deep_unsupervised\metadata\registration_model.json","E:\Code\Geocore_M0-1_image_fusion\test_outputs\deep_unsupervised\metadata\registration_model.json","GENERATED_TEST_OUTPUT","499","B47FADBD275FB80F7607D02E889DB2D0B274F4DEE4279734C484DBA3E3891BB1"
"M0-1","E:\Code\Geocore_M0-1_image_fusion","test_outputs\deep_unsupervised\metadata\spectral_stitch_model.json","E:\Code\Geocore_M0-1_image_fusion\test_outputs\deep_unsupervised\metadata\spectral_stitch_model.json","GENERATED_TEST_OUTPUT","510","AB116CFB0254EB60921EBA168407F2FF926A5D56F1E6DEA4AE74066FE729270C"
"M0-1","E:\Code\Geocore_M0-1_image_fusion","test_outputs\deep_unsupervised\metrics\quality_report.json","E:\Code\Geocore_M0-1_image_fusion\test_outputs\deep_unsupervised\metrics\quality_report.json","GENERATED_TEST_OUTPUT","1190","440F6F3E92D37CB63A327BDA0706118B070F4529D463557F5D5A3F3B6EC9590D"
"M0-1","E:\Code\Geocore_M0-1_image_fusion","test_outputs\deep_unsupervised\previews\preview_falsecolor_full.png","E:\Code\Geocore_M0-1_image_fusion\test_outputs\deep_unsupervised\previews\preview_falsecolor_full.png","GENERATED_TEST_OUTPUT","7695","17A2310BFE590D12D1BF236B539A9DE1E892EF544ABCD7CB76AA5D876B91A7BA"
"M0-1","E:\Code\Geocore_M0-1_image_fusion","test_outputs\deep_unsupervised\previews\preview_mean_reflectance.png","E:\Code\Geocore_M0-1_image_fusion\test_outputs\deep_unsupervised\previews\preview_mean_reflectance.png","GENERATED_TEST_OUTPUT","2621","3AC3BC3F316EAD84495F38B6CB52A37457DC7FB168BE0CCF96F32D2599DA8289"
"M0-1","E:\Code\Geocore_M0-1_image_fusion","test_outputs\deep_unsupervised\previews\preview_rgb.png","E:\Code\Geocore_M0-1_image_fusion\test_outputs\deep_unsupervised\previews\preview_rgb.png","GENERATED_TEST_OUTPUT","6963","DD052337CF5242DF186748213858E24085880FED586E0BEDBD236CD7596D868F"
"M0-1","E:\Code\Geocore_M0-1_image_fusion","test_outputs\envi_fusion\manifest.json","E:\Code\Geocore_M0-1_image_fusion\test_outputs\envi_fusion\manifest.json","GENERATED_TEST_OUTPUT","1200","0323186F6D271A08EB085DE0D16D2F80F93366DBB06382D0CBF9C3FB88FB030C"
"M0-1","E:\Code\Geocore_M0-1_image_fusion","test_outputs\envi_fusion\fused_cube.zarr\.zarray","E:\Code\Geocore_M0-1_image_fusion\test_outputs\envi_fusion\fused_cube.zarr\.zarray","REGENERABLE_FUSION_CUBE","217","5B4AB069EEC8864283A76F394D936317E1BDEA6A8CBA9B9EC091241932A29960"
"M0-1","E:\Code\Geocore_M0-1_image_fusion","test_outputs\envi_fusion\fused_cube.zarr\.zattrs","E:\Code\Geocore_M0-1_image_fusion\test_outputs\envi_fusion\fused_cube.zarr\.zattrs","REGENERABLE_FUSION_CUBE","128","A3052621C0A60BE5A601846B679C5ADC2F258FD27C85E4E14B1C3B86FBF29FB0"
"M0-1","E:\Code\Geocore_M0-1_image_fusion","test_outputs\envi_fusion\fused_cube.zarr\0.0.0","E:\Code\Geocore_M0-1_image_fusion\test_outputs\envi_fusion\fused_cube.zarr\0.0.0","REGENERABLE_FUSION_CUBE","4096","17CE1B7F6F65402C4B0DE5FF0F12186562AE71885E0132C6F18602ACEF2E8DB0"
"M0-1","E:\Code\Geocore_M0-1_image_fusion","test_outputs\envi_fusion\fused_cube.zarr\0.0.1","E:\Code\Geocore_M0-1_image_fusion\test_outputs\envi_fusion\fused_cube.zarr\0.0.1","REGENERABLE_FUSION_CUBE","4096","6BDFFE87D1D88686270AD4744CFD19BBFC9550122DB972FAA9B13A90E2E203E5"
"M0-1","E:\Code\Geocore_M0-1_image_fusion","test_outputs\envi_fusion\fused_cube.zarr\0.0.2","E:\Code\Geocore_M0-1_image_fusion\test_outputs\envi_fusion\fused_cube.zarr\0.0.2","REGENERABLE_FUSION_CUBE","4096","B4EFF33EFC8EECDCE132C513F044B0CC9F80932F1DB3630756BC6DB64DE9B947"
"M0-1","E:\Code\Geocore_M0-1_image_fusion","test_outputs\envi_fusion\fused_cube.zarr\0.0.3","E:\Code\Geocore_M0-1_image_fusion\test_outputs\envi_fusion\fused_cube.zarr\0.0.3","REGENERABLE_FUSION_CUBE","4096","1815A32BD811FFF1CBC8A45AA883D1244DC08C8F305E7E5CA51FCBDD6BE688C0"
"M0-1","E:\Code\Geocore_M0-1_image_fusion","test_outputs\envi_fusion\fused_cube.zarr\0.1.0","E:\Code\Geocore_M0-1_image_fusion\test_outputs\envi_fusion\fused_cube.zarr\0.1.0","REGENERABLE_FUSION_CUBE","4096","C5F2F4A7B5D1A1BB3D282A441570BED3C222934792368A0ABB985379E269B6AF"
"M0-1","E:\Code\Geocore_M0-1_image_fusion","test_outputs\envi_fusion\fused_cube.zarr\0.1.1","E:\Code\Geocore_M0-1_image_fusion\test_outputs\envi_fusion\fused_cube.zarr\0.1.1","REGENERABLE_FUSION_CUBE","4096","E1E0E669654D02943C4FC4A245F7E9EF9BB106560A914349F1B4C3003DC2CED1"
"M0-1","E:\Code\Geocore_M0-1_image_fusion","test_outputs\envi_fusion\fused_cube.zarr\0.1.2","E:\Code\Geocore_M0-1_image_fusion\test_outputs\envi_fusion\fused_cube.zarr\0.1.2","REGENERABLE_FUSION_CUBE","4096","F44CC2071C6F4C234379689B4BF222636F648B71A11CDD66A0DB5176D45F350A"
"M0-1","E:\Code\Geocore_M0-1_image_fusion","test_outputs\envi_fusion\fused_cube.zarr\0.1.3","E:\Code\Geocore_M0-1_image_fusion\test_outputs\envi_fusion\fused_cube.zarr\0.1.3","REGENERABLE_FUSION_CUBE","4096","EA95D9CED127D344DB3657DF2250D31B3B35891644B66A8D1E7D4C27CDEA1F48"
"M0-1","E:\Code\Geocore_M0-1_image_fusion","test_outputs\envi_fusion\fused_cube.zarr\0.2.0","E:\Code\Geocore_M0-1_image_fusion\test_outputs\envi_fusion\fused_cube.zarr\0.2.0","REGENERABLE_FUSION_CUBE","4096","1900760C9D87CC33BD5A95E903E0C23EF70BE67C645345E45E03FB654BCFEFCC"
"M0-1","E:\Code\Geocore_M0-1_image_fusion","test_outputs\envi_fusion\fused_cube.zarr\0.2.1","E:\Code\Geocore_M0-1_image_fusion\test_outputs\envi_fusion\fused_cube.zarr\0.2.1","REGENERABLE_FUSION_CUBE","4096","9643E5709A823D8AF24F13892FAB5CD79CF2E390E13BF9939A0E513F7F7A2AFB"
"M0-1","E:\Code\Geocore_M0-1_image_fusion","test_outputs\envi_fusion\fused_cube.zarr\0.2.2","E:\Code\Geocore_M0-1_image_fusion\test_outputs\envi_fusion\fused_cube.zarr\0.2.2","REGENERABLE_FUSION_CUBE","4096","C460C1B7C8FF57C6366E802273B5D795AC4C8E167151EA7F026871C8B5D242BD"
"M0-1","E:\Code\Geocore_M0-1_image_fusion","test_outputs\envi_fusion\fused_cube.zarr\0.2.3","E:\Code\Geocore_M0-1_image_fusion\test_outputs\envi_fusion\fused_cube.zarr\0.2.3","REGENERABLE_FUSION_CUBE","4096","F06E978C6C70E07E1F1ADF869F30965F301F18C22B9DAD254E6E590BB26BB537"
"M0-1","E:\Code\Geocore_M0-1_image_fusion","test_outputs\envi_fusion\fused_cube.zarr\1.0.0","E:\Code\Geocore_M0-1_image_fusion\test_outputs\envi_fusion\fused_cube.zarr\1.0.0","REGENERABLE_FUSION_CUBE","4096","9CA6EC23929387ED6964A8D3EAEEB5888EDD5A5A94157365E72A27D2ED383805"
"M0-1","E:\Code\Geocore_M0-1_image_fusion","test_outputs\envi_fusion\fused_cube.zarr\1.0.1","E:\Code\Geocore_M0-1_image_fusion\test_outputs\envi_fusion\fused_cube.zarr\1.0.1","REGENERABLE_FUSION_CUBE","4096","A950470B05BDD224A7A3C995FF1EE2FB3FDB13B89CF68BFAF17904FFBD79B556"
"M0-1","E:\Code\Geocore_M0-1_image_fusion","test_outputs\envi_fusion\fused_cube.zarr\1.0.2","E:\Code\Geocore_M0-1_image_fusion\test_outputs\envi_fusion\fused_cube.zarr\1.0.2","REGENERABLE_FUSION_CUBE","4096","1C3A285EAEF43E76C69ED07EC355787F22FB243E4A94495A219E0A199DE86F62"
"M0-1","E:\Code\Geocore_M0-1_image_fusion","test_outputs\envi_fusion\fused_cube.zarr\1.0.3","E:\Code\Geocore_M0-1_image_fusion\test_outputs\envi_fusion\fused_cube.zarr\1.0.3","REGENERABLE_FUSION_CUBE","4096","E94CDFC9D288F72C9544420D1D89F5CA361CA017850443C8B518590B37E33DD2"
"M0-1","E:\Code\Geocore_M0-1_image_fusion","test_outputs\envi_fusion\fused_cube.zarr\1.1.0","E:\Code\Geocore_M0-1_image_fusion\test_outputs\envi_fusion\fused_cube.zarr\1.1.0","REGENERABLE_FUSION_CUBE","4096","95C3B17BB53D37F04CC717E59C903C9167241D18E9276989D6F239E49E66A16F"
"M0-1","E:\Code\Geocore_M0-1_image_fusion","test_outputs\envi_fusion\fused_cube.zarr\1.1.1","E:\Code\Geocore_M0-1_image_fusion\test_outputs\envi_fusion\fused_cube.zarr\1.1.1","REGENERABLE_FUSION_CUBE","4096","F285D6B9BA4CE9CD28A90400C5290A0EF813B4B5DA026FBB1BF439D141F7C5FE"
"M0-1","E:\Code\Geocore_M0-1_image_fusion","test_outputs\envi_fusion\fused_cube.zarr\1.1.2","E:\Code\Geocore_M0-1_image_fusion\test_outputs\envi_fusion\fused_cube.zarr\1.1.2","REGENERABLE_FUSION_CUBE","4096","B9274353DD0932D3BC6997AF57F997094C46EF8309C480EC2C76D8D266FF3B90"
"M0-1","E:\Code\Geocore_M0-1_image_fusion","test_outputs\envi_fusion\fused_cube.zarr\1.1.3","E:\Code\Geocore_M0-1_image_fusion\test_outputs\envi_fusion\fused_cube.zarr\1.1.3","REGENERABLE_FUSION_CUBE","4096","4418AFE7576FACC7B5C80F4599B808A918194458383F9EFF5D62A77C8C3410F4"
"M0-1","E:\Code\Geocore_M0-1_image_fusion","test_outputs\envi_fusion\fused_cube.zarr\1.2.0","E:\Code\Geocore_M0-1_image_fusion\test_outputs\envi_fusion\fused_cube.zarr\1.2.0","REGENERABLE_FUSION_CUBE","4096","376C6D2C3DA4494D986FE4D2F54D2142C16658EDCC18CCDE8885F97239D0B48D"
"M0-1","E:\Code\Geocore_M0-1_image_fusion","test_outputs\envi_fusion\fused_cube.zarr\1.2.1","E:\Code\Geocore_M0-1_image_fusion\test_outputs\envi_fusion\fused_cube.zarr\1.2.1","REGENERABLE_FUSION_CUBE","4096","16967A9BD76A5EA3B8F1AECD0CF22467924F4D315421981B8ABCB79E1703DB23"
"M0-1","E:\Code\Geocore_M0-1_image_fusion","test_outputs\envi_fusion\fused_cube.zarr\1.2.2","E:\Code\Geocore_M0-1_image_fusion\test_outputs\envi_fusion\fused_cube.zarr\1.2.2","REGENERABLE_FUSION_CUBE","4096","171612188C75BF7492C44184425585B6F7E690E674AC61F11839CFAB5FB60B95"
"M0-1","E:\Code\Geocore_M0-1_image_fusion","test_outputs\envi_fusion\fused_cube.zarr\1.2.3","E:\Code\Geocore_M0-1_image_fusion\test_outputs\envi_fusion\fused_cube.zarr\1.2.3","REGENERABLE_FUSION_CUBE","4096","B803E97023F4812978D182FAE9A45C87F0F4B780FB91CD95303F7FDDDE672132"
"M0-1","E:\Code\Geocore_M0-1_image_fusion","test_outputs\envi_fusion\metadata\band_metadata.csv","E:\Code\Geocore_M0-1_image_fusion\test_outputs\envi_fusion\metadata\band_metadata.csv","GENERATED_TEST_OUTPUT","945","F9A682F29C44A534408C1FCA5CF543422D1B4770C617700BE9A480AF840F69A3"
"M0-1","E:\Code\Geocore_M0-1_image_fusion","test_outputs\envi_fusion\metadata\input_metadata.json","E:\Code\Geocore_M0-1_image_fusion\test_outputs\envi_fusion\metadata\input_metadata.json","GENERATED_TEST_OUTPUT","1138","D6193ABCAB77522681FFF8976ABC051F44CAFDAA8F9E6858AC35905899A63623"
"M0-1","E:\Code\Geocore_M0-1_image_fusion","test_outputs\envi_fusion\metadata\processing_config.json","E:\Code\Geocore_M0-1_image_fusion\test_outputs\envi_fusion\metadata\processing_config.json","GENERATED_TEST_OUTPUT","622","A8D4F859D4D4D1A1EECA5C51A8D1621D9FD1FB7DE73F4DD222E0BBB1C18D5BB0"
"M0-1","E:\Code\Geocore_M0-1_image_fusion","test_outputs\envi_fusion\metadata\registration_model.json","E:\Code\Geocore_M0-1_image_fusion\test_outputs\envi_fusion\metadata\registration_model.json","GENERATED_TEST_OUTPUT","499","631749A523FA0B02A12BA9B7AA638C8A2C769DC56CCA00AD47E40FCB37C3FF44"
"M0-1","E:\Code\Geocore_M0-1_image_fusion","test_outputs\envi_fusion\metadata\spectral_stitch_model.json","E:\Code\Geocore_M0-1_image_fusion\test_outputs\envi_fusion\metadata\spectral_stitch_model.json","GENERATED_TEST_OUTPUT","512","5A0AEB9F89DDDCD19F8481BDA6D980BB4DA712CB1199D28987E8DCB075026517"
"M0-1","E:\Code\Geocore_M0-1_image_fusion","test_outputs\envi_fusion\metrics\quality_report.json","E:\Code\Geocore_M0-1_image_fusion\test_outputs\envi_fusion\metrics\quality_report.json","GENERATED_TEST_OUTPUT","669","91DE6AE5A3582E294DDE59B242785474F65E6E3BF1762B3E0DD5DA97F2A75FFD"
"M0-1","E:\Code\Geocore_M0-1_image_fusion","test_outputs\envi_inputs\nir.dat","E:\Code\Geocore_M0-1_image_fusion\test_outputs\envi_inputs\nir.dat","GENERATED_TEST_OUTPUT","2240","69E969FFA3458B19893DB1BC4C99B8320DDA2159CFD537FED9F6DCFB60944A51"
"M0-1","E:\Code\Geocore_M0-1_image_fusion","test_outputs\envi_inputs\nir.hdr","E:\Code\Geocore_M0-1_image_fusion\test_outputs\envi_inputs\nir.hdr","GENERATED_TEST_OUTPUT","235","AEBA20C1DE59B20C6F1A9F577AA368293CF0570FAAE821435F5ADA1F438EC0BC"
"M0-1","E:\Code\Geocore_M0-1_image_fusion","test_outputs\envi_inputs\rgb.dat","E:\Code\Geocore_M0-1_image_fusion\test_outputs\envi_inputs\rgb.dat","GENERATED_TEST_OUTPUT","3840","3771A2B33ADAC97018E27D7301F9A62A82A35762947C2BCA0A38663319BF0FE7"
"M0-1","E:\Code\Geocore_M0-1_image_fusion","test_outputs\envi_inputs\rgb.hdr","E:\Code\Geocore_M0-1_image_fusion\test_outputs\envi_inputs\rgb.hdr","GENERATED_TEST_OUTPUT","183","8B83877D8B73F7F433DA8E724BFD1116C24455EFAEEE087B9A13D9D61474F1BD"
"M0-1","E:\Code\Geocore_M0-1_image_fusion","test_outputs\envi_inputs\swir.dat","E:\Code\Geocore_M0-1_image_fusion\test_outputs\envi_inputs\swir.dat","GENERATED_TEST_OUTPUT","2520","E211BFBC3AAC5039AC200FF653AD22314FA71650247ECFB4CEFC3AB5A4A07DCD"
"M0-1","E:\Code\Geocore_M0-1_image_fusion","test_outputs\envi_inputs\swir.hdr","E:\Code\Geocore_M0-1_image_fusion\test_outputs\envi_inputs\swir.hdr","GENERATED_TEST_OUTPUT","239","CBCF0716E47DCE2D636E1FFBBC41696383A98AAC4381E21BA7A4048B161B2911"
"M0-1","E:\Code\Geocore_M0-1_image_fusion","test_outputs\fast_preview\manifest.json","E:\Code\Geocore_M0-1_image_fusion\test_outputs\fast_preview\manifest.json","GENERATED_TEST_OUTPUT","1396","9B74D36455E8C6ECE7D2C7134BB3E386175D4A0D6AEFE8C757CC6C1EC00628E4"
"M0-1","E:\Code\Geocore_M0-1_image_fusion","test_outputs\fast_preview\fused_cube.zarr\.zarray","E:\Code\Geocore_M0-1_image_fusion\test_outputs\fast_preview\fused_cube.zarr\.zarray","REGENERABLE_FUSION_CUBE","217","E2265857CC2687570651A38C6CCD29D55975E99B8621EDF950E6E031281B0A22"
"M0-1","E:\Code\Geocore_M0-1_image_fusion","test_outputs\fast_preview\fused_cube.zarr\.zattrs","E:\Code\Geocore_M0-1_image_fusion\test_outputs\fast_preview\fused_cube.zarr\.zattrs","REGENERABLE_FUSION_CUBE","127","11B678918112FE189E90F1B58C8379637363A656458483AB8DEB30940B4BD032"
"M0-1","E:\Code\Geocore_M0-1_image_fusion","test_outputs\fast_preview\fused_cube.zarr\0.0.0","E:\Code\Geocore_M0-1_image_fusion\test_outputs\fast_preview\fused_cube.zarr\0.0.0","REGENERABLE_FUSION_CUBE","4096","CA1D6C38859A1A725878A68E0BC989DCFA81B8F02DFE723FD381045EC80920C2"
"M0-1","E:\Code\Geocore_M0-1_image_fusion","test_outputs\fast_preview\fused_cube.zarr\0.0.1","E:\Code\Geocore_M0-1_image_fusion\test_outputs\fast_preview\fused_cube.zarr\0.0.1","REGENERABLE_FUSION_CUBE","4096","B87D4EBF2904100BB4BE07F71F2507D0A473FB80BB929B78D7C0FC0F4E49F181"
"M0-1","E:\Code\Geocore_M0-1_image_fusion","test_outputs\fast_preview\fused_cube.zarr\0.0.2","E:\Code\Geocore_M0-1_image_fusion\test_outputs\fast_preview\fused_cube.zarr\0.0.2","REGENERABLE_FUSION_CUBE","4096","F2A43956B8CCE901D4F527FB6522DD2A4FB1ED1126ACB4C0B82215E1054A9EF7"
"M0-1","E:\Code\Geocore_M0-1_image_fusion","test_outputs\fast_preview\fused_cube.zarr\0.0.3","E:\Code\Geocore_M0-1_image_fusion\test_outputs\fast_preview\fused_cube.zarr\0.0.3","REGENERABLE_FUSION_CUBE","4096","D6533D8BD80662DE5EC8342C78CB70E69F4BAC9699076540EEE95DF0E97D610D"
"M0-1","E:\Code\Geocore_M0-1_image_fusion","test_outputs\fast_preview\fused_cube.zarr\0.1.0","E:\Code\Geocore_M0-1_image_fusion\test_outputs\fast_preview\fused_cube.zarr\0.1.0","REGENERABLE_FUSION_CUBE","4096","D6B263E960B0B47D14C23A06BB790F38B5FCCC950BA0208F4012F41C0A701B77"
"M0-1","E:\Code\Geocore_M0-1_image_fusion","test_outputs\fast_preview\fused_cube.zarr\0.1.1","E:\Code\Geocore_M0-1_image_fusion\test_outputs\fast_preview\fused_cube.zarr\0.1.1","REGENERABLE_FUSION_CUBE","4096","C7AFA8251DA30FCB5EE3559B66138563794DF8E5403AC36359B5BE19F36AD825"
"M0-1","E:\Code\Geocore_M0-1_image_fusion","test_outputs\fast_preview\fused_cube.zarr\0.1.2","E:\Code\Geocore_M0-1_image_fusion\test_outputs\fast_preview\fused_cube.zarr\0.1.2","REGENERABLE_FUSION_CUBE","4096","90E9FD50F3328FAE9F22F66E0141B2C9159B74457E47A554DAF4FFBB8B790DF0"
"M0-1","E:\Code\Geocore_M0-1_image_fusion","test_outputs\fast_preview\fused_cube.zarr\0.1.3","E:\Code\Geocore_M0-1_image_fusion\test_outputs\fast_preview\fused_cube.zarr\0.1.3","REGENERABLE_FUSION_CUBE","4096","98B53C043DFF000EBFF6C76E05C543F541FEA0ED1587054D07795E32005D1A61"
"M0-1","E:\Code\Geocore_M0-1_image_fusion","test_outputs\fast_preview\fused_cube.zarr\0.2.0","E:\Code\Geocore_M0-1_image_fusion\test_outputs\fast_preview\fused_cube.zarr\0.2.0","REGENERABLE_FUSION_CUBE","4096","8EECEF15C3AE1A4FD589E1BAAC7FB74087F1A855AC3F6FD225E47BBAC8407FFE"
"M0-1","E:\Code\Geocore_M0-1_image_fusion","test_outputs\fast_preview\fused_cube.zarr\0.2.1","E:\Code\Geocore_M0-1_image_fusion\test_outputs\fast_preview\fused_cube.zarr\0.2.1","REGENERABLE_FUSION_CUBE","4096","765EAB6C6F526C4466343888B801F60F188ADBBE6A26E7053FD952A0A6BE2451"
"M0-1","E:\Code\Geocore_M0-1_image_fusion","test_outputs\fast_preview\fused_cube.zarr\0.2.2","E:\Code\Geocore_M0-1_image_fusion\test_outputs\fast_preview\fused_cube.zarr\0.2.2","REGENERABLE_FUSION_CUBE","4096","800D27EF7C17E4DDA2295903FA3CC631FA1A3069EDDA62E6A9466BBE9777F99F"
"M0-1","E:\Code\Geocore_M0-1_image_fusion","test_outputs\fast_preview\fused_cube.zarr\0.2.3","E:\Code\Geocore_M0-1_image_fusion\test_outputs\fast_preview\fused_cube.zarr\0.2.3","REGENERABLE_FUSION_CUBE","4096","F70029066BAFE11DCB5BF58C666935C8AE533A16CEBE1A3AD24FB5F1574AECD2"
"M0-1","E:\Code\Geocore_M0-1_image_fusion","test_outputs\fast_preview\fused_cube.zarr\0.3.0","E:\Code\Geocore_M0-1_image_fusion\test_outputs\fast_preview\fused_cube.zarr\0.3.0","REGENERABLE_FUSION_CUBE","4096","B99DFBE92BD3E99D1F0BD2C48084D11E520E1619626585FF025FFA65DE0E054E"
"M0-1","E:\Code\Geocore_M0-1_image_fusion","test_outputs\fast_preview\fused_cube.zarr\0.3.1","E:\Code\Geocore_M0-1_image_fusion\test_outputs\fast_preview\fused_cube.zarr\0.3.1","REGENERABLE_FUSION_CUBE","4096","8CA98FAC5EABF4499FB1008530ECE0E59632127F2E6184CB9FE729DE36433110"
"M0-1","E:\Code\Geocore_M0-1_image_fusion","test_outputs\fast_preview\fused_cube.zarr\0.3.2","E:\Code\Geocore_M0-1_image_fusion\test_outputs\fast_preview\fused_cube.zarr\0.3.2","REGENERABLE_FUSION_CUBE","4096","5C3255B8B77D004521078894A958B0D8FC47ABDCCB572A9D7D9A5D740D640007"
"M0-1","E:\Code\Geocore_M0-1_image_fusion","test_outputs\fast_preview\fused_cube.zarr\0.3.3","E:\Code\Geocore_M0-1_image_fusion\test_outputs\fast_preview\fused_cube.zarr\0.3.3","REGENERABLE_FUSION_CUBE","4096","A89E6D4CAC9ABC542CA209425A31FC372FD7DE38D1BE371A828D39CA489A381F"
"M0-1","E:\Code\Geocore_M0-1_image_fusion","test_outputs\fast_preview\fused_cube.zarr\1.0.0","E:\Code\Geocore_M0-1_image_fusion\test_outputs\fast_preview\fused_cube.zarr\1.0.0","REGENERABLE_FUSION_CUBE","4096","A854B7C39CBFE54D10AF9B3908A8FF96730758FE0E0A9EA6885EF2D32771F2C8"
"M0-1","E:\Code\Geocore_M0-1_image_fusion","test_outputs\fast_preview\fused_cube.zarr\1.0.1","E:\Code\Geocore_M0-1_image_fusion\test_outputs\fast_preview\fused_cube.zarr\1.0.1","REGENERABLE_FUSION_CUBE","4096","A8CCC1EA8140B4C6EBD758AC009C20AE63B9FDDF994A5A7C85196F7B8D93D0C9"
"M0-1","E:\Code\Geocore_M0-1_image_fusion","test_outputs\fast_preview\fused_cube.zarr\1.0.2","E:\Code\Geocore_M0-1_image_fusion\test_outputs\fast_preview\fused_cube.zarr\1.0.2","REGENERABLE_FUSION_CUBE","4096","D57C5826F45DE29208621D2AD715D04B7AAFB72D6C2806A407F3EF5C8A4C4478"
"M0-1","E:\Code\Geocore_M0-1_image_fusion","test_outputs\fast_preview\fused_cube.zarr\1.0.3","E:\Code\Geocore_M0-1_image_fusion\test_outputs\fast_preview\fused_cube.zarr\1.0.3","REGENERABLE_FUSION_CUBE","4096","2A24EF5ECE0757FAC3FA8D46FA04581DC1A58DE558195D32D13AA2787F55A8B2"
"M0-1","E:\Code\Geocore_M0-1_image_fusion","test_outputs\fast_preview\fused_cube.zarr\1.1.0","E:\Code\Geocore_M0-1_image_fusion\test_outputs\fast_preview\fused_cube.zarr\1.1.0","REGENERABLE_FUSION_CUBE","4096","7F2F6EA7F3FE169E2E0002D16325873B8D1777763F9740DF92112C19B5D1AA9F"
"M0-1","E:\Code\Geocore_M0-1_image_fusion","test_outputs\fast_preview\fused_cube.zarr\1.1.1","E:\Code\Geocore_M0-1_image_fusion\test_outputs\fast_preview\fused_cube.zarr\1.1.1","REGENERABLE_FUSION_CUBE","4096","8D706F1D56202711258C23E099E7E8898A74CE4CD36D51F84AD140C316C32F84"
"M0-1","E:\Code\Geocore_M0-1_image_fusion","test_outputs\fast_preview\fused_cube.zarr\1.1.2","E:\Code\Geocore_M0-1_image_fusion\test_outputs\fast_preview\fused_cube.zarr\1.1.2","REGENERABLE_FUSION_CUBE","4096","29F8FE814FD48E60991DF824C02AFD814887146E6928710EE4213ACB905457F7"
"M0-1","E:\Code\Geocore_M0-1_image_fusion","test_outputs\fast_preview\fused_cube.zarr\1.1.3","E:\Code\Geocore_M0-1_image_fusion\test_outputs\fast_preview\fused_cube.zarr\1.1.3","REGENERABLE_FUSION_CUBE","4096","D66B697E7119D28B5FF12691A10F2F1716E81208F15F6252473909B3D51AA88E"
"M0-1","E:\Code\Geocore_M0-1_image_fusion","test_outputs\fast_preview\fused_cube.zarr\1.2.0","E:\Code\Geocore_M0-1_image_fusion\test_outputs\fast_preview\fused_cube.zarr\1.2.0","REGENERABLE_FUSION_CUBE","4096","4E9E4EB84C8994D1C889DC7DD8429818A765B65AD1992F626BABEA34EA0808D1"
"M0-1","E:\Code\Geocore_M0-1_image_fusion","test_outputs\fast_preview\fused_cube.zarr\1.2.1","E:\Code\Geocore_M0-1_image_fusion\test_outputs\fast_preview\fused_cube.zarr\1.2.1","REGENERABLE_FUSION_CUBE","4096","6CD9B8782BBD451BE4A6D981F6DE5C06DC8930ABA2FA2D3AC9980159EF60EE3B"
"M0-1","E:\Code\Geocore_M0-1_image_fusion","test_outputs\fast_preview\fused_cube.zarr\1.2.2","E:\Code\Geocore_M0-1_image_fusion\test_outputs\fast_preview\fused_cube.zarr\1.2.2","REGENERABLE_FUSION_CUBE","4096","3BE3252451FA6B456A5FA108E771A479E58D9DADB8431B5626D59FE1B5AB01A7"
"M0-1","E:\Code\Geocore_M0-1_image_fusion","test_outputs\fast_preview\fused_cube.zarr\1.2.3","E:\Code\Geocore_M0-1_image_fusion\test_outputs\fast_preview\fused_cube.zarr\1.2.3","REGENERABLE_FUSION_CUBE","4096","07506294A889E2BF835979ABDD3605CF66AEEBE7852AB98271F366F830AF3A84"
"M0-1","E:\Code\Geocore_M0-1_image_fusion","test_outputs\fast_preview\fused_cube.zarr\1.3.0","E:\Code\Geocore_M0-1_image_fusion\test_outputs\fast_preview\fused_cube.zarr\1.3.0","REGENERABLE_FUSION_CUBE","4096","610BEF6ECBE539DDD69E01018E84CABC2780233FDD61CC49B9B37CD7B9067C5F"
"M0-1","E:\Code\Geocore_M0-1_image_fusion","test_outputs\fast_preview\fused_cube.zarr\1.3.1","E:\Code\Geocore_M0-1_image_fusion\test_outputs\fast_preview\fused_cube.zarr\1.3.1","REGENERABLE_FUSION_CUBE","4096","5432E9BECC2AFBC50BDE250D0C4EF6F0B3F2B3CFFDDEFC53E6E46154DEBF0590"
"M0-1","E:\Code\Geocore_M0-1_image_fusion","test_outputs\fast_preview\fused_cube.zarr\1.3.2","E:\Code\Geocore_M0-1_image_fusion\test_outputs\fast_preview\fused_cube.zarr\1.3.2","REGENERABLE_FUSION_CUBE","4096","CD41C1AE77EC4438331C7A129A10D641DF2550D3C6D4BE41F76C51597E008D42"
"M0-1","E:\Code\Geocore_M0-1_image_fusion","test_outputs\fast_preview\fused_cube.zarr\1.3.3","E:\Code\Geocore_M0-1_image_fusion\test_outputs\fast_preview\fused_cube.zarr\1.3.3","REGENERABLE_FUSION_CUBE","4096","3358A1D865FA5C17E7F15B1F54BECACBD471086D69676099EA75130FB917C3FD"
"M0-1","E:\Code\Geocore_M0-1_image_fusion","test_outputs\fast_preview\fused_cube.zarr\2.0.0","E:\Code\Geocore_M0-1_image_fusion\test_outputs\fast_preview\fused_cube.zarr\2.0.0","REGENERABLE_FUSION_CUBE","4096","D399F7F6316ADA311F3E01CD61B1F9FD52B9F0A9173231D0E8F904C3834DA9A9"
"M0-1","E:\Code\Geocore_M0-1_image_fusion","test_outputs\fast_preview\fused_cube.zarr\2.0.1","E:\Code\Geocore_M0-1_image_fusion\test_outputs\fast_preview\fused_cube.zarr\2.0.1","REGENERABLE_FUSION_CUBE","4096","756C8FDE53B9A0F08D07984C5CE787CA4E9BDC6CC38836A2FB976D5EA6388F6B"
"M0-1","E:\Code\Geocore_M0-1_image_fusion","test_outputs\fast_preview\fused_cube.zarr\2.0.2","E:\Code\Geocore_M0-1_image_fusion\test_outputs\fast_preview\fused_cube.zarr\2.0.2","REGENERABLE_FUSION_CUBE","4096","172A23CBBAB045753D8A1F010B1A87A60128A1AB8FFB299917E20548C75CE902"
"M0-1","E:\Code\Geocore_M0-1_image_fusion","test_outputs\fast_preview\fused_cube.zarr\2.0.3","E:\Code\Geocore_M0-1_image_fusion\test_outputs\fast_preview\fused_cube.zarr\2.0.3","REGENERABLE_FUSION_CUBE","4096","1B9367C429A93E10A09D2887DAED1365BA4866622A84C825628B950F0B5C9325"
"M0-1","E:\Code\Geocore_M0-1_image_fusion","test_outputs\fast_preview\fused_cube.zarr\2.1.0","E:\Code\Geocore_M0-1_image_fusion\test_outputs\fast_preview\fused_cube.zarr\2.1.0","REGENERABLE_FUSION_CUBE","4096","CA7CE6B8928DEA0BC43CF4F359FED3290220B3C5BE5EF2FC448C627F8A9A1A1B"
"M0-1","E:\Code\Geocore_M0-1_image_fusion","test_outputs\fast_preview\fused_cube.zarr\2.1.1","E:\Code\Geocore_M0-1_image_fusion\test_outputs\fast_preview\fused_cube.zarr\2.1.1","REGENERABLE_FUSION_CUBE","4096","774FF6317AB87053E4E32C011EF4C050AC37F350166CEF6225333250BA6FF8C8"
"M0-1","E:\Code\Geocore_M0-1_image_fusion","test_outputs\fast_preview\fused_cube.zarr\2.1.2","E:\Code\Geocore_M0-1_image_fusion\test_outputs\fast_preview\fused_cube.zarr\2.1.2","REGENERABLE_FUSION_CUBE","4096","85C3C4AEDE6EC37B167B2D0467FCFDC37B9823A053936726D723B03B822A7D0D"
"M0-1","E:\Code\Geocore_M0-1_image_fusion","test_outputs\fast_preview\fused_cube.zarr\2.1.3","E:\Code\Geocore_M0-1_image_fusion\test_outputs\fast_preview\fused_cube.zarr\2.1.3","REGENERABLE_FUSION_CUBE","4096","9C8B0334486667A67DEBFCC63951547793C92D5B7756CCA736236E4FCEE4CB9C"
"M0-1","E:\Code\Geocore_M0-1_image_fusion","test_outputs\fast_preview\fused_cube.zarr\2.2.0","E:\Code\Geocore_M0-1_image_fusion\test_outputs\fast_preview\fused_cube.zarr\2.2.0","REGENERABLE_FUSION_CUBE","4096","A9621B84A16D599E7E56A3EE7882F12071EA4A3B5948AD29074E77DA597C6941"
"M0-1","E:\Code\Geocore_M0-1_image_fusion","test_outputs\fast_preview\fused_cube.zarr\2.2.1","E:\Code\Geocore_M0-1_image_fusion\test_outputs\fast_preview\fused_cube.zarr\2.2.1","REGENERABLE_FUSION_CUBE","4096","B826B36165C1B48E4FA960F80636FAA0E94416B31DBF298A7C24C00E1544C548"
"M0-1","E:\Code\Geocore_M0-1_image_fusion","test_outputs\fast_preview\fused_cube.zarr\2.2.2","E:\Code\Geocore_M0-1_image_fusion\test_outputs\fast_preview\fused_cube.zarr\2.2.2","REGENERABLE_FUSION_CUBE","4096","F85FA6000D12F2CA1853F12A26E6514E9669D7E218BA580274D4A7D2B5878F7D"
"M0-1","E:\Code\Geocore_M0-1_image_fusion","test_outputs\fast_preview\fused_cube.zarr\2.2.3","E:\Code\Geocore_M0-1_image_fusion\test_outputs\fast_preview\fused_cube.zarr\2.2.3","REGENERABLE_FUSION_CUBE","4096","56F1DA64C55471F9DEB19F7BE565C0972842D5A130E93D8F6281E13A3D8C830D"
"M0-1","E:\Code\Geocore_M0-1_image_fusion","test_outputs\fast_preview\fused_cube.zarr\2.3.0","E:\Code\Geocore_M0-1_image_fusion\test_outputs\fast_preview\fused_cube.zarr\2.3.0","REGENERABLE_FUSION_CUBE","4096","A8BC13C4BFF4EF7461AC01426EE07F3BCFFF3805DE5A076484F21637F55B1942"
"M0-1","E:\Code\Geocore_M0-1_image_fusion","test_outputs\fast_preview\fused_cube.zarr\2.3.1","E:\Code\Geocore_M0-1_image_fusion\test_outputs\fast_preview\fused_cube.zarr\2.3.1","REGENERABLE_FUSION_CUBE","4096","8DE7D96C342FD05EAE8B1F7FC721440600E6FB03F026B62DE4F3D635E9A72DF5"
"M0-1","E:\Code\Geocore_M0-1_image_fusion","test_outputs\fast_preview\fused_cube.zarr\2.3.2","E:\Code\Geocore_M0-1_image_fusion\test_outputs\fast_preview\fused_cube.zarr\2.3.2","REGENERABLE_FUSION_CUBE","4096","CF6B41357E50CE30ABF408FFEEE9FD3EC5154BDEA78F64C06057B73B46555DFD"
"M0-1","E:\Code\Geocore_M0-1_image_fusion","test_outputs\fast_preview\fused_cube.zarr\2.3.3","E:\Code\Geocore_M0-1_image_fusion\test_outputs\fast_preview\fused_cube.zarr\2.3.3","REGENERABLE_FUSION_CUBE","4096","718384275C2C296B50C5623F96419F76BC29780CE5DFF04B5F90FC68594288D9"
"M0-1","E:\Code\Geocore_M0-1_image_fusion","test_outputs\fast_preview\metadata\band_metadata.csv","E:\Code\Geocore_M0-1_image_fusion\test_outputs\fast_preview\metadata\band_metadata.csv","GENERATED_TEST_OUTPUT","945","F9A682F29C44A534408C1FCA5CF543422D1B4770C617700BE9A480AF840F69A3"
"M0-1","E:\Code\Geocore_M0-1_image_fusion","test_outputs\fast_preview\metadata\input_metadata.json","E:\Code\Geocore_M0-1_image_fusion\test_outputs\fast_preview\metadata\input_metadata.json","GENERATED_TEST_OUTPUT","29","1C070E3245F639C753FDB9910A6D1E8F32190BFD1010AF0739E4B84F6B6CF1FA"
"M0-1","E:\Code\Geocore_M0-1_image_fusion","test_outputs\fast_preview\metadata\processing_config.json","E:\Code\Geocore_M0-1_image_fusion\test_outputs\fast_preview\metadata\processing_config.json","GENERATED_TEST_OUTPUT","618","6F290938AE745A8C6484120759AEE0D9EB2FEAC5FCB380F87F950D4400EAD2F0"
"M0-1","E:\Code\Geocore_M0-1_image_fusion","test_outputs\fast_preview\metadata\registration_model.json","E:\Code\Geocore_M0-1_image_fusion\test_outputs\fast_preview\metadata\registration_model.json","GENERATED_TEST_OUTPUT","499","B47FADBD275FB80F7607D02E889DB2D0B274F4DEE4279734C484DBA3E3891BB1"
"M0-1","E:\Code\Geocore_M0-1_image_fusion","test_outputs\fast_preview\metadata\spectral_stitch_model.json","E:\Code\Geocore_M0-1_image_fusion\test_outputs\fast_preview\metadata\spectral_stitch_model.json","GENERATED_TEST_OUTPUT","510","AB116CFB0254EB60921EBA168407F2FF926A5D56F1E6DEA4AE74066FE729270C"
"M0-1","E:\Code\Geocore_M0-1_image_fusion","test_outputs\fast_preview\metrics\quality_report.json","E:\Code\Geocore_M0-1_image_fusion\test_outputs\fast_preview\metrics\quality_report.json","GENERATED_TEST_OUTPUT","788","EE14E4957F88A911FFE93630122E66FEC688E8F0AFE64ECADEBC68F83543D262"
"M0-1","E:\Code\Geocore_M0-1_image_fusion","test_outputs\fast_preview\previews\preview_falsecolor_full.png","E:\Code\Geocore_M0-1_image_fusion\test_outputs\fast_preview\previews\preview_falsecolor_full.png","GENERATED_TEST_OUTPUT","7316","7CD7ADF33EE36AC1CC450CEF2EB2F66A74C509B78046BCBB90B8BA695F23906B"
"M0-1","E:\Code\Geocore_M0-1_image_fusion","test_outputs\fast_preview\previews\preview_mean_reflectance.png","E:\Code\Geocore_M0-1_image_fusion\test_outputs\fast_preview\previews\preview_mean_reflectance.png","GENERATED_TEST_OUTPUT","2475","CB90CD4CFA355461C4DF8BFAE7FF07F0F5E58586828711CF20122128398E67F4"
"M0-1","E:\Code\Geocore_M0-1_image_fusion","test_outputs\fast_preview\previews\preview_rgb.png","E:\Code\Geocore_M0-1_image_fusion\test_outputs\fast_preview\previews\preview_rgb.png","GENERATED_TEST_OUTPUT","6963","DD052337CF5242DF186748213858E24085880FED586E0BEDBD236CD7596D868F"
"M0-1","E:\Code\Geocore_M0-1_image_fusion","test_outputs\streaming_classical\manifest.json","E:\Code\Geocore_M0-1_image_fusion\test_outputs\streaming_classical\manifest.json","GENERATED_TEST_OUTPUT","1284","83B375B962A6D91F1F4EA96973179ED69BC185A6814109C5AD52975ED4C823FE"
"M0-1","E:\Code\Geocore_M0-1_image_fusion","test_outputs\streaming_classical\fused_cube.zarr\.zarray","E:\Code\Geocore_M0-1_image_fusion\test_outputs\streaming_classical\fused_cube.zarr\.zarray","REGENERABLE_FUSION_CUBE","217","BA8888BA02E2FA6128248BEC075DF5206174AC4C7E4E396FD6F09802AFC8A6E4"
"M0-1","E:\Code\Geocore_M0-1_image_fusion","test_outputs\streaming_classical\fused_cube.zarr\.zattrs","E:\Code\Geocore_M0-1_image_fusion\test_outputs\streaming_classical\fused_cube.zarr\.zattrs","REGENERABLE_FUSION_CUBE","151","0C6803F6C243FFDA2B06C0B15706B6431A3D873A7EE83A9924D710CD92D136FF"
"M0-1","E:\Code\Geocore_M0-1_image_fusion","test_outputs\streaming_classical\fused_cube.zarr\0.0.0","E:\Code\Geocore_M0-1_image_fusion\test_outputs\streaming_classical\fused_cube.zarr\0.0.0","REGENERABLE_FUSION_CUBE","4096","1709D257A28F0D5E75413C231EC9FF40BA640ED2990872D949E4CE08FEB13AFA"
"M0-1","E:\Code\Geocore_M0-1_image_fusion","test_outputs\streaming_classical\fused_cube.zarr\0.0.1","E:\Code\Geocore_M0-1_image_fusion\test_outputs\streaming_classical\fused_cube.zarr\0.0.1","REGENERABLE_FUSION_CUBE","4096","564ACC54C6DD3D62A5C287F8020D28B7480CC1380647083153CF7BBC3AC5F017"
"M0-1","E:\Code\Geocore_M0-1_image_fusion","test_outputs\streaming_classical\fused_cube.zarr\0.0.2","E:\Code\Geocore_M0-1_image_fusion\test_outputs\streaming_classical\fused_cube.zarr\0.0.2","REGENERABLE_FUSION_CUBE","4096","24D38BD9A9CB84942A2963348165281562B93B51EE43CE8EC05F8067649E8D43"
"M0-1","E:\Code\Geocore_M0-1_image_fusion","test_outputs\streaming_classical\fused_cube.zarr\0.0.3","E:\Code\Geocore_M0-1_image_fusion\test_outputs\streaming_classical\fused_cube.zarr\0.0.3","REGENERABLE_FUSION_CUBE","4096","10D632535C69CA83257200A653E85A7F83573E40AC40317097EA15247E3C39A7"
"M0-1","E:\Code\Geocore_M0-1_image_fusion","test_outputs\streaming_classical\fused_cube.zarr\0.1.0","E:\Code\Geocore_M0-1_image_fusion\test_outputs\streaming_classical\fused_cube.zarr\0.1.0","REGENERABLE_FUSION_CUBE","4096","E6B0A80026A993DC46A654A7C4FF216B8A1E29FD12B19F3AAAF74C9521CECE41"
"M0-1","E:\Code\Geocore_M0-1_image_fusion","test_outputs\streaming_classical\fused_cube.zarr\0.1.1","E:\Code\Geocore_M0-1_image_fusion\test_outputs\streaming_classical\fused_cube.zarr\0.1.1","REGENERABLE_FUSION_CUBE","4096","5F52AF0B0254947A542B6E782198E53B62C6DE018261C2980F704BBDA8CDB314"
"M0-1","E:\Code\Geocore_M0-1_image_fusion","test_outputs\streaming_classical\fused_cube.zarr\0.1.2","E:\Code\Geocore_M0-1_image_fusion\test_outputs\streaming_classical\fused_cube.zarr\0.1.2","REGENERABLE_FUSION_CUBE","4096","192F241317FC8F4ABA93A35C5463D803CD783FCF3E41386239664B0852391475"
"M0-1","E:\Code\Geocore_M0-1_image_fusion","test_outputs\streaming_classical\fused_cube.zarr\0.1.3","E:\Code\Geocore_M0-1_image_fusion\test_outputs\streaming_classical\fused_cube.zarr\0.1.3","REGENERABLE_FUSION_CUBE","4096","253D25BF89AE430EDB0F501F910D188223357DCF9BA25C99D2D8C6998B40258A"
"M0-1","E:\Code\Geocore_M0-1_image_fusion","test_outputs\streaming_classical\fused_cube.zarr\0.2.0","E:\Code\Geocore_M0-1_image_fusion\test_outputs\streaming_classical\fused_cube.zarr\0.2.0","REGENERABLE_FUSION_CUBE","4096","88B9ECAB18AFFD88369E7995E965FA8E9682390DE66DCC1DDED44EBBE6F81297"
"M0-1","E:\Code\Geocore_M0-1_image_fusion","test_outputs\streaming_classical\fused_cube.zarr\0.2.1","E:\Code\Geocore_M0-1_image_fusion\test_outputs\streaming_classical\fused_cube.zarr\0.2.1","REGENERABLE_FUSION_CUBE","4096","996939D34868631E5DC6ADB1A89C3F1509C9BEF38FF899B21BD3EB9E43C0B802"
"M0-1","E:\Code\Geocore_M0-1_image_fusion","test_outputs\streaming_classical\fused_cube.zarr\0.2.2","E:\Code\Geocore_M0-1_image_fusion\test_outputs\streaming_classical\fused_cube.zarr\0.2.2","REGENERABLE_FUSION_CUBE","4096","6990B8E4E13BE0A85838612980A9238AB8CB1FE39182CA24AE5C01E33F3CF071"
"M0-1","E:\Code\Geocore_M0-1_image_fusion","test_outputs\streaming_classical\fused_cube.zarr\0.2.3","E:\Code\Geocore_M0-1_image_fusion\test_outputs\streaming_classical\fused_cube.zarr\0.2.3","REGENERABLE_FUSION_CUBE","4096","B2D693BE2C49F2F82D2AED3DC70C55BDD9FD1CC59DA1F340C7A6242E1342BEC4"
"M0-1","E:\Code\Geocore_M0-1_image_fusion","test_outputs\streaming_classical\fused_cube.zarr\1.0.0","E:\Code\Geocore_M0-1_image_fusion\test_outputs\streaming_classical\fused_cube.zarr\1.0.0","REGENERABLE_FUSION_CUBE","4096","B54367299D281859D6F852CB8D267115AB69EBC5E4408A9F86DB7A44D2911F7A"
"M0-1","E:\Code\Geocore_M0-1_image_fusion","test_outputs\streaming_classical\fused_cube.zarr\1.0.1","E:\Code\Geocore_M0-1_image_fusion\test_outputs\streaming_classical\fused_cube.zarr\1.0.1","REGENERABLE_FUSION_CUBE","4096","8D0FD26AADFD7F10A460DC98A5E3F9BF9D9F8C5ACD30419B0399BAF3C82E23F7"
"M0-1","E:\Code\Geocore_M0-1_image_fusion","test_outputs\streaming_classical\fused_cube.zarr\1.0.2","E:\Code\Geocore_M0-1_image_fusion\test_outputs\streaming_classical\fused_cube.zarr\1.0.2","REGENERABLE_FUSION_CUBE","4096","AE26CE567AFA31388BDFA5EF23AA620C25CAD1EFB263EBB8651531DCE39BADB0"
"M0-1","E:\Code\Geocore_M0-1_image_fusion","test_outputs\streaming_classical\fused_cube.zarr\1.0.3","E:\Code\Geocore_M0-1_image_fusion\test_outputs\streaming_classical\fused_cube.zarr\1.0.3","REGENERABLE_FUSION_CUBE","4096","6B154767F0832375C8ADDB0252F29EBFE95F63DAD4A477F01609365C66C202B3"
"M0-1","E:\Code\Geocore_M0-1_image_fusion","test_outputs\streaming_classical\fused_cube.zarr\1.1.0","E:\Code\Geocore_M0-1_image_fusion\test_outputs\streaming_classical\fused_cube.zarr\1.1.0","REGENERABLE_FUSION_CUBE","4096","70A9744B1D2F24850E3F9280901AC03F1B087286BFB7948D198BA7E5CF920697"
"M0-1","E:\Code\Geocore_M0-1_image_fusion","test_outputs\streaming_classical\fused_cube.zarr\1.1.1","E:\Code\Geocore_M0-1_image_fusion\test_outputs\streaming_classical\fused_cube.zarr\1.1.1","REGENERABLE_FUSION_CUBE","4096","986F8CDC0DF21FFE6270713A4DBB2144E3C45C91DD0F869072DF40133628D7A2"
"M0-1","E:\Code\Geocore_M0-1_image_fusion","test_outputs\streaming_classical\fused_cube.zarr\1.1.2","E:\Code\Geocore_M0-1_image_fusion\test_outputs\streaming_classical\fused_cube.zarr\1.1.2","REGENERABLE_FUSION_CUBE","4096","09A5B1072D461E5FC386FF85897D200BFFF2A250F4C571C2668D46C2F4D1C666"
"M0-1","E:\Code\Geocore_M0-1_image_fusion","test_outputs\streaming_classical\fused_cube.zarr\1.1.3","E:\Code\Geocore_M0-1_image_fusion\test_outputs\streaming_classical\fused_cube.zarr\1.1.3","REGENERABLE_FUSION_CUBE","4096","8C604DF0F6BD21E39B4B189D2202B627E5032435C0CA8318E27B383AC86C7CFF"
"M0-1","E:\Code\Geocore_M0-1_image_fusion","test_outputs\streaming_classical\fused_cube.zarr\1.2.0","E:\Code\Geocore_M0-1_image_fusion\test_outputs\streaming_classical\fused_cube.zarr\1.2.0","REGENERABLE_FUSION_CUBE","4096","6709E9CEAF24A40EEBA78F585C4D886884E295A050DECC6D56E22A7920D8B956"
"M0-1","E:\Code\Geocore_M0-1_image_fusion","test_outputs\streaming_classical\fused_cube.zarr\1.2.1","E:\Code\Geocore_M0-1_image_fusion\test_outputs\streaming_classical\fused_cube.zarr\1.2.1","REGENERABLE_FUSION_CUBE","4096","A1269ED7935505F8748280B7336232422D092EC2D53124B906416C72A91B8DF7"
"M0-1","E:\Code\Geocore_M0-1_image_fusion","test_outputs\streaming_classical\fused_cube.zarr\1.2.2","E:\Code\Geocore_M0-1_image_fusion\test_outputs\streaming_classical\fused_cube.zarr\1.2.2","REGENERABLE_FUSION_CUBE","4096","FE39208D3771243D1CDAEF0145032A2EEC3ABABC687EBB59D1C6F3FB24559999"
"M0-1","E:\Code\Geocore_M0-1_image_fusion","test_outputs\streaming_classical\fused_cube.zarr\1.2.3","E:\Code\Geocore_M0-1_image_fusion\test_outputs\streaming_classical\fused_cube.zarr\1.2.3","REGENERABLE_FUSION_CUBE","4096","6666697EF3EE15FB24BE19E0EDF3D2CA2BC0A9D9087ECFDE5BD66FCED8689AE9"
"M0-1","E:\Code\Geocore_M0-1_image_fusion","test_outputs\streaming_classical\fused_cube.zarr\2.0.0","E:\Code\Geocore_M0-1_image_fusion\test_outputs\streaming_classical\fused_cube.zarr\2.0.0","REGENERABLE_FUSION_CUBE","4096","3DADAC3C7C4FC3778B8BF32F0FAC137735BD781982BEA183E40B4552E1523619"
"M0-1","E:\Code\Geocore_M0-1_image_fusion","test_outputs\streaming_classical\fused_cube.zarr\2.0.1","E:\Code\Geocore_M0-1_image_fusion\test_outputs\streaming_classical\fused_cube.zarr\2.0.1","REGENERABLE_FUSION_CUBE","4096","C84A358B97806B761B6B7755690AA8BE9DD2092D3EDF832D54134D65D696DBFA"
"M0-1","E:\Code\Geocore_M0-1_image_fusion","test_outputs\streaming_classical\fused_cube.zarr\2.0.2","E:\Code\Geocore_M0-1_image_fusion\test_outputs\streaming_classical\fused_cube.zarr\2.0.2","REGENERABLE_FUSION_CUBE","4096","B2035F046549370DF37A08ADFECBC52C5EBF2DA8C5A2932ACBA4BD890FBB6AD6"
"M0-1","E:\Code\Geocore_M0-1_image_fusion","test_outputs\streaming_classical\fused_cube.zarr\2.0.3","E:\Code\Geocore_M0-1_image_fusion\test_outputs\streaming_classical\fused_cube.zarr\2.0.3","REGENERABLE_FUSION_CUBE","4096","6637D8A34B64A0E7A98C762DEEB31A40A388DBEE0516F0F878FAB901BBD79522"
"M0-1","E:\Code\Geocore_M0-1_image_fusion","test_outputs\streaming_classical\fused_cube.zarr\2.1.0","E:\Code\Geocore_M0-1_image_fusion\test_outputs\streaming_classical\fused_cube.zarr\2.1.0","REGENERABLE_FUSION_CUBE","4096","696BC0B8DBE95070AD5179DF92D37EDB23275225C2D17FEFC454E1BEA2B45852"
"M0-1","E:\Code\Geocore_M0-1_image_fusion","test_outputs\streaming_classical\fused_cube.zarr\2.1.1","E:\Code\Geocore_M0-1_image_fusion\test_outputs\streaming_classical\fused_cube.zarr\2.1.1","REGENERABLE_FUSION_CUBE","4096","B7013AC05A51B83BE227FB67FC7984C880CBBCC53EFC4EB9FA84B142CDCD17AF"
"M0-1","E:\Code\Geocore_M0-1_image_fusion","test_outputs\streaming_classical\fused_cube.zarr\2.1.2","E:\Code\Geocore_M0-1_image_fusion\test_outputs\streaming_classical\fused_cube.zarr\2.1.2","REGENERABLE_FUSION_CUBE","4096","7026C3AE35CE4D774D6518E864EC9959D904F60F173ED5C2320E76B7A8D38AF3"
"M0-1","E:\Code\Geocore_M0-1_image_fusion","test_outputs\streaming_classical\fused_cube.zarr\2.1.3","E:\Code\Geocore_M0-1_image_fusion\test_outputs\streaming_classical\fused_cube.zarr\2.1.3","REGENERABLE_FUSION_CUBE","4096","D28DF3F5415F5C67543FF2DCC1C0B181276B39233D5BD977397FD1AEA9FBA788"
"M0-1","E:\Code\Geocore_M0-1_image_fusion","test_outputs\streaming_classical\fused_cube.zarr\2.2.0","E:\Code\Geocore_M0-1_image_fusion\test_outputs\streaming_classical\fused_cube.zarr\2.2.0","REGENERABLE_FUSION_CUBE","4096","CFEAAD15CEFBE94015FA37713C5FD87E8EB8E7EAD2FDAC10EEE80671B44ADBFC"
"M0-1","E:\Code\Geocore_M0-1_image_fusion","test_outputs\streaming_classical\fused_cube.zarr\2.2.1","E:\Code\Geocore_M0-1_image_fusion\test_outputs\streaming_classical\fused_cube.zarr\2.2.1","REGENERABLE_FUSION_CUBE","4096","F16992989D5BFDC8364737C988BF468BFA663AAA96F97F87A22F91E88A597127"
"M0-1","E:\Code\Geocore_M0-1_image_fusion","test_outputs\streaming_classical\fused_cube.zarr\2.2.2","E:\Code\Geocore_M0-1_image_fusion\test_outputs\streaming_classical\fused_cube.zarr\2.2.2","REGENERABLE_FUSION_CUBE","4096","68BF01D4176061AA803596A98FF68DFFB838AF828FD32C164AFB202909768780"
"M0-1","E:\Code\Geocore_M0-1_image_fusion","test_outputs\streaming_classical\fused_cube.zarr\2.2.3","E:\Code\Geocore_M0-1_image_fusion\test_outputs\streaming_classical\fused_cube.zarr\2.2.3","REGENERABLE_FUSION_CUBE","4096","C0A088722FC68012F6022FC8F43F4E4C54CC6A4CE068D8321CF1560BD4E76A77"
"M0-1","E:\Code\Geocore_M0-1_image_fusion","test_outputs\streaming_classical\metadata\band_metadata.csv","E:\Code\Geocore_M0-1_image_fusion\test_outputs\streaming_classical\metadata\band_metadata.csv","GENERATED_TEST_OUTPUT","945","F9A682F29C44A534408C1FCA5CF543422D1B4770C617700BE9A480AF840F69A3"
"M0-1","E:\Code\Geocore_M0-1_image_fusion","test_outputs\streaming_classical\metadata\input_metadata.json","E:\Code\Geocore_M0-1_image_fusion\test_outputs\streaming_classical\metadata\input_metadata.json","GENERATED_TEST_OUTPUT","1170","991939F8FA361601EB924CD2585B89D96CB76EF917D449FF75DE55473C596903"
"M0-1","E:\Code\Geocore_M0-1_image_fusion","test_outputs\streaming_classical\metadata\processing_config.json","E:\Code\Geocore_M0-1_image_fusion\test_outputs\streaming_classical\metadata\processing_config.json","GENERATED_TEST_OUTPUT","613","9F54AA5D844A4A99F50CD619946318B39D0E4FB9531A1190C16E54317775E1B7"
"M0-1","E:\Code\Geocore_M0-1_image_fusion","test_outputs\streaming_classical\metadata\registration_model.json","E:\Code\Geocore_M0-1_image_fusion\test_outputs\streaming_classical\metadata\registration_model.json","GENERATED_TEST_OUTPUT","437","B6B20F686B2DAB987457A5E73176AA3B02DAA5B6A064E0F8E0070A4EB09994C3"
"M0-1","E:\Code\Geocore_M0-1_image_fusion","test_outputs\streaming_classical\metadata\spectral_stitch_model.json","E:\Code\Geocore_M0-1_image_fusion\test_outputs\streaming_classical\metadata\spectral_stitch_model.json","GENERATED_TEST_OUTPUT","510","7A8FAB1720C54DD7C25F492A560DCEB25DEDA9D681EAF20B05A5E1C7F564E397"
"M0-1","E:\Code\Geocore_M0-1_image_fusion","test_outputs\streaming_classical\metrics\quality_report.json","E:\Code\Geocore_M0-1_image_fusion\test_outputs\streaming_classical\metrics\quality_report.json","GENERATED_TEST_OUTPUT","1050","A20CFACF7290385A2A41AB68D53BF1FFAE078913F1F1B5C96E6988F2D582BE17"
"M0-1","E:\Code\Geocore_M0-1_image_fusion","test_outputs\streaming_classical\previews\preview_rgb.png","E:\Code\Geocore_M0-1_image_fusion\test_outputs\streaming_classical\previews\preview_rgb.png","GENERATED_TEST_OUTPUT","4715","37962A461D498A0242E92DAE85A6FC1DE6FFD20C6F95D3657503E7514E3FA264"
"M0-1","E:\Code\Geocore_M0-1_image_fusion","test_outputs\streaming_deep_unsupervised\manifest.json","E:\Code\Geocore_M0-1_image_fusion\test_outputs\streaming_deep_unsupervised\manifest.json","GENERATED_TEST_OUTPUT","1292","DFBE2DBFEA5515ED99A21D6F707A5A4D6CACC045D5ACEAAA2B4BEB329E0F069D"
"M0-1","E:\Code\Geocore_M0-1_image_fusion","test_outputs\streaming_deep_unsupervised\fused_cube.zarr\.zarray","E:\Code\Geocore_M0-1_image_fusion\test_outputs\streaming_deep_unsupervised\fused_cube.zarr\.zarray","REGENERABLE_FUSION_CUBE","217","BA8888BA02E2FA6128248BEC075DF5206174AC4C7E4E396FD6F09802AFC8A6E4"
"M0-1","E:\Code\Geocore_M0-1_image_fusion","test_outputs\streaming_deep_unsupervised\fused_cube.zarr\.zattrs","E:\Code\Geocore_M0-1_image_fusion\test_outputs\streaming_deep_unsupervised\fused_cube.zarr\.zattrs","REGENERABLE_FUSION_CUBE","159","D1ECDF14176FAF3210A5F573FBA092550DADD12FA00BB7CADAA72BC6D49E00A0"
"M0-1","E:\Code\Geocore_M0-1_image_fusion","test_outputs\streaming_deep_unsupervised\fused_cube.zarr\0.0.0","E:\Code\Geocore_M0-1_image_fusion\test_outputs\streaming_deep_unsupervised\fused_cube.zarr\0.0.0","REGENERABLE_FUSION_CUBE","4096","81EC474DDECB8C3713C9FA7B0A5A8970283C5B4B56AD8D1A059EF1BC1136C226"
"M0-1","E:\Code\Geocore_M0-1_image_fusion","test_outputs\streaming_deep_unsupervised\fused_cube.zarr\0.0.1","E:\Code\Geocore_M0-1_image_fusion\test_outputs\streaming_deep_unsupervised\fused_cube.zarr\0.0.1","REGENERABLE_FUSION_CUBE","4096","07EB00FCF2AD72D8DE61ABF3CD47933879090DA016786A274F65F053B5109E88"
"M0-1","E:\Code\Geocore_M0-1_image_fusion","test_outputs\streaming_deep_unsupervised\fused_cube.zarr\0.0.2","E:\Code\Geocore_M0-1_image_fusion\test_outputs\streaming_deep_unsupervised\fused_cube.zarr\0.0.2","REGENERABLE_FUSION_CUBE","4096","85BF56192FCA7BCF4E3C9445B43BBE44AAF2A27A19EC1E25BDB4F97A0BFFA4CB"
"M0-1","E:\Code\Geocore_M0-1_image_fusion","test_outputs\streaming_deep_unsupervised\fused_cube.zarr\0.0.3","E:\Code\Geocore_M0-1_image_fusion\test_outputs\streaming_deep_unsupervised\fused_cube.zarr\0.0.3","REGENERABLE_FUSION_CUBE","4096","01A305A13B1B7D3A30734AF4159BEC9203C5042190D0C2D1B954B395CB62C9DA"
"M0-1","E:\Code\Geocore_M0-1_image_fusion","test_outputs\streaming_deep_unsupervised\fused_cube.zarr\0.1.0","E:\Code\Geocore_M0-1_image_fusion\test_outputs\streaming_deep_unsupervised\fused_cube.zarr\0.1.0","REGENERABLE_FUSION_CUBE","4096","2877CBC2336ED45F45E3E743DAA5666A40A6385C6034458F8D5111118B9AEB49"
"M0-1","E:\Code\Geocore_M0-1_image_fusion","test_outputs\streaming_deep_unsupervised\fused_cube.zarr\0.1.1","E:\Code\Geocore_M0-1_image_fusion\test_outputs\streaming_deep_unsupervised\fused_cube.zarr\0.1.1","REGENERABLE_FUSION_CUBE","4096","50B9DDBD7624E835848E00B728C05A21FBDE661F65D58E6C7DF5A40F9C4EDEF6"
"M0-1","E:\Code\Geocore_M0-1_image_fusion","test_outputs\streaming_deep_unsupervised\fused_cube.zarr\0.1.2","E:\Code\Geocore_M0-1_image_fusion\test_outputs\streaming_deep_unsupervised\fused_cube.zarr\0.1.2","REGENERABLE_FUSION_CUBE","4096","DBD6480CF201A7C53B3362D97C56922AB9E2974AB13FCD5548C6705F911301F0"
"M0-1","E:\Code\Geocore_M0-1_image_fusion","test_outputs\streaming_deep_unsupervised\fused_cube.zarr\0.1.3","E:\Code\Geocore_M0-1_image_fusion\test_outputs\streaming_deep_unsupervised\fused_cube.zarr\0.1.3","REGENERABLE_FUSION_CUBE","4096","41B7A6ED4137EA5DC61981CAF1AEC54FFC736200C627E334BEE36A81E4AD5431"
"M0-1","E:\Code\Geocore_M0-1_image_fusion","test_outputs\streaming_deep_unsupervised\fused_cube.zarr\0.2.0","E:\Code\Geocore_M0-1_image_fusion\test_outputs\streaming_deep_unsupervised\fused_cube.zarr\0.2.0","REGENERABLE_FUSION_CUBE","4096","E9263D769A525BBDBBE470101542E314FD08596E04E107757CBF6A79EFCFC400"
"M0-1","E:\Code\Geocore_M0-1_image_fusion","test_outputs\streaming_deep_unsupervised\fused_cube.zarr\0.2.1","E:\Code\Geocore_M0-1_image_fusion\test_outputs\streaming_deep_unsupervised\fused_cube.zarr\0.2.1","REGENERABLE_FUSION_CUBE","4096","A9A774509ECB9D14889686B7B45F2D408582EC2B1044B5010F7EB72EF15F8DAD"
"M0-1","E:\Code\Geocore_M0-1_image_fusion","test_outputs\streaming_deep_unsupervised\fused_cube.zarr\0.2.2","E:\Code\Geocore_M0-1_image_fusion\test_outputs\streaming_deep_unsupervised\fused_cube.zarr\0.2.2","REGENERABLE_FUSION_CUBE","4096","92A3FF436D2F44C60C2543976CFBD991CB6984DD6E74ACD479084B41AD54FCCD"
"M0-1","E:\Code\Geocore_M0-1_image_fusion","test_outputs\streaming_deep_unsupervised\fused_cube.zarr\0.2.3","E:\Code\Geocore_M0-1_image_fusion\test_outputs\streaming_deep_unsupervised\fused_cube.zarr\0.2.3","REGENERABLE_FUSION_CUBE","4096","2130FA000E21CE5844736FB950AD17478F5E1B754033FE1A0BD39C04AD987770"
"M0-1","E:\Code\Geocore_M0-1_image_fusion","test_outputs\streaming_deep_unsupervised\fused_cube.zarr\1.0.0","E:\Code\Geocore_M0-1_image_fusion\test_outputs\streaming_deep_unsupervised\fused_cube.zarr\1.0.0","REGENERABLE_FUSION_CUBE","4096","7DE1601E3509587782143503076646C07810F2C937B477DF9193B8663B4E6C7C"
"M0-1","E:\Code\Geocore_M0-1_image_fusion","test_outputs\streaming_deep_unsupervised\fused_cube.zarr\1.0.1","E:\Code\Geocore_M0-1_image_fusion\test_outputs\streaming_deep_unsupervised\fused_cube.zarr\1.0.1","REGENERABLE_FUSION_CUBE","4096","2FA208A7FF93B797A986023452ADEB1A087F8EA1FF2D9ED74AED3969E1249A97"
"M0-1","E:\Code\Geocore_M0-1_image_fusion","test_outputs\streaming_deep_unsupervised\fused_cube.zarr\1.0.2","E:\Code\Geocore_M0-1_image_fusion\test_outputs\streaming_deep_unsupervised\fused_cube.zarr\1.0.2","REGENERABLE_FUSION_CUBE","4096","A799A70104A2A6D13C83822736651B02D3C247FD7EA6B5F39A130ECA210F4772"
"M0-1","E:\Code\Geocore_M0-1_image_fusion","test_outputs\streaming_deep_unsupervised\fused_cube.zarr\1.0.3","E:\Code\Geocore_M0-1_image_fusion\test_outputs\streaming_deep_unsupervised\fused_cube.zarr\1.0.3","REGENERABLE_FUSION_CUBE","4096","DE076A144220ED1561C2F2CCF6A1A56EFAC7B9A7603802D97E80E00E4D133527"
"M0-1","E:\Code\Geocore_M0-1_image_fusion","test_outputs\streaming_deep_unsupervised\fused_cube.zarr\1.1.0","E:\Code\Geocore_M0-1_image_fusion\test_outputs\streaming_deep_unsupervised\fused_cube.zarr\1.1.0","REGENERABLE_FUSION_CUBE","4096","735EC16C3019620888F3677A8CD85F850A986A0AB64FB47782BA56A395FDACF2"
"M0-1","E:\Code\Geocore_M0-1_image_fusion","test_outputs\streaming_deep_unsupervised\fused_cube.zarr\1.1.1","E:\Code\Geocore_M0-1_image_fusion\test_outputs\streaming_deep_unsupervised\fused_cube.zarr\1.1.1","REGENERABLE_FUSION_CUBE","4096","51C5D4E39D69FA41C4792A8E4BF5B32C0BD923A226C3C9633671AAE9A1585148"
"M0-1","E:\Code\Geocore_M0-1_image_fusion","test_outputs\streaming_deep_unsupervised\fused_cube.zarr\1.1.2","E:\Code\Geocore_M0-1_image_fusion\test_outputs\streaming_deep_unsupervised\fused_cube.zarr\1.1.2","REGENERABLE_FUSION_CUBE","4096","E1FD4070E383CB75697047213D1236943A04E76CBC2854EC6C4845F31B8FF145"
"M0-1","E:\Code\Geocore_M0-1_image_fusion","test_outputs\streaming_deep_unsupervised\fused_cube.zarr\1.1.3","E:\Code\Geocore_M0-1_image_fusion\test_outputs\streaming_deep_unsupervised\fused_cube.zarr\1.1.3","REGENERABLE_FUSION_CUBE","4096","982BFE9821B218D15B6F6C6B8481CFED5968171720377B0019AF6BB7E02847B2"
"M0-1","E:\Code\Geocore_M0-1_image_fusion","test_outputs\streaming_deep_unsupervised\fused_cube.zarr\1.2.0","E:\Code\Geocore_M0-1_image_fusion\test_outputs\streaming_deep_unsupervised\fused_cube.zarr\1.2.0","REGENERABLE_FUSION_CUBE","4096","4307B83389033DC76B8E82EE756517A8344E5AB50C3B0B3166B9C6DB95F5CA64"
"M0-1","E:\Code\Geocore_M0-1_image_fusion","test_outputs\streaming_deep_unsupervised\fused_cube.zarr\1.2.1","E:\Code\Geocore_M0-1_image_fusion\test_outputs\streaming_deep_unsupervised\fused_cube.zarr\1.2.1","REGENERABLE_FUSION_CUBE","4096","A1B5C9141E20173019EC70FD0C2D515511073FC8CBAC0D41A7AEF68386F2C441"
"M0-1","E:\Code\Geocore_M0-1_image_fusion","test_outputs\streaming_deep_unsupervised\fused_cube.zarr\1.2.2","E:\Code\Geocore_M0-1_image_fusion\test_outputs\streaming_deep_unsupervised\fused_cube.zarr\1.2.2","REGENERABLE_FUSION_CUBE","4096","9050AC26A2C045E7002BE027668AFAC88ACEAD5F1FFDB052750ECB379E55DC45"
"M0-1","E:\Code\Geocore_M0-1_image_fusion","test_outputs\streaming_deep_unsupervised\fused_cube.zarr\1.2.3","E:\Code\Geocore_M0-1_image_fusion\test_outputs\streaming_deep_unsupervised\fused_cube.zarr\1.2.3","REGENERABLE_FUSION_CUBE","4096","497E04CEB99D247A386A1F6E767AEB12AE0765A45C1FC9415D71824413B2B19B"
"M0-1","E:\Code\Geocore_M0-1_image_fusion","test_outputs\streaming_deep_unsupervised\fused_cube.zarr\2.0.0","E:\Code\Geocore_M0-1_image_fusion\test_outputs\streaming_deep_unsupervised\fused_cube.zarr\2.0.0","REGENERABLE_FUSION_CUBE","4096","3D797AAC663CBF242F141FB4371AC8749FA11019072117B59092E74AEBB979F1"
"M0-1","E:\Code\Geocore_M0-1_image_fusion","test_outputs\streaming_deep_unsupervised\fused_cube.zarr\2.0.1","E:\Code\Geocore_M0-1_image_fusion\test_outputs\streaming_deep_unsupervised\fused_cube.zarr\2.0.1","REGENERABLE_FUSION_CUBE","4096","708D8F13F4608170921CE678ED0A91287F622575C8DCEC17B0C91FEB272D6AA0"
"M0-1","E:\Code\Geocore_M0-1_image_fusion","test_outputs\streaming_deep_unsupervised\fused_cube.zarr\2.0.2","E:\Code\Geocore_M0-1_image_fusion\test_outputs\streaming_deep_unsupervised\fused_cube.zarr\2.0.2","REGENERABLE_FUSION_CUBE","4096","3D6AEABD9A28230045CFB5CE318EE515E2ECA80FF4DF437D66E50E4725FFF1E0"
"M0-1","E:\Code\Geocore_M0-1_image_fusion","test_outputs\streaming_deep_unsupervised\fused_cube.zarr\2.0.3","E:\Code\Geocore_M0-1_image_fusion\test_outputs\streaming_deep_unsupervised\fused_cube.zarr\2.0.3","REGENERABLE_FUSION_CUBE","4096","8D610598B39F394AF98D4436537AD833D5D6224F2ABC020AA5B2AB08388A45B6"
"M0-1","E:\Code\Geocore_M0-1_image_fusion","test_outputs\streaming_deep_unsupervised\fused_cube.zarr\2.1.0","E:\Code\Geocore_M0-1_image_fusion\test_outputs\streaming_deep_unsupervised\fused_cube.zarr\2.1.0","REGENERABLE_FUSION_CUBE","4096","1D083B78A47C5F37DE4E29C5462E0584B86FFB82993FB294E6C979FFFBC872AE"
"M0-1","E:\Code\Geocore_M0-1_image_fusion","test_outputs\streaming_deep_unsupervised\fused_cube.zarr\2.1.1","E:\Code\Geocore_M0-1_image_fusion\test_outputs\streaming_deep_unsupervised\fused_cube.zarr\2.1.1","REGENERABLE_FUSION_CUBE","4096","3B0F44104D56D2E8DB58CEB5C75F224D858A90EAC38AA4939499CECA2D37875A"
"M0-1","E:\Code\Geocore_M0-1_image_fusion","test_outputs\streaming_deep_unsupervised\fused_cube.zarr\2.1.2","E:\Code\Geocore_M0-1_image_fusion\test_outputs\streaming_deep_unsupervised\fused_cube.zarr\2.1.2","REGENERABLE_FUSION_CUBE","4096","55BDCD1BB4A9DAD1D040088BCD7C585DA5268B0B3BF8AAC7C2F0F2600F0183B1"
"M0-1","E:\Code\Geocore_M0-1_image_fusion","test_outputs\streaming_deep_unsupervised\fused_cube.zarr\2.1.3","E:\Code\Geocore_M0-1_image_fusion\test_outputs\streaming_deep_unsupervised\fused_cube.zarr\2.1.3","REGENERABLE_FUSION_CUBE","4096","B57D7F658BB9B94248B4B796382BCE9648A58D326FA424DC3FBF5ABDAEFF1463"
"M0-1","E:\Code\Geocore_M0-1_image_fusion","test_outputs\streaming_deep_unsupervised\fused_cube.zarr\2.2.0","E:\Code\Geocore_M0-1_image_fusion\test_outputs\streaming_deep_unsupervised\fused_cube.zarr\2.2.0","REGENERABLE_FUSION_CUBE","4096","E2A4BF8857EFD795FF790B5C14443E370DE7F2E75E04D0382E240BE7B8D5496B"
"M0-1","E:\Code\Geocore_M0-1_image_fusion","test_outputs\streaming_deep_unsupervised\fused_cube.zarr\2.2.1","E:\Code\Geocore_M0-1_image_fusion\test_outputs\streaming_deep_unsupervised\fused_cube.zarr\2.2.1","REGENERABLE_FUSION_CUBE","4096","C0D4782B954CA74C4183A9C9354952A3D0071D59CDCFAD255F6EAE1FF7C747F6"
"M0-1","E:\Code\Geocore_M0-1_image_fusion","test_outputs\streaming_deep_unsupervised\fused_cube.zarr\2.2.2","E:\Code\Geocore_M0-1_image_fusion\test_outputs\streaming_deep_unsupervised\fused_cube.zarr\2.2.2","REGENERABLE_FUSION_CUBE","4096","858685D1C2A5B3161009D727CAF2440AF314B68DD0703F5011B956D1A76AF9AD"
"M0-1","E:\Code\Geocore_M0-1_image_fusion","test_outputs\streaming_deep_unsupervised\fused_cube.zarr\2.2.3","E:\Code\Geocore_M0-1_image_fusion\test_outputs\streaming_deep_unsupervised\fused_cube.zarr\2.2.3","REGENERABLE_FUSION_CUBE","4096","881589726315FE57131D97F8493FDBB5D0C026B764FCFE3387D7C6D22B047666"
"M0-1","E:\Code\Geocore_M0-1_image_fusion","test_outputs\streaming_deep_unsupervised\metadata\band_metadata.csv","E:\Code\Geocore_M0-1_image_fusion\test_outputs\streaming_deep_unsupervised\metadata\band_metadata.csv","GENERATED_TEST_OUTPUT","945","F9A682F29C44A534408C1FCA5CF543422D1B4770C617700BE9A480AF840F69A3"
"M0-1","E:\Code\Geocore_M0-1_image_fusion","test_outputs\streaming_deep_unsupervised\metadata\input_metadata.json","E:\Code\Geocore_M0-1_image_fusion\test_outputs\streaming_deep_unsupervised\metadata\input_metadata.json","GENERATED_TEST_OUTPUT","1170","991939F8FA361601EB924CD2585B89D96CB76EF917D449FF75DE55473C596903"
"M0-1","E:\Code\Geocore_M0-1_image_fusion","test_outputs\streaming_deep_unsupervised\metadata\processing_config.json","E:\Code\Geocore_M0-1_image_fusion\test_outputs\streaming_deep_unsupervised\metadata\processing_config.json","GENERATED_TEST_OUTPUT","621","6479CFD5BEA852B2178A07FF70848BE7EB25A261F1EB6458DEE6A01D64F7265B"
"M0-1","E:\Code\Geocore_M0-1_image_fusion","test_outputs\streaming_deep_unsupervised\metadata\registration_model.json","E:\Code\Geocore_M0-1_image_fusion\test_outputs\streaming_deep_unsupervised\metadata\registration_model.json","GENERATED_TEST_OUTPUT","437","B6B20F686B2DAB987457A5E73176AA3B02DAA5B6A064E0F8E0070A4EB09994C3"
"M0-1","E:\Code\Geocore_M0-1_image_fusion","test_outputs\streaming_deep_unsupervised\metadata\spectral_stitch_model.json","E:\Code\Geocore_M0-1_image_fusion\test_outputs\streaming_deep_unsupervised\metadata\spectral_stitch_model.json","GENERATED_TEST_OUTPUT","510","7A8FAB1720C54DD7C25F492A560DCEB25DEDA9D681EAF20B05A5E1C7F564E397"
"M0-1","E:\Code\Geocore_M0-1_image_fusion","test_outputs\streaming_deep_unsupervised\metrics\quality_report.json","E:\Code\Geocore_M0-1_image_fusion\test_outputs\streaming_deep_unsupervised\metrics\quality_report.json","GENERATED_TEST_OUTPUT","1057","5DA36222A948C2B7ED7A4CFD8EAA410EE2498442378DACFCD3E3359A13CC010F"
"M0-1","E:\Code\Geocore_M0-1_image_fusion","test_outputs\streaming_deep_unsupervised\previews\preview_rgb.png","E:\Code\Geocore_M0-1_image_fusion\test_outputs\streaming_deep_unsupervised\previews\preview_rgb.png","GENERATED_TEST_OUTPUT","4715","37962A461D498A0242E92DAE85A6FC1DE6FFD20C6F95D3657503E7514E3FA264"
"M0-1","E:\Code\Geocore_M0-1_image_fusion","test_outputs\streaming_fast_preview\manifest.json","E:\Code\Geocore_M0-1_image_fusion\test_outputs\streaming_fast_preview\manifest.json","GENERATED_TEST_OUTPUT","1287","352E81005382F8ED5E09E735AEC2F7A4524FA19D3B0FE887EA83636579D435CC"
"M0-1","E:\Code\Geocore_M0-1_image_fusion","test_outputs\streaming_fast_preview\fused_cube.zarr\.zarray","E:\Code\Geocore_M0-1_image_fusion\test_outputs\streaming_fast_preview\fused_cube.zarr\.zarray","REGENERABLE_FUSION_CUBE","217","BA8888BA02E2FA6128248BEC075DF5206174AC4C7E4E396FD6F09802AFC8A6E4"
"M0-1","E:\Code\Geocore_M0-1_image_fusion","test_outputs\streaming_fast_preview\fused_cube.zarr\.zattrs","E:\Code\Geocore_M0-1_image_fusion\test_outputs\streaming_fast_preview\fused_cube.zarr\.zattrs","REGENERABLE_FUSION_CUBE","154","9EF127FB6C3A10F639128AA2020723F6C76CF03E6876DB043A5D4D8D2A33B790"
"M0-1","E:\Code\Geocore_M0-1_image_fusion","test_outputs\streaming_fast_preview\fused_cube.zarr\0.0.0","E:\Code\Geocore_M0-1_image_fusion\test_outputs\streaming_fast_preview\fused_cube.zarr\0.0.0","REGENERABLE_FUSION_CUBE","4096","B8E0EA63C8977CBF8E35124DD958D7281AE18CAB1782276536BCDBF90F190CBA"
"M0-1","E:\Code\Geocore_M0-1_image_fusion","test_outputs\streaming_fast_preview\fused_cube.zarr\0.0.1","E:\Code\Geocore_M0-1_image_fusion\test_outputs\streaming_fast_preview\fused_cube.zarr\0.0.1","REGENERABLE_FUSION_CUBE","4096","28D0BC181E7B8416FA1F2B3BA268954426266E33211D5C828E2E9B518C757A2F"
"M0-1","E:\Code\Geocore_M0-1_image_fusion","test_outputs\streaming_fast_preview\fused_cube.zarr\0.0.2","E:\Code\Geocore_M0-1_image_fusion\test_outputs\streaming_fast_preview\fused_cube.zarr\0.0.2","REGENERABLE_FUSION_CUBE","4096","EC6705F016C775534663FAFE58106EE839EAA17520D706FF37F6042C2227FD55"
"M0-1","E:\Code\Geocore_M0-1_image_fusion","test_outputs\streaming_fast_preview\fused_cube.zarr\0.0.3","E:\Code\Geocore_M0-1_image_fusion\test_outputs\streaming_fast_preview\fused_cube.zarr\0.0.3","REGENERABLE_FUSION_CUBE","4096","276F1B5C73CBB391126C2D9B715C9620EBE4B331C444844DAE1E611F1A20657A"
"M0-1","E:\Code\Geocore_M0-1_image_fusion","test_outputs\streaming_fast_preview\fused_cube.zarr\0.1.0","E:\Code\Geocore_M0-1_image_fusion\test_outputs\streaming_fast_preview\fused_cube.zarr\0.1.0","REGENERABLE_FUSION_CUBE","4096","F56A9114E20331E121AC3B88773A7F120CBC0EAB5EFAAC5279B3B992EC8C8228"
"M0-1","E:\Code\Geocore_M0-1_image_fusion","test_outputs\streaming_fast_preview\fused_cube.zarr\0.1.1","E:\Code\Geocore_M0-1_image_fusion\test_outputs\streaming_fast_preview\fused_cube.zarr\0.1.1","REGENERABLE_FUSION_CUBE","4096","5C4A54BA9F7CA22F8C666F9E3E8F0E8DC5D41953B3D57E3F612C968101E730E7"
"M0-1","E:\Code\Geocore_M0-1_image_fusion","test_outputs\streaming_fast_preview\fused_cube.zarr\0.1.2","E:\Code\Geocore_M0-1_image_fusion\test_outputs\streaming_fast_preview\fused_cube.zarr\0.1.2","REGENERABLE_FUSION_CUBE","4096","AF35864B991E5DFF411A0102A5124AD9945362C7375678830BA1E220538E3DE6"
"M0-1","E:\Code\Geocore_M0-1_image_fusion","test_outputs\streaming_fast_preview\fused_cube.zarr\0.1.3","E:\Code\Geocore_M0-1_image_fusion\test_outputs\streaming_fast_preview\fused_cube.zarr\0.1.3","REGENERABLE_FUSION_CUBE","4096","8A5B8B5A55351EC920F87304FC08BD77B9FD922B7F9B009B0A7F3C7F087A8873"
"M0-1","E:\Code\Geocore_M0-1_image_fusion","test_outputs\streaming_fast_preview\fused_cube.zarr\0.2.0","E:\Code\Geocore_M0-1_image_fusion\test_outputs\streaming_fast_preview\fused_cube.zarr\0.2.0","REGENERABLE_FUSION_CUBE","4096","989565B86011BBA1E00694742A9B79E0F1D5E9F9E59C48ABA1ABB5D1EC743A70"
"M0-1","E:\Code\Geocore_M0-1_image_fusion","test_outputs\streaming_fast_preview\fused_cube.zarr\0.2.1","E:\Code\Geocore_M0-1_image_fusion\test_outputs\streaming_fast_preview\fused_cube.zarr\0.2.1","REGENERABLE_FUSION_CUBE","4096","CBEE1698E175CE28481E27000C56AD49A25EBF62AC6D05AE68E40C27877F331F"
"M0-1","E:\Code\Geocore_M0-1_image_fusion","test_outputs\streaming_fast_preview\fused_cube.zarr\0.2.2","E:\Code\Geocore_M0-1_image_fusion\test_outputs\streaming_fast_preview\fused_cube.zarr\0.2.2","REGENERABLE_FUSION_CUBE","4096","494E1A3A4A091DBA60CFD3812B26C0DF0665BFD215E21756C78C3736D5977519"
"M0-1","E:\Code\Geocore_M0-1_image_fusion","test_outputs\streaming_fast_preview\fused_cube.zarr\0.2.3","E:\Code\Geocore_M0-1_image_fusion\test_outputs\streaming_fast_preview\fused_cube.zarr\0.2.3","REGENERABLE_FUSION_CUBE","4096","80773FDC0D82042C3CA5B3E595DC15AA888F824701BC2CD613F272445B006F06"
"M0-1","E:\Code\Geocore_M0-1_image_fusion","test_outputs\streaming_fast_preview\fused_cube.zarr\1.0.0","E:\Code\Geocore_M0-1_image_fusion\test_outputs\streaming_fast_preview\fused_cube.zarr\1.0.0","REGENERABLE_FUSION_CUBE","4096","52BA098CD7E206C180A92F0082F3C4E1D2633E9BF1C843244E5C728D44F74EDB"
"M0-1","E:\Code\Geocore_M0-1_image_fusion","test_outputs\streaming_fast_preview\fused_cube.zarr\1.0.1","E:\Code\Geocore_M0-1_image_fusion\test_outputs\streaming_fast_preview\fused_cube.zarr\1.0.1","REGENERABLE_FUSION_CUBE","4096","A4224EE968521C781C5CEC09F6F7DE5A41D163F5A27054EA9342AE8BE90B17C8"
"M0-1","E:\Code\Geocore_M0-1_image_fusion","test_outputs\streaming_fast_preview\fused_cube.zarr\1.0.2","E:\Code\Geocore_M0-1_image_fusion\test_outputs\streaming_fast_preview\fused_cube.zarr\1.0.2","REGENERABLE_FUSION_CUBE","4096","8C8A1E2D4D3B1E4ECECEA4DC257F4F4B4F6A1181CE111DAF297BFB43FDB76871"
"M0-1","E:\Code\Geocore_M0-1_image_fusion","test_outputs\streaming_fast_preview\fused_cube.zarr\1.0.3","E:\Code\Geocore_M0-1_image_fusion\test_outputs\streaming_fast_preview\fused_cube.zarr\1.0.3","REGENERABLE_FUSION_CUBE","4096","49FF41F545661A73671B580E8F509A578DA256D0C3491200A87A922418E3158A"
"M0-1","E:\Code\Geocore_M0-1_image_fusion","test_outputs\streaming_fast_preview\fused_cube.zarr\1.1.0","E:\Code\Geocore_M0-1_image_fusion\test_outputs\streaming_fast_preview\fused_cube.zarr\1.1.0","REGENERABLE_FUSION_CUBE","4096","4052CDD315D84C95F832D9D0B99AF74A07958BDC2CA19DE09E189DA99DD2E8E8"
"M0-1","E:\Code\Geocore_M0-1_image_fusion","test_outputs\streaming_fast_preview\fused_cube.zarr\1.1.1","E:\Code\Geocore_M0-1_image_fusion\test_outputs\streaming_fast_preview\fused_cube.zarr\1.1.1","REGENERABLE_FUSION_CUBE","4096","8ECCD27333467E0E752FA68CD784F1A916F8EE987A08ECAAF9E6FAFC2F3EAC0C"
"M0-1","E:\Code\Geocore_M0-1_image_fusion","test_outputs\streaming_fast_preview\fused_cube.zarr\1.1.2","E:\Code\Geocore_M0-1_image_fusion\test_outputs\streaming_fast_preview\fused_cube.zarr\1.1.2","REGENERABLE_FUSION_CUBE","4096","7F0AE33EF415EDD3834D6FDA100A8C28258A7E967AA69071EC1F8B3596817580"
"M0-1","E:\Code\Geocore_M0-1_image_fusion","test_outputs\streaming_fast_preview\fused_cube.zarr\1.1.3","E:\Code\Geocore_M0-1_image_fusion\test_outputs\streaming_fast_preview\fused_cube.zarr\1.1.3","REGENERABLE_FUSION_CUBE","4096","1680A7518DB1358499A992CA2CDDACF2ED9490552BB4D6802D7FA12690197C16"
"M0-1","E:\Code\Geocore_M0-1_image_fusion","test_outputs\streaming_fast_preview\fused_cube.zarr\1.2.0","E:\Code\Geocore_M0-1_image_fusion\test_outputs\streaming_fast_preview\fused_cube.zarr\1.2.0","REGENERABLE_FUSION_CUBE","4096","431BC1AB03A5407A29BF538C3912FE381618E5148AACB8A31EE4713777A6F8DF"
"M0-1","E:\Code\Geocore_M0-1_image_fusion","test_outputs\streaming_fast_preview\fused_cube.zarr\1.2.1","E:\Code\Geocore_M0-1_image_fusion\test_outputs\streaming_fast_preview\fused_cube.zarr\1.2.1","REGENERABLE_FUSION_CUBE","4096","9C7ADD91BF85B2182F09554DE5E22BF8F1050AFCF5D942D34D975B90CD90A962"
"M0-1","E:\Code\Geocore_M0-1_image_fusion","test_outputs\streaming_fast_preview\fused_cube.zarr\1.2.2","E:\Code\Geocore_M0-1_image_fusion\test_outputs\streaming_fast_preview\fused_cube.zarr\1.2.2","REGENERABLE_FUSION_CUBE","4096","CF377D58359A1799AAFD9D7FA276DE2F09917694A207A63F147C73CB178BC7EE"
"M0-1","E:\Code\Geocore_M0-1_image_fusion","test_outputs\streaming_fast_preview\fused_cube.zarr\1.2.3","E:\Code\Geocore_M0-1_image_fusion\test_outputs\streaming_fast_preview\fused_cube.zarr\1.2.3","REGENERABLE_FUSION_CUBE","4096","A04A51CE84989AB857DE6E89D51AA83D1832B6ED0055B40B6C782D8026075E23"
"M0-1","E:\Code\Geocore_M0-1_image_fusion","test_outputs\streaming_fast_preview\fused_cube.zarr\2.0.0","E:\Code\Geocore_M0-1_image_fusion\test_outputs\streaming_fast_preview\fused_cube.zarr\2.0.0","REGENERABLE_FUSION_CUBE","4096","CA2564CE6BB5E8AEA928A3BD111916AB5EADB69E61F485EF14C9A14B83B9118C"
"M0-1","E:\Code\Geocore_M0-1_image_fusion","test_outputs\streaming_fast_preview\fused_cube.zarr\2.0.1","E:\Code\Geocore_M0-1_image_fusion\test_outputs\streaming_fast_preview\fused_cube.zarr\2.0.1","REGENERABLE_FUSION_CUBE","4096","CA0180E25DD3AA294420C96BB28339E7833025A27090F6F6D9D7A26C6EC9B6B1"
"M0-1","E:\Code\Geocore_M0-1_image_fusion","test_outputs\streaming_fast_preview\fused_cube.zarr\2.0.2","E:\Code\Geocore_M0-1_image_fusion\test_outputs\streaming_fast_preview\fused_cube.zarr\2.0.2","REGENERABLE_FUSION_CUBE","4096","7388DE8F784DEAFE4EC9920E7CA19DFD7ACAF5CC8DE677688875F2C957E0E006"
"M0-1","E:\Code\Geocore_M0-1_image_fusion","test_outputs\streaming_fast_preview\fused_cube.zarr\2.0.3","E:\Code\Geocore_M0-1_image_fusion\test_outputs\streaming_fast_preview\fused_cube.zarr\2.0.3","REGENERABLE_FUSION_CUBE","4096","1F715F7A48EDE6609CF7FB7CC0C3E35C5B816448C32BC8DD521714F1680AA8C0"
"M0-1","E:\Code\Geocore_M0-1_image_fusion","test_outputs\streaming_fast_preview\fused_cube.zarr\2.1.0","E:\Code\Geocore_M0-1_image_fusion\test_outputs\streaming_fast_preview\fused_cube.zarr\2.1.0","REGENERABLE_FUSION_CUBE","4096","44154B9C20E89E49A211409477E9BFBB642631C3D7A0A6A4690AB4975C822BC4"
"M0-1","E:\Code\Geocore_M0-1_image_fusion","test_outputs\streaming_fast_preview\fused_cube.zarr\2.1.1","E:\Code\Geocore_M0-1_image_fusion\test_outputs\streaming_fast_preview\fused_cube.zarr\2.1.1","REGENERABLE_FUSION_CUBE","4096","DF8FD924B933778566E294F9A73C2BC8557F5F0B510BD4B08D8669289DF63A25"
"M0-1","E:\Code\Geocore_M0-1_image_fusion","test_outputs\streaming_fast_preview\fused_cube.zarr\2.1.2","E:\Code\Geocore_M0-1_image_fusion\test_outputs\streaming_fast_preview\fused_cube.zarr\2.1.2","REGENERABLE_FUSION_CUBE","4096","40940F38C8BE1376A96268E895D2C2B23E6FBDFCEA835896075FE2B4F3F11E4D"
"M0-1","E:\Code\Geocore_M0-1_image_fusion","test_outputs\streaming_fast_preview\fused_cube.zarr\2.1.3","E:\Code\Geocore_M0-1_image_fusion\test_outputs\streaming_fast_preview\fused_cube.zarr\2.1.3","REGENERABLE_FUSION_CUBE","4096","1083163B8122064E77A14CA3D63DE148E1B827D6BBE0DE1AECF81B5CE92D0407"
"M0-1","E:\Code\Geocore_M0-1_image_fusion","test_outputs\streaming_fast_preview\fused_cube.zarr\2.2.0","E:\Code\Geocore_M0-1_image_fusion\test_outputs\streaming_fast_preview\fused_cube.zarr\2.2.0","REGENERABLE_FUSION_CUBE","4096","DA0DACEEBA20F4250B2E68E2221F99B4B65633A82AE642DECC1DAC3E6B906B83"
"M0-1","E:\Code\Geocore_M0-1_image_fusion","test_outputs\streaming_fast_preview\fused_cube.zarr\2.2.1","E:\Code\Geocore_M0-1_image_fusion\test_outputs\streaming_fast_preview\fused_cube.zarr\2.2.1","REGENERABLE_FUSION_CUBE","4096","AA060BC67C8CF56627074FCC5D61B65560D90499EF2AA82983A47542AB065722"
"M0-1","E:\Code\Geocore_M0-1_image_fusion","test_outputs\streaming_fast_preview\fused_cube.zarr\2.2.2","E:\Code\Geocore_M0-1_image_fusion\test_outputs\streaming_fast_preview\fused_cube.zarr\2.2.2","REGENERABLE_FUSION_CUBE","4096","BFDD7D6A2CF31CA347EC96BFF18325A9E9974C1FD57C8EF0D1F345E39AFE947E"
"M0-1","E:\Code\Geocore_M0-1_image_fusion","test_outputs\streaming_fast_preview\fused_cube.zarr\2.2.3","E:\Code\Geocore_M0-1_image_fusion\test_outputs\streaming_fast_preview\fused_cube.zarr\2.2.3","REGENERABLE_FUSION_CUBE","4096","9B61F59CE35382ACD8B85B434FCEC6BFB4B458AB564BB4C9EB7B5BC65A64A70E"
"M0-1","E:\Code\Geocore_M0-1_image_fusion","test_outputs\streaming_fast_preview\metadata\band_metadata.csv","E:\Code\Geocore_M0-1_image_fusion\test_outputs\streaming_fast_preview\metadata\band_metadata.csv","GENERATED_TEST_OUTPUT","945","F9A682F29C44A534408C1FCA5CF543422D1B4770C617700BE9A480AF840F69A3"
"M0-1","E:\Code\Geocore_M0-1_image_fusion","test_outputs\streaming_fast_preview\metadata\input_metadata.json","E:\Code\Geocore_M0-1_image_fusion\test_outputs\streaming_fast_preview\metadata\input_metadata.json","GENERATED_TEST_OUTPUT","1170","991939F8FA361601EB924CD2585B89D96CB76EF917D449FF75DE55473C596903"
"M0-1","E:\Code\Geocore_M0-1_image_fusion","test_outputs\streaming_fast_preview\metadata\processing_config.json","E:\Code\Geocore_M0-1_image_fusion\test_outputs\streaming_fast_preview\metadata\processing_config.json","GENERATED_TEST_OUTPUT","616","3F2B1B5DE9F4911E7F45103DBC650303520A647A060A062799E0446567E8BB3B"
"M0-1","E:\Code\Geocore_M0-1_image_fusion","test_outputs\streaming_fast_preview\metadata\registration_model.json","E:\Code\Geocore_M0-1_image_fusion\test_outputs\streaming_fast_preview\metadata\registration_model.json","GENERATED_TEST_OUTPUT","437","B6B20F686B2DAB987457A5E73176AA3B02DAA5B6A064E0F8E0070A4EB09994C3"
"M0-1","E:\Code\Geocore_M0-1_image_fusion","test_outputs\streaming_fast_preview\metadata\spectral_stitch_model.json","E:\Code\Geocore_M0-1_image_fusion\test_outputs\streaming_fast_preview\metadata\spectral_stitch_model.json","GENERATED_TEST_OUTPUT","510","7A8FAB1720C54DD7C25F492A560DCEB25DEDA9D681EAF20B05A5E1C7F564E397"
"M0-1","E:\Code\Geocore_M0-1_image_fusion","test_outputs\streaming_fast_preview\metrics\quality_report.json","E:\Code\Geocore_M0-1_image_fusion\test_outputs\streaming_fast_preview\metrics\quality_report.json","GENERATED_TEST_OUTPUT","1053","35ED0963E6CD76121E186ADA3C1DFE1CAF4CAE6656A1E600D89C8687D5738A4E"
"M0-1","E:\Code\Geocore_M0-1_image_fusion","test_outputs\streaming_fast_preview\previews\preview_rgb.png","E:\Code\Geocore_M0-1_image_fusion\test_outputs\streaming_fast_preview\previews\preview_rgb.png","GENERATED_TEST_OUTPUT","4715","37962A461D498A0242E92DAE85A6FC1DE6FFD20C6F95D3657503E7514E3FA264"
"M0-1","E:\Code\Geocore_M0-1_image_fusion","test_outputs\streaming_inputs\nir.dat","E:\Code\Geocore_M0-1_image_fusion\test_outputs\streaming_inputs\nir.dat","GENERATED_TEST_OUTPUT","3360","48EA4CD7751CE53709212231937E52DF0614204B2CE49F5173763727AA0A1FCD"
"M0-1","E:\Code\Geocore_M0-1_image_fusion","test_outputs\streaming_inputs\nir.hdr","E:\Code\Geocore_M0-1_image_fusion\test_outputs\streaming_inputs\nir.hdr","GENERATED_TEST_OUTPUT","236","27E4B12FA4FC2A234A6D6189BD87B0B985E7B89D62D2AF16CD504FB8675697FF"
"M0-1","E:\Code\Geocore_M0-1_image_fusion","test_outputs\streaming_inputs\rgb.dat","E:\Code\Geocore_M0-1_image_fusion\test_outputs\streaming_inputs\rgb.dat","GENERATED_TEST_OUTPUT","5760","E8F25A6F50848F0C998E3750C1AFEDBC2C53594DCD0BB9188640FFD80442817C"
"M0-1","E:\Code\Geocore_M0-1_image_fusion","test_outputs\streaming_inputs\rgb.hdr","E:\Code\Geocore_M0-1_image_fusion\test_outputs\streaming_inputs\rgb.hdr","GENERATED_TEST_OUTPUT","183","6CA70D371B91A0B4B84B062E8B1FADE308BF59B13C1FB4CBF34C5F0C92AEEFAA"
"M0-1","E:\Code\Geocore_M0-1_image_fusion","test_outputs\streaming_inputs\swir.dat","E:\Code\Geocore_M0-1_image_fusion\test_outputs\streaming_inputs\swir.dat","GENERATED_TEST_OUTPUT","3696","C0EC648958373F7206F4C72A6A1597731A33BBE402FCDA4E88F5D6449554CA21"
"M0-1","E:\Code\Geocore_M0-1_image_fusion","test_outputs\streaming_inputs\swir.hdr","E:\Code\Geocore_M0-1_image_fusion\test_outputs\streaming_inputs\swir.hdr","GENERATED_TEST_OUTPUT","240","F3E83E77063D5A191A181A7DCCD8AD2325BCEF07ADF01A79AE200981305D2C69"
"M0-1","E:\Code\Geocore_M0-1_image_fusion","test_outputs\streaming_upsample_only\manifest.json","E:\Code\Geocore_M0-1_image_fusion\test_outputs\streaming_upsample_only\manifest.json","GENERATED_TEST_OUTPUT","1288","321FE5C0A3047C7B8663D8254412A6A57369A82FFD078ACF978F95611CCB8482"
"M0-1","E:\Code\Geocore_M0-1_image_fusion","test_outputs\streaming_upsample_only\fused_cube.zarr\.zarray","E:\Code\Geocore_M0-1_image_fusion\test_outputs\streaming_upsample_only\fused_cube.zarr\.zarray","REGENERABLE_FUSION_CUBE","217","BA8888BA02E2FA6128248BEC075DF5206174AC4C7E4E396FD6F09802AFC8A6E4"
"M0-1","E:\Code\Geocore_M0-1_image_fusion","test_outputs\streaming_upsample_only\fused_cube.zarr\.zattrs","E:\Code\Geocore_M0-1_image_fusion\test_outputs\streaming_upsample_only\fused_cube.zarr\.zattrs","REGENERABLE_FUSION_CUBE","155","3A2BF435F560C0BAF41F58B42BF7B0E2FF3C6BFE04D4AF6389135749DB3B7943"
"M0-1","E:\Code\Geocore_M0-1_image_fusion","test_outputs\streaming_upsample_only\fused_cube.zarr\0.0.0","E:\Code\Geocore_M0-1_image_fusion\test_outputs\streaming_upsample_only\fused_cube.zarr\0.0.0","REGENERABLE_FUSION_CUBE","4096","DC4CEFAFEF1906F5CD3DCAFEE1514837EF4A6FF3691524542C1623C00393C6C6"
"M0-1","E:\Code\Geocore_M0-1_image_fusion","test_outputs\streaming_upsample_only\fused_cube.zarr\0.0.1","E:\Code\Geocore_M0-1_image_fusion\test_outputs\streaming_upsample_only\fused_cube.zarr\0.0.1","REGENERABLE_FUSION_CUBE","4096","F24B8FEC1E29CD1CFC16E2B514E6EC2D5ED5734BCC6A68283155377393FA044E"
"M0-1","E:\Code\Geocore_M0-1_image_fusion","test_outputs\streaming_upsample_only\fused_cube.zarr\0.0.2","E:\Code\Geocore_M0-1_image_fusion\test_outputs\streaming_upsample_only\fused_cube.zarr\0.0.2","REGENERABLE_FUSION_CUBE","4096","B6F900CB9E6246D756ECA92BBC16E24DD6BB07834CB5E2CDE2A42CB9EA64F9D2"
"M0-1","E:\Code\Geocore_M0-1_image_fusion","test_outputs\streaming_upsample_only\fused_cube.zarr\0.0.3","E:\Code\Geocore_M0-1_image_fusion\test_outputs\streaming_upsample_only\fused_cube.zarr\0.0.3","REGENERABLE_FUSION_CUBE","4096","D5C17EC6FDCD82341A6E050CD4BD308DF479B4B4A89FC02B0F6B85B535786B22"
"M0-1","E:\Code\Geocore_M0-1_image_fusion","test_outputs\streaming_upsample_only\fused_cube.zarr\0.1.0","E:\Code\Geocore_M0-1_image_fusion\test_outputs\streaming_upsample_only\fused_cube.zarr\0.1.0","REGENERABLE_FUSION_CUBE","4096","F619B3EF1D5384B41B3CCF33C9DA266DFE4B10498DA797A200EA207627006715"
"M0-1","E:\Code\Geocore_M0-1_image_fusion","test_outputs\streaming_upsample_only\fused_cube.zarr\0.1.1","E:\Code\Geocore_M0-1_image_fusion\test_outputs\streaming_upsample_only\fused_cube.zarr\0.1.1","REGENERABLE_FUSION_CUBE","4096","65446DCD47BC3BF79016E9AB7F3269D5B92F42C2B7455AFA929466DF04D673FC"
"M0-1","E:\Code\Geocore_M0-1_image_fusion","test_outputs\streaming_upsample_only\fused_cube.zarr\0.1.2","E:\Code\Geocore_M0-1_image_fusion\test_outputs\streaming_upsample_only\fused_cube.zarr\0.1.2","REGENERABLE_FUSION_CUBE","4096","E26372B17E0071B0AF5F0247B45F0805BB25DB76BC824BC22E9D05B3774D3644"
"M0-1","E:\Code\Geocore_M0-1_image_fusion","test_outputs\streaming_upsample_only\fused_cube.zarr\0.1.3","E:\Code\Geocore_M0-1_image_fusion\test_outputs\streaming_upsample_only\fused_cube.zarr\0.1.3","REGENERABLE_FUSION_CUBE","4096","7F30DDC434864AAA4BF6ED334C19B218763CF931BC213259143C94DE19F3250A"
"M0-1","E:\Code\Geocore_M0-1_image_fusion","test_outputs\streaming_upsample_only\fused_cube.zarr\0.2.0","E:\Code\Geocore_M0-1_image_fusion\test_outputs\streaming_upsample_only\fused_cube.zarr\0.2.0","REGENERABLE_FUSION_CUBE","4096","CF1142FCB41F46B02C1D3349CBC74A13C18A5693C4BACE2E086F2DF7085B6F29"
"M0-1","E:\Code\Geocore_M0-1_image_fusion","test_outputs\streaming_upsample_only\fused_cube.zarr\0.2.1","E:\Code\Geocore_M0-1_image_fusion\test_outputs\streaming_upsample_only\fused_cube.zarr\0.2.1","REGENERABLE_FUSION_CUBE","4096","7AE7FDCCAD280653C05BB3E345D7CE3BAA7E655D67922A6278CD8073E09691A3"
"M0-1","E:\Code\Geocore_M0-1_image_fusion","test_outputs\streaming_upsample_only\fused_cube.zarr\0.2.2","E:\Code\Geocore_M0-1_image_fusion\test_outputs\streaming_upsample_only\fused_cube.zarr\0.2.2","REGENERABLE_FUSION_CUBE","4096","397F05C7BAE90D492787DD724F8A144AB807FACBB6AB9D410D93F2D0FFA95805"
"M0-1","E:\Code\Geocore_M0-1_image_fusion","test_outputs\streaming_upsample_only\fused_cube.zarr\0.2.3","E:\Code\Geocore_M0-1_image_fusion\test_outputs\streaming_upsample_only\fused_cube.zarr\0.2.3","REGENERABLE_FUSION_CUBE","4096","A59A684023707880D2E41082737BF7D869A64235B63344CF9DDCEC79114E4692"
"M0-1","E:\Code\Geocore_M0-1_image_fusion","test_outputs\streaming_upsample_only\fused_cube.zarr\1.0.0","E:\Code\Geocore_M0-1_image_fusion\test_outputs\streaming_upsample_only\fused_cube.zarr\1.0.0","REGENERABLE_FUSION_CUBE","4096","7A30D3F19D257F6C8F8CCAB36F33F778751239C600700DD66C4C89B3D826619B"
"M0-1","E:\Code\Geocore_M0-1_image_fusion","test_outputs\streaming_upsample_only\fused_cube.zarr\1.0.1","E:\Code\Geocore_M0-1_image_fusion\test_outputs\streaming_upsample_only\fused_cube.zarr\1.0.1","REGENERABLE_FUSION_CUBE","4096","973A90ADBE15A56E20033A91DF8599E5DA2A4E0A27A800B616FD8036EE2BC754"
"M0-1","E:\Code\Geocore_M0-1_image_fusion","test_outputs\streaming_upsample_only\fused_cube.zarr\1.0.2","E:\Code\Geocore_M0-1_image_fusion\test_outputs\streaming_upsample_only\fused_cube.zarr\1.0.2","REGENERABLE_FUSION_CUBE","4096","5A40653747F7EBF43201ED2E5FF06979E09FF1469EA141561FE25E567BEB8178"
"M0-1","E:\Code\Geocore_M0-1_image_fusion","test_outputs\streaming_upsample_only\fused_cube.zarr\1.0.3","E:\Code\Geocore_M0-1_image_fusion\test_outputs\streaming_upsample_only\fused_cube.zarr\1.0.3","REGENERABLE_FUSION_CUBE","4096","F21F47EEAF9695C21EEFC6670428BA465F59B83BF591D290C5CF29D7C455E8D7"
"M0-1","E:\Code\Geocore_M0-1_image_fusion","test_outputs\streaming_upsample_only\fused_cube.zarr\1.1.0","E:\Code\Geocore_M0-1_image_fusion\test_outputs\streaming_upsample_only\fused_cube.zarr\1.1.0","REGENERABLE_FUSION_CUBE","4096","CC995D949F65A8CA00C8F33EBA4C7AC555EC4BA872463937FE0A1A07FD951CBC"
"M0-1","E:\Code\Geocore_M0-1_image_fusion","test_outputs\streaming_upsample_only\fused_cube.zarr\1.1.1","E:\Code\Geocore_M0-1_image_fusion\test_outputs\streaming_upsample_only\fused_cube.zarr\1.1.1","REGENERABLE_FUSION_CUBE","4096","44E4954202E8BC01494B28411CBA8BED987C459A735D848D3E7E9C250ECD1E39"
"M0-1","E:\Code\Geocore_M0-1_image_fusion","test_outputs\streaming_upsample_only\fused_cube.zarr\1.1.2","E:\Code\Geocore_M0-1_image_fusion\test_outputs\streaming_upsample_only\fused_cube.zarr\1.1.2","REGENERABLE_FUSION_CUBE","4096","A0136578A85C60F4E13B2AC6CC781474CE1E97322C856AC25CA54DF10ECDAD30"
"M0-1","E:\Code\Geocore_M0-1_image_fusion","test_outputs\streaming_upsample_only\fused_cube.zarr\1.1.3","E:\Code\Geocore_M0-1_image_fusion\test_outputs\streaming_upsample_only\fused_cube.zarr\1.1.3","REGENERABLE_FUSION_CUBE","4096","58EE1F633354710067FCD94336B36016860524C58A71BDCCEB33E09AFC2F787B"
"M0-1","E:\Code\Geocore_M0-1_image_fusion","test_outputs\streaming_upsample_only\fused_cube.zarr\1.2.0","E:\Code\Geocore_M0-1_image_fusion\test_outputs\streaming_upsample_only\fused_cube.zarr\1.2.0","REGENERABLE_FUSION_CUBE","4096","C2F2FAFBA0D1F7A91A3BBABCEEFDBCDFE09B444E33F83D283F66411DC03E1BCD"
"M0-1","E:\Code\Geocore_M0-1_image_fusion","test_outputs\streaming_upsample_only\fused_cube.zarr\1.2.1","E:\Code\Geocore_M0-1_image_fusion\test_outputs\streaming_upsample_only\fused_cube.zarr\1.2.1","REGENERABLE_FUSION_CUBE","4096","72651C5BBCEF0B3B0DCF9ABD2C2C7B937D89F1A91E0262BA1AE45854B217F3D8"
"M0-1","E:\Code\Geocore_M0-1_image_fusion","test_outputs\streaming_upsample_only\fused_cube.zarr\1.2.2","E:\Code\Geocore_M0-1_image_fusion\test_outputs\streaming_upsample_only\fused_cube.zarr\1.2.2","REGENERABLE_FUSION_CUBE","4096","DA1503332651651D8AE2317F5B1B9FBA45DB355ACF8E45190A152DDB2B22C187"
"M0-1","E:\Code\Geocore_M0-1_image_fusion","test_outputs\streaming_upsample_only\fused_cube.zarr\1.2.3","E:\Code\Geocore_M0-1_image_fusion\test_outputs\streaming_upsample_only\fused_cube.zarr\1.2.3","REGENERABLE_FUSION_CUBE","4096","D592F9BFFCA5B219F3280344597DB25318B55E6CA9E86F9AEAB003D5F2E99CF1"
"M0-1","E:\Code\Geocore_M0-1_image_fusion","test_outputs\streaming_upsample_only\fused_cube.zarr\2.0.0","E:\Code\Geocore_M0-1_image_fusion\test_outputs\streaming_upsample_only\fused_cube.zarr\2.0.0","REGENERABLE_FUSION_CUBE","4096","AA95BE3996868BF27DA4099F05FD8C6515E19C812CBE679BF7BE646DD47A66D5"
"M0-1","E:\Code\Geocore_M0-1_image_fusion","test_outputs\streaming_upsample_only\fused_cube.zarr\2.0.1","E:\Code\Geocore_M0-1_image_fusion\test_outputs\streaming_upsample_only\fused_cube.zarr\2.0.1","REGENERABLE_FUSION_CUBE","4096","3EC700AC8D4579B934F7ABD389AC746DCF874C2AFDFF99BB2E24C7C38C6907EA"
"M0-1","E:\Code\Geocore_M0-1_image_fusion","test_outputs\streaming_upsample_only\fused_cube.zarr\2.0.2","E:\Code\Geocore_M0-1_image_fusion\test_outputs\streaming_upsample_only\fused_cube.zarr\2.0.2","REGENERABLE_FUSION_CUBE","4096","FF3812AB6A0EF40A33FAB0F859F0EF9BD56F2D604923C2D8F457918AB68F39F5"
"M0-1","E:\Code\Geocore_M0-1_image_fusion","test_outputs\streaming_upsample_only\fused_cube.zarr\2.0.3","E:\Code\Geocore_M0-1_image_fusion\test_outputs\streaming_upsample_only\fused_cube.zarr\2.0.3","REGENERABLE_FUSION_CUBE","4096","5619253824B4F34396183531A5DC2D03DFBF05551C48194EC1543E9816315B45"
"M0-1","E:\Code\Geocore_M0-1_image_fusion","test_outputs\streaming_upsample_only\fused_cube.zarr\2.1.0","E:\Code\Geocore_M0-1_image_fusion\test_outputs\streaming_upsample_only\fused_cube.zarr\2.1.0","REGENERABLE_FUSION_CUBE","4096","0959873A73863DF0624BAAC75904B659D160E835BDA4E116004BA945E9F9A359"
"M0-1","E:\Code\Geocore_M0-1_image_fusion","test_outputs\streaming_upsample_only\fused_cube.zarr\2.1.1","E:\Code\Geocore_M0-1_image_fusion\test_outputs\streaming_upsample_only\fused_cube.zarr\2.1.1","REGENERABLE_FUSION_CUBE","4096","37A2F62A7C12F6D8D51141973D3C69D678D78C6E2A23CCB1CCB17E822D063DEA"
"M0-1","E:\Code\Geocore_M0-1_image_fusion","test_outputs\streaming_upsample_only\fused_cube.zarr\2.1.2","E:\Code\Geocore_M0-1_image_fusion\test_outputs\streaming_upsample_only\fused_cube.zarr\2.1.2","REGENERABLE_FUSION_CUBE","4096","0F7815C4BC5887C5A273AE91919CA3D596DCA35AFAC3F3041FC7EA8A0D06C7A0"
"M0-1","E:\Code\Geocore_M0-1_image_fusion","test_outputs\streaming_upsample_only\fused_cube.zarr\2.1.3","E:\Code\Geocore_M0-1_image_fusion\test_outputs\streaming_upsample_only\fused_cube.zarr\2.1.3","REGENERABLE_FUSION_CUBE","4096","BBAD3DB7621F56CD4CA4637E1FB04DB3931563EBD492441A0EA4574A89A39494"
"M0-1","E:\Code\Geocore_M0-1_image_fusion","test_outputs\streaming_upsample_only\fused_cube.zarr\2.2.0","E:\Code\Geocore_M0-1_image_fusion\test_outputs\streaming_upsample_only\fused_cube.zarr\2.2.0","REGENERABLE_FUSION_CUBE","4096","76CF3FCA0149EAFA6C73644D9929B926B216F62546E2B8659C3DB9A14034C582"
"M0-1","E:\Code\Geocore_M0-1_image_fusion","test_outputs\streaming_upsample_only\fused_cube.zarr\2.2.1","E:\Code\Geocore_M0-1_image_fusion\test_outputs\streaming_upsample_only\fused_cube.zarr\2.2.1","REGENERABLE_FUSION_CUBE","4096","32DCC2BA47B2688FA0E35AD0371F15FEE1BD0D00ACCF14FA037A33304D6206DC"
"M0-1","E:\Code\Geocore_M0-1_image_fusion","test_outputs\streaming_upsample_only\fused_cube.zarr\2.2.2","E:\Code\Geocore_M0-1_image_fusion\test_outputs\streaming_upsample_only\fused_cube.zarr\2.2.2","REGENERABLE_FUSION_CUBE","4096","15E1E691327F65684E059D938C76BE24386B0E1659C052AE0AACED253CDED18B"
"M0-1","E:\Code\Geocore_M0-1_image_fusion","test_outputs\streaming_upsample_only\fused_cube.zarr\2.2.3","E:\Code\Geocore_M0-1_image_fusion\test_outputs\streaming_upsample_only\fused_cube.zarr\2.2.3","REGENERABLE_FUSION_CUBE","4096","CFCB37112D06A252BB2AFD8546A617E915AC012997A25F2098434C12F1CA5A3B"
"M0-1","E:\Code\Geocore_M0-1_image_fusion","test_outputs\streaming_upsample_only\metadata\band_metadata.csv","E:\Code\Geocore_M0-1_image_fusion\test_outputs\streaming_upsample_only\metadata\band_metadata.csv","GENERATED_TEST_OUTPUT","945","F9A682F29C44A534408C1FCA5CF543422D1B4770C617700BE9A480AF840F69A3"
"M0-1","E:\Code\Geocore_M0-1_image_fusion","test_outputs\streaming_upsample_only\metadata\input_metadata.json","E:\Code\Geocore_M0-1_image_fusion\test_outputs\streaming_upsample_only\metadata\input_metadata.json","GENERATED_TEST_OUTPUT","1170","991939F8FA361601EB924CD2585B89D96CB76EF917D449FF75DE55473C596903"
"M0-1","E:\Code\Geocore_M0-1_image_fusion","test_outputs\streaming_upsample_only\metadata\processing_config.json","E:\Code\Geocore_M0-1_image_fusion\test_outputs\streaming_upsample_only\metadata\processing_config.json","GENERATED_TEST_OUTPUT","617","52B5DB90EF7DBABCA85BFDDADBC02832220B5E966CE2B54CDA84BE488CB705A1"
"M0-1","E:\Code\Geocore_M0-1_image_fusion","test_outputs\streaming_upsample_only\metadata\registration_model.json","E:\Code\Geocore_M0-1_image_fusion\test_outputs\streaming_upsample_only\metadata\registration_model.json","GENERATED_TEST_OUTPUT","437","B6B20F686B2DAB987457A5E73176AA3B02DAA5B6A064E0F8E0070A4EB09994C3"
"M0-1","E:\Code\Geocore_M0-1_image_fusion","test_outputs\streaming_upsample_only\metadata\spectral_stitch_model.json","E:\Code\Geocore_M0-1_image_fusion\test_outputs\streaming_upsample_only\metadata\spectral_stitch_model.json","GENERATED_TEST_OUTPUT","510","7A8FAB1720C54DD7C25F492A560DCEB25DEDA9D681EAF20B05A5E1C7F564E397"
"M0-1","E:\Code\Geocore_M0-1_image_fusion","test_outputs\streaming_upsample_only\metrics\quality_report.json","E:\Code\Geocore_M0-1_image_fusion\test_outputs\streaming_upsample_only\metrics\quality_report.json","GENERATED_TEST_OUTPUT","1054","3F52862BA1ABA175F6D144F561EC404AFE5B0885AD5489D357E8BC56C3920144"
"M0-1","E:\Code\Geocore_M0-1_image_fusion","test_outputs\streaming_upsample_only\previews\preview_rgb.png","E:\Code\Geocore_M0-1_image_fusion\test_outputs\streaming_upsample_only\previews\preview_rgb.png","GENERATED_TEST_OUTPUT","4715","37962A461D498A0242E92DAE85A6FC1DE6FFD20C6F95D3657503E7514E3FA264"
"M0-1","E:\Code\Geocore_M0-1_image_fusion","test_outputs\tiepoints_session\session.json","E:\Code\Geocore_M0-1_image_fusion\test_outputs\tiepoints_session\session.json","GENERATED_TEST_OUTPUT","7328","33AA105C9D049A91B34C759A7F84F3FC1B4C4FAAB495D4BAA7E0CD349101FF7E"
"M0-1","E:\Code\Geocore_M0-1_image_fusion","test_outputs\tiepoints_session\previews\unit_test_stage_checkerboard.png","E:\Code\Geocore_M0-1_image_fusion\test_outputs\tiepoints_session\previews\unit_test_stage_checkerboard.png","GENERATED_TEST_OUTPUT","4040","5F7B87727E4E6C1174FD9F7781F3BBB4D85CCF013DE2945D1B85A565E77F9B4C"
"M0-1","E:\Code\Geocore_M0-1_image_fusion","test_outputs\tiepoints_session\previews\unit_test_stage_moving_points.png","E:\Code\Geocore_M0-1_image_fusion\test_outputs\tiepoints_session\previews\unit_test_stage_moving_points.png","GENERATED_TEST_OUTPUT","1545","2C078140F475C236DCD3AEDE1ED79E25EF0F20DAFE333C30E905925FA4D1A1C9"
"M0-1","E:\Code\Geocore_M0-1_image_fusion","test_outputs\tiepoints_session\previews\unit_test_stage_reference_points.png","E:\Code\Geocore_M0-1_image_fusion\test_outputs\tiepoints_session\previews\unit_test_stage_reference_points.png","GENERATED_TEST_OUTPUT","3180","9F33D78B37B7DD047248E892D922BB722699526C1893DB9E25A8961D97E43850"
"M0-1","E:\Code\Geocore_M0-1_image_fusion","test_outputs\tiepoints_session\previews\unit_test_stage_tiepoints_side_by_side.png","E:\Code\Geocore_M0-1_image_fusion\test_outputs\tiepoints_session\previews\unit_test_stage_tiepoints_side_by_side.png","GENERATED_TEST_OUTPUT","5695","7E5F1A876C9A454CAC721EBA3B400F1297C13E513FD45064D50522E48C46FB76"
"M0-1","E:\Code\Geocore_M0-1_image_fusion","test_outputs\upsample_only\manifest.json","E:\Code\Geocore_M0-1_image_fusion\test_outputs\upsample_only\manifest.json","GENERATED_TEST_OUTPUT","1397","F55BC5CEA76985FE850083DD7D334B6E9DE9257A455C94559DA75C9FFDD4D29D"
"M0-1","E:\Code\Geocore_M0-1_image_fusion","test_outputs\upsample_only\fused_cube.zarr\.zarray","E:\Code\Geocore_M0-1_image_fusion\test_outputs\upsample_only\fused_cube.zarr\.zarray","REGENERABLE_FUSION_CUBE","217","E2265857CC2687570651A38C6CCD29D55975E99B8621EDF950E6E031281B0A22"
"M0-1","E:\Code\Geocore_M0-1_image_fusion","test_outputs\upsample_only\fused_cube.zarr\.zattrs","E:\Code\Geocore_M0-1_image_fusion\test_outputs\upsample_only\fused_cube.zarr\.zattrs","REGENERABLE_FUSION_CUBE","128","A3052621C0A60BE5A601846B679C5ADC2F258FD27C85E4E14B1C3B86FBF29FB0"
"M0-1","E:\Code\Geocore_M0-1_image_fusion","test_outputs\upsample_only\fused_cube.zarr\0.0.0","E:\Code\Geocore_M0-1_image_fusion\test_outputs\upsample_only\fused_cube.zarr\0.0.0","REGENERABLE_FUSION_CUBE","4096","498B5FE5C030018266152ADDB2A57BF27317D9D21DD51E624FC7284740621E4B"
"M0-1","E:\Code\Geocore_M0-1_image_fusion","test_outputs\upsample_only\fused_cube.zarr\0.0.1","E:\Code\Geocore_M0-1_image_fusion\test_outputs\upsample_only\fused_cube.zarr\0.0.1","REGENERABLE_FUSION_CUBE","4096","78C246CB6A94DD4B89340AE5E41680C5068A18C5B914B761ABDCF056C32D1230"
"M0-1","E:\Code\Geocore_M0-1_image_fusion","test_outputs\upsample_only\fused_cube.zarr\0.0.2","E:\Code\Geocore_M0-1_image_fusion\test_outputs\upsample_only\fused_cube.zarr\0.0.2","REGENERABLE_FUSION_CUBE","4096","3854A5730B7A583771BC4EBB8FB19F65BF36F18F16EAC750C644E3C1422A6945"
"M0-1","E:\Code\Geocore_M0-1_image_fusion","test_outputs\upsample_only\fused_cube.zarr\0.0.3","E:\Code\Geocore_M0-1_image_fusion\test_outputs\upsample_only\fused_cube.zarr\0.0.3","REGENERABLE_FUSION_CUBE","4096","1C029CBD191CF2B99C6BF0688EBF492C3F2A107A2DF7495FCD9A49D01D69D78C"
"M0-1","E:\Code\Geocore_M0-1_image_fusion","test_outputs\upsample_only\fused_cube.zarr\0.1.0","E:\Code\Geocore_M0-1_image_fusion\test_outputs\upsample_only\fused_cube.zarr\0.1.0","REGENERABLE_FUSION_CUBE","4096","02B12380BF72CDA5C49E10868AAE2A6E746E853051F968AD98B1C5A9325FE4A8"
"M0-1","E:\Code\Geocore_M0-1_image_fusion","test_outputs\upsample_only\fused_cube.zarr\0.1.1","E:\Code\Geocore_M0-1_image_fusion\test_outputs\upsample_only\fused_cube.zarr\0.1.1","REGENERABLE_FUSION_CUBE","4096","4BE81F723A98B1A229EB563F768D2DCBF7E8A00F4988ABD9B5B3D52EC1FE955A"
"M0-1","E:\Code\Geocore_M0-1_image_fusion","test_outputs\upsample_only\fused_cube.zarr\0.1.2","E:\Code\Geocore_M0-1_image_fusion\test_outputs\upsample_only\fused_cube.zarr\0.1.2","REGENERABLE_FUSION_CUBE","4096","FCA74D7A7C2A135C746ED92FFA95D9F3ED3EEB55E9BEFDFB6F0BFD021C15EB66"
"M0-1","E:\Code\Geocore_M0-1_image_fusion","test_outputs\upsample_only\fused_cube.zarr\0.1.3","E:\Code\Geocore_M0-1_image_fusion\test_outputs\upsample_only\fused_cube.zarr\0.1.3","REGENERABLE_FUSION_CUBE","4096","641AA10436F7331F3D1D72450B62C2C3B57066B6A7DBF977309755F286B5DA2E"
"M0-1","E:\Code\Geocore_M0-1_image_fusion","test_outputs\upsample_only\fused_cube.zarr\0.2.0","E:\Code\Geocore_M0-1_image_fusion\test_outputs\upsample_only\fused_cube.zarr\0.2.0","REGENERABLE_FUSION_CUBE","4096","BF82B2445EB2FF26B61694633353875C5B8A3DC682203808140C8C794B2E20C7"
"M0-1","E:\Code\Geocore_M0-1_image_fusion","test_outputs\upsample_only\fused_cube.zarr\0.2.1","E:\Code\Geocore_M0-1_image_fusion\test_outputs\upsample_only\fused_cube.zarr\0.2.1","REGENERABLE_FUSION_CUBE","4096","16DA1F51F85E6C45626D964C3564B2F486D8F5C3CE1626E170D0C79D9A9D8409"
"M0-1","E:\Code\Geocore_M0-1_image_fusion","test_outputs\upsample_only\fused_cube.zarr\0.2.2","E:\Code\Geocore_M0-1_image_fusion\test_outputs\upsample_only\fused_cube.zarr\0.2.2","REGENERABLE_FUSION_CUBE","4096","BA20294676A3EC955521E9D19B72C07ACE3461EE0204B2AE40C874B60E9ED990"
"M0-1","E:\Code\Geocore_M0-1_image_fusion","test_outputs\upsample_only\fused_cube.zarr\0.2.3","E:\Code\Geocore_M0-1_image_fusion\test_outputs\upsample_only\fused_cube.zarr\0.2.3","REGENERABLE_FUSION_CUBE","4096","C2BECE698F9B1D3684390B758717921D898C321AD5DE6CF146B2D3F0E167DF93"
"M0-1","E:\Code\Geocore_M0-1_image_fusion","test_outputs\upsample_only\fused_cube.zarr\0.3.0","E:\Code\Geocore_M0-1_image_fusion\test_outputs\upsample_only\fused_cube.zarr\0.3.0","REGENERABLE_FUSION_CUBE","4096","D466D4E24B2FBB0C2835FB4D0131C131B70F219CD6CD6C7EFB710F56B2864075"
"M0-1","E:\Code\Geocore_M0-1_image_fusion","test_outputs\upsample_only\fused_cube.zarr\0.3.1","E:\Code\Geocore_M0-1_image_fusion\test_outputs\upsample_only\fused_cube.zarr\0.3.1","REGENERABLE_FUSION_CUBE","4096","6A0475629DBF7B43241DC1DFA187D16D2E275A4A338D9BE2086C51F376B4D737"
"M0-1","E:\Code\Geocore_M0-1_image_fusion","test_outputs\upsample_only\fused_cube.zarr\0.3.2","E:\Code\Geocore_M0-1_image_fusion\test_outputs\upsample_only\fused_cube.zarr\0.3.2","REGENERABLE_FUSION_CUBE","4096","8D700C198AB294A90050092AE53FA5D77A788ADA50A9478A05D06C6372994944"
"M0-1","E:\Code\Geocore_M0-1_image_fusion","test_outputs\upsample_only\fused_cube.zarr\0.3.3","E:\Code\Geocore_M0-1_image_fusion\test_outputs\upsample_only\fused_cube.zarr\0.3.3","REGENERABLE_FUSION_CUBE","4096","02D85FBB687D402E411FC36EFDEA79BC3B13459561B4ACB4012192EEC53BC59A"
"M0-1","E:\Code\Geocore_M0-1_image_fusion","test_outputs\upsample_only\fused_cube.zarr\1.0.0","E:\Code\Geocore_M0-1_image_fusion\test_outputs\upsample_only\fused_cube.zarr\1.0.0","REGENERABLE_FUSION_CUBE","4096","E07FA393B2B503B8E6CF4BC8D3BFE94631ED900D117B39394D3267602F1A0F34"
"M0-1","E:\Code\Geocore_M0-1_image_fusion","test_outputs\upsample_only\fused_cube.zarr\1.0.1","E:\Code\Geocore_M0-1_image_fusion\test_outputs\upsample_only\fused_cube.zarr\1.0.1","REGENERABLE_FUSION_CUBE","4096","07C3EF5F959BAC6546A384D499C426BDF39C330FB24D6C254FEFA0A302A771A2"
"M0-1","E:\Code\Geocore_M0-1_image_fusion","test_outputs\upsample_only\fused_cube.zarr\1.0.2","E:\Code\Geocore_M0-1_image_fusion\test_outputs\upsample_only\fused_cube.zarr\1.0.2","REGENERABLE_FUSION_CUBE","4096","7F58034D3A81D501CEFE2C57A849E5AE86061A1343FF41951443341F58E7583C"
"M0-1","E:\Code\Geocore_M0-1_image_fusion","test_outputs\upsample_only\fused_cube.zarr\1.0.3","E:\Code\Geocore_M0-1_image_fusion\test_outputs\upsample_only\fused_cube.zarr\1.0.3","REGENERABLE_FUSION_CUBE","4096","0ED9CABD7AE0AC1D15298D6032E548E6AB4F60D3FF326057AF3388B51663CDB5"
"M0-1","E:\Code\Geocore_M0-1_image_fusion","test_outputs\upsample_only\fused_cube.zarr\1.1.0","E:\Code\Geocore_M0-1_image_fusion\test_outputs\upsample_only\fused_cube.zarr\1.1.0","REGENERABLE_FUSION_CUBE","4096","EF8DAF7F1EE5902ED587112A89F44B750FD10C0B5AFC60D257CF6A7D7609C5E9"
"M0-1","E:\Code\Geocore_M0-1_image_fusion","test_outputs\upsample_only\fused_cube.zarr\1.1.1","E:\Code\Geocore_M0-1_image_fusion\test_outputs\upsample_only\fused_cube.zarr\1.1.1","REGENERABLE_FUSION_CUBE","4096","19F7C54B5271BB4A683AF7F1C4B7915A93190224CD55501EFF264D0EC0548C2A"
"M0-1","E:\Code\Geocore_M0-1_image_fusion","test_outputs\upsample_only\fused_cube.zarr\1.1.2","E:\Code\Geocore_M0-1_image_fusion\test_outputs\upsample_only\fused_cube.zarr\1.1.2","REGENERABLE_FUSION_CUBE","4096","D5239C2FEA25591769137AD2ED84122940E7040C23E07508C0B25BC73BB7FFBB"
"M0-1","E:\Code\Geocore_M0-1_image_fusion","test_outputs\upsample_only\fused_cube.zarr\1.1.3","E:\Code\Geocore_M0-1_image_fusion\test_outputs\upsample_only\fused_cube.zarr\1.1.3","REGENERABLE_FUSION_CUBE","4096","E76085B11775975A2487CED3761264B8728E3937D12754E1FC1ED449A809FB7C"
"M0-1","E:\Code\Geocore_M0-1_image_fusion","test_outputs\upsample_only\fused_cube.zarr\1.2.0","E:\Code\Geocore_M0-1_image_fusion\test_outputs\upsample_only\fused_cube.zarr\1.2.0","REGENERABLE_FUSION_CUBE","4096","9A046C6CC60571652C0B0ED32FCAEFC6DB8DA7B6822D1167076EB4A9BE740584"
"M0-1","E:\Code\Geocore_M0-1_image_fusion","test_outputs\upsample_only\fused_cube.zarr\1.2.1","E:\Code\Geocore_M0-1_image_fusion\test_outputs\upsample_only\fused_cube.zarr\1.2.1","REGENERABLE_FUSION_CUBE","4096","C8616FE87DE53E4A28CEA9468124D55D83ABC563BFF39A0B78EFB8D915DFF5C4"
"M0-1","E:\Code\Geocore_M0-1_image_fusion","test_outputs\upsample_only\fused_cube.zarr\1.2.2","E:\Code\Geocore_M0-1_image_fusion\test_outputs\upsample_only\fused_cube.zarr\1.2.2","REGENERABLE_FUSION_CUBE","4096","6AECED8563A365EA054F4E11141126139DE4B0C4295D68020B3B94E997A04FFE"
"M0-1","E:\Code\Geocore_M0-1_image_fusion","test_outputs\upsample_only\fused_cube.zarr\1.2.3","E:\Code\Geocore_M0-1_image_fusion\test_outputs\upsample_only\fused_cube.zarr\1.2.3","REGENERABLE_FUSION_CUBE","4096","3B8ECA7291FA6D6C794B00B0A47A5D5AB382877C277E4EAD13A6FBF1D86AEC25"
"M0-1","E:\Code\Geocore_M0-1_image_fusion","test_outputs\upsample_only\fused_cube.zarr\1.3.0","E:\Code\Geocore_M0-1_image_fusion\test_outputs\upsample_only\fused_cube.zarr\1.3.0","REGENERABLE_FUSION_CUBE","4096","AB6555BC8E07148D927F7BE719521465F4F07E0DA5ABA00AA24AF5F71871D8E5"
"M0-1","E:\Code\Geocore_M0-1_image_fusion","test_outputs\upsample_only\fused_cube.zarr\1.3.1","E:\Code\Geocore_M0-1_image_fusion\test_outputs\upsample_only\fused_cube.zarr\1.3.1","REGENERABLE_FUSION_CUBE","4096","0D583D1F535937D6AA865AF9D360EEF35A609B891D963BA0280D4EAECC6CFBE4"
"M0-1","E:\Code\Geocore_M0-1_image_fusion","test_outputs\upsample_only\fused_cube.zarr\1.3.2","E:\Code\Geocore_M0-1_image_fusion\test_outputs\upsample_only\fused_cube.zarr\1.3.2","REGENERABLE_FUSION_CUBE","4096","6A13CC6658237DF29AB49A1638FE1AE12A3A1B74D085EF06F0B2B6623C7C33FB"
"M0-1","E:\Code\Geocore_M0-1_image_fusion","test_outputs\upsample_only\fused_cube.zarr\1.3.3","E:\Code\Geocore_M0-1_image_fusion\test_outputs\upsample_only\fused_cube.zarr\1.3.3","REGENERABLE_FUSION_CUBE","4096","2ACEBB6D8BF20DC648B8C513FB0FEFB19C045872B94E867FAB87352ADC8C149E"
"M0-1","E:\Code\Geocore_M0-1_image_fusion","test_outputs\upsample_only\fused_cube.zarr\2.0.0","E:\Code\Geocore_M0-1_image_fusion\test_outputs\upsample_only\fused_cube.zarr\2.0.0","REGENERABLE_FUSION_CUBE","4096","1A912A705FA29C78D4DFCEDE47B6E878D98FBA2BDDDF55E5BD535E5608B800E1"
"M0-1","E:\Code\Geocore_M0-1_image_fusion","test_outputs\upsample_only\fused_cube.zarr\2.0.1","E:\Code\Geocore_M0-1_image_fusion\test_outputs\upsample_only\fused_cube.zarr\2.0.1","REGENERABLE_FUSION_CUBE","4096","3E14B3ED0949A6B434D19A73DB272EEDF098B6A79668E7A764E61E3A3DEDE975"
"M0-1","E:\Code\Geocore_M0-1_image_fusion","test_outputs\upsample_only\fused_cube.zarr\2.0.2","E:\Code\Geocore_M0-1_image_fusion\test_outputs\upsample_only\fused_cube.zarr\2.0.2","REGENERABLE_FUSION_CUBE","4096","D62131D36A90FDA6EAA47BF0C389FD966DB86CC96918A552AAC043A6511F3342"
"M0-1","E:\Code\Geocore_M0-1_image_fusion","test_outputs\upsample_only\fused_cube.zarr\2.0.3","E:\Code\Geocore_M0-1_image_fusion\test_outputs\upsample_only\fused_cube.zarr\2.0.3","REGENERABLE_FUSION_CUBE","4096","AFFD091B8BA3460C63E1E168277652D90D836A51700C1C5650D4C095E68834F2"
"M0-1","E:\Code\Geocore_M0-1_image_fusion","test_outputs\upsample_only\fused_cube.zarr\2.1.0","E:\Code\Geocore_M0-1_image_fusion\test_outputs\upsample_only\fused_cube.zarr\2.1.0","REGENERABLE_FUSION_CUBE","4096","00804CC47CA857844F318927CA9E05B69D8EA12369AE1B96944BF5B3900EB141"
"M0-1","E:\Code\Geocore_M0-1_image_fusion","test_outputs\upsample_only\fused_cube.zarr\2.1.1","E:\Code\Geocore_M0-1_image_fusion\test_outputs\upsample_only\fused_cube.zarr\2.1.1","REGENERABLE_FUSION_CUBE","4096","D4A25A0E215761914988B4EC2EC42EA0E112D1759A86B3971DFFE82E11984907"
"M0-1","E:\Code\Geocore_M0-1_image_fusion","test_outputs\upsample_only\fused_cube.zarr\2.1.2","E:\Code\Geocore_M0-1_image_fusion\test_outputs\upsample_only\fused_cube.zarr\2.1.2","REGENERABLE_FUSION_CUBE","4096","78B650EB00F9AE47FA941BA1409DAA73F9102EC0DDF6631CCAB386A4DB588729"
"M0-1","E:\Code\Geocore_M0-1_image_fusion","test_outputs\upsample_only\fused_cube.zarr\2.1.3","E:\Code\Geocore_M0-1_image_fusion\test_outputs\upsample_only\fused_cube.zarr\2.1.3","REGENERABLE_FUSION_CUBE","4096","DF4916279773560E38DA5425D81742F30969ABFA47ED0D80EAD89034D35AD382"
"M0-1","E:\Code\Geocore_M0-1_image_fusion","test_outputs\upsample_only\fused_cube.zarr\2.2.0","E:\Code\Geocore_M0-1_image_fusion\test_outputs\upsample_only\fused_cube.zarr\2.2.0","REGENERABLE_FUSION_CUBE","4096","31D92BA1CFD859FE690212F2E9BB546C730CC4767D228A6EC64D99CD3D0AE7BA"
"M0-1","E:\Code\Geocore_M0-1_image_fusion","test_outputs\upsample_only\fused_cube.zarr\2.2.1","E:\Code\Geocore_M0-1_image_fusion\test_outputs\upsample_only\fused_cube.zarr\2.2.1","REGENERABLE_FUSION_CUBE","4096","8F7D08DF581A96EC807899AB3B24E715320D37751436CB466E30B72F55CCD91E"
"M0-1","E:\Code\Geocore_M0-1_image_fusion","test_outputs\upsample_only\fused_cube.zarr\2.2.2","E:\Code\Geocore_M0-1_image_fusion\test_outputs\upsample_only\fused_cube.zarr\2.2.2","REGENERABLE_FUSION_CUBE","4096","A5744A04AD8CFDD91A056AD72394EA340C0168DA871BE52C20AC3733E3FEED8F"
"M0-1","E:\Code\Geocore_M0-1_image_fusion","test_outputs\upsample_only\fused_cube.zarr\2.2.3","E:\Code\Geocore_M0-1_image_fusion\test_outputs\upsample_only\fused_cube.zarr\2.2.3","REGENERABLE_FUSION_CUBE","4096","637D8E6C8C5D9470F06233EB2C04E5780DBEAACB3846CD13D7934585C20C718D"
"M0-1","E:\Code\Geocore_M0-1_image_fusion","test_outputs\upsample_only\fused_cube.zarr\2.3.0","E:\Code\Geocore_M0-1_image_fusion\test_outputs\upsample_only\fused_cube.zarr\2.3.0","REGENERABLE_FUSION_CUBE","4096","395E13DEB0962DCB43D290B0708F5CDF4D76A967D3ECADAF670F438049552E01"
"M0-1","E:\Code\Geocore_M0-1_image_fusion","test_outputs\upsample_only\fused_cube.zarr\2.3.1","E:\Code\Geocore_M0-1_image_fusion\test_outputs\upsample_only\fused_cube.zarr\2.3.1","REGENERABLE_FUSION_CUBE","4096","8FD3163A782B6CB2067805121A9D96365D88589B19636438A30EC2A6C459882F"
"M0-1","E:\Code\Geocore_M0-1_image_fusion","test_outputs\upsample_only\fused_cube.zarr\2.3.2","E:\Code\Geocore_M0-1_image_fusion\test_outputs\upsample_only\fused_cube.zarr\2.3.2","REGENERABLE_FUSION_CUBE","4096","5905435CBE1199CE877C27B26FB1685888AA3E4293A3F0C30061B54774412C69"
"M0-1","E:\Code\Geocore_M0-1_image_fusion","test_outputs\upsample_only\fused_cube.zarr\2.3.3","E:\Code\Geocore_M0-1_image_fusion\test_outputs\upsample_only\fused_cube.zarr\2.3.3","REGENERABLE_FUSION_CUBE","4096","B3AD726C5BA934F84F4E79AA4C429AED46A9929806B3C2B3AECC5238440F18F5"
"M0-1","E:\Code\Geocore_M0-1_image_fusion","test_outputs\upsample_only\metadata\band_metadata.csv","E:\Code\Geocore_M0-1_image_fusion\test_outputs\upsample_only\metadata\band_metadata.csv","GENERATED_TEST_OUTPUT","945","F9A682F29C44A534408C1FCA5CF543422D1B4770C617700BE9A480AF840F69A3"
"M0-1","E:\Code\Geocore_M0-1_image_fusion","test_outputs\upsample_only\metadata\input_metadata.json","E:\Code\Geocore_M0-1_image_fusion\test_outputs\upsample_only\metadata\input_metadata.json","GENERATED_TEST_OUTPUT","29","1C070E3245F639C753FDB9910A6D1E8F32190BFD1010AF0739E4B84F6B6CF1FA"
"M0-1","E:\Code\Geocore_M0-1_image_fusion","test_outputs\upsample_only\metadata\processing_config.json","E:\Code\Geocore_M0-1_image_fusion\test_outputs\upsample_only\metadata\processing_config.json","GENERATED_TEST_OUTPUT","619","82E892646A1F0FB3EB9B399A7AAA5EEC7B6E5A1ADA5EA80529BACDC66B7A712D"
"M0-1","E:\Code\Geocore_M0-1_image_fusion","test_outputs\upsample_only\metadata\registration_model.json","E:\Code\Geocore_M0-1_image_fusion\test_outputs\upsample_only\metadata\registration_model.json","GENERATED_TEST_OUTPUT","499","B47FADBD275FB80F7607D02E889DB2D0B274F4DEE4279734C484DBA3E3891BB1"
"M0-1","E:\Code\Geocore_M0-1_image_fusion","test_outputs\upsample_only\metadata\spectral_stitch_model.json","E:\Code\Geocore_M0-1_image_fusion\test_outputs\upsample_only\metadata\spectral_stitch_model.json","GENERATED_TEST_OUTPUT","510","AB116CFB0254EB60921EBA168407F2FF926A5D56F1E6DEA4AE74066FE729270C"
"M0-1","E:\Code\Geocore_M0-1_image_fusion","test_outputs\upsample_only\metrics\quality_report.json","E:\Code\Geocore_M0-1_image_fusion\test_outputs\upsample_only\metrics\quality_report.json","GENERATED_TEST_OUTPUT","671","F588E797B438704E845390F8DCAA539FE909C08D8CDD90CF36CB49FC76236477"
"M0-1","E:\Code\Geocore_M0-1_image_fusion","test_outputs\upsample_only\previews\preview_falsecolor_full.png","E:\Code\Geocore_M0-1_image_fusion\test_outputs\upsample_only\previews\preview_falsecolor_full.png","GENERATED_TEST_OUTPUT","4623","12CCEA79C2600F02903DC75D29D1E57D633C817B3E2437AE8DEB2EDF1445FFB5"
"M0-1","E:\Code\Geocore_M0-1_image_fusion","test_outputs\upsample_only\previews\preview_mean_reflectance.png","E:\Code\Geocore_M0-1_image_fusion\test_outputs\upsample_only\previews\preview_mean_reflectance.png","GENERATED_TEST_OUTPUT","1459","6EDBC400DB580B2454ABA2F232557D6CE1809A72047E58D8231F2607E0E42A3C"
"M0-1","E:\Code\Geocore_M0-1_image_fusion","test_outputs\upsample_only\previews\preview_rgb.png","E:\Code\Geocore_M0-1_image_fusion\test_outputs\upsample_only\previews\preview_rgb.png","GENERATED_TEST_OUTPUT","6963","DD052337CF5242DF186748213858E24085880FED586E0BEDBD236CD7596D868F"
"M1-1","E:\Code\Geocore_M1-1_rotation_correction","geocore_m1_1\__pycache__\api.cpython-312.pyc","E:\Code\Geocore_M1-1_rotation_correction\geocore_m1_1\__pycache__\api.cpython-312.pyc","PYTHON_BYTECODE_CACHE","3775","CE5F4AFC6FE2F2BD74C5E4B6B148663CF77D0C76FFA5B0D8B4AAF45EE54DD53D"
"M1-1","E:\Code\Geocore_M1-1_rotation_correction","geocore_m1_1\__pycache__\cli.cpython-312.pyc","E:\Code\Geocore_M1-1_rotation_correction\geocore_m1_1\__pycache__\cli.cpython-312.pyc","PYTHON_BYTECODE_CACHE","2439","A83BF66E31B4493AF0CF94F76F92EAB6AB3EE86E3C6B80E34BB0BFC7F5977523"
"M1-1","E:\Code\Geocore_M1-1_rotation_correction","geocore_m1_1\__pycache__\config.cpython-312.pyc","E:\Code\Geocore_M1-1_rotation_correction\geocore_m1_1\__pycache__\config.cpython-312.pyc","PYTHON_BYTECODE_CACHE","2379","51894433BFFB2D306D29E7C1D33FAA1B8CFF5502D78839D49FE9699EB67EB59F"
"M1-1","E:\Code\Geocore_M1-1_rotation_correction","geocore_m1_1\__pycache__\correction.cpython-312.pyc","E:\Code\Geocore_M1-1_rotation_correction\geocore_m1_1\__pycache__\correction.cpython-312.pyc","PYTHON_BYTECODE_CACHE","2605","FE6CBAAA0742B77474FCBFF54C8FCCA7991DA15BB7D62B445E056E7430963FB0"
"M1-1","E:\Code\Geocore_M1-1_rotation_correction","geocore_m1_1\__pycache__\geometry.cpython-312.pyc","E:\Code\Geocore_M1-1_rotation_correction\geocore_m1_1\__pycache__\geometry.cpython-312.pyc","PYTHON_BYTECODE_CACHE","15077","81E7D03E4F657BDF8038A457C000CDD0684D03ECE0EC9833F2FAB2B73C7AAD65"
"M1-1","E:\Code\Geocore_M1-1_rotation_correction","geocore_m1_1\__pycache__\image_ops.cpython-312.pyc","E:\Code\Geocore_M1-1_rotation_correction\geocore_m1_1\__pycache__\image_ops.cpython-312.pyc","PYTHON_BYTECODE_CACHE","11048","390F4B6E1EEEE1EDDEE8ADCD0173B04DE4598118731D99C3E1B03A7B0CAEFF0B"
"M1-1","E:\Code\Geocore_M1-1_rotation_correction","geocore_m1_1\__pycache__\io_envi.cpython-312.pyc","E:\Code\Geocore_M1-1_rotation_correction\geocore_m1_1\__pycache__\io_envi.cpython-312.pyc","PYTHON_BYTECODE_CACHE","7619","3E63891C6B90A3EDDFB33116B83820132A2B02074246D9AA28DE0EC327D4A7FC"
"M1-1","E:\Code\Geocore_M1-1_rotation_correction","geocore_m1_1\__pycache__\models.cpython-312.pyc","E:\Code\Geocore_M1-1_rotation_correction\geocore_m1_1\__pycache__\models.cpython-312.pyc","PYTHON_BYTECODE_CACHE","2929","1FEAE0C6A827CD39A6B964F0C2D42282B23ABAB0849243FDBB66FE014592241A"
"M1-1","E:\Code\Geocore_M1-1_rotation_correction","geocore_m1_1\__pycache__\pipeline.cpython-312.pyc","E:\Code\Geocore_M1-1_rotation_correction\geocore_m1_1\__pycache__\pipeline.cpython-312.pyc","PYTHON_BYTECODE_CACHE","9095","12CE603CEE4FC559B2E4572E82080D1FB2FC1A20984A40A3716971DC9168352F"
"M1-1","E:\Code\Geocore_M1-1_rotation_correction","geocore_m1_1\__pycache__\quality.cpython-312.pyc","E:\Code\Geocore_M1-1_rotation_correction\geocore_m1_1\__pycache__\quality.cpython-312.pyc","PYTHON_BYTECODE_CACHE","1640","9A8B7FEC78005A2CD23217C71CE7E687BECBC886E00CE33DBAAA4988510AED6C"
"M1-1","E:\Code\Geocore_M1-1_rotation_correction","geocore_m1_1\__pycache__\review.cpython-312.pyc","E:\Code\Geocore_M1-1_rotation_correction\geocore_m1_1\__pycache__\review.cpython-312.pyc","PYTHON_BYTECODE_CACHE","10640","DAF5B0C2F6D6B3FA7D29AEDA5A4D566B65EFF469BDE4B9CD721027E6C8317761"
"M1-1","E:\Code\Geocore_M1-1_rotation_correction","geocore_m1_1\__pycache__\segment_boxes.cpython-312.pyc","E:\Code\Geocore_M1-1_rotation_correction\geocore_m1_1\__pycache__\segment_boxes.cpython-312.pyc","PYTHON_BYTECODE_CACHE","12732","6179FBA43C1EE5BB7A06456CEC8ACA54CA6032F095CA78DD08549CF900291EFC"
"M1-1","E:\Code\Geocore_M1-1_rotation_correction","geocore_m1_1\__pycache__\server.cpython-312.pyc","E:\Code\Geocore_M1-1_rotation_correction\geocore_m1_1\__pycache__\server.cpython-312.pyc","PYTHON_BYTECODE_CACHE","10543","C57315735FE6DDF0D45B985C44AE279BC8C3EFE5642F355AA4B727980158E0FF"
"M1-1","E:\Code\Geocore_M1-1_rotation_correction","geocore_m1_1\__pycache__\__init__.cpython-312.pyc","E:\Code\Geocore_M1-1_rotation_correction\geocore_m1_1\__pycache__\__init__.cpython-312.pyc","PYTHON_BYTECODE_CACHE","442","FE36C0F0CE191F4ABBBCE3328CC0CBF68FEC44B291F0E89D3E9AA483CFBFD12D"
"M1-1","E:\Code\Geocore_M1-1_rotation_correction","tests\__pycache__\test_envi_reader.cpython-312.pyc","E:\Code\Geocore_M1-1_rotation_correction\tests\__pycache__\test_envi_reader.cpython-312.pyc","PYTHON_BYTECODE_CACHE","1896","79F13DB26DDBE71991AED162DF6A1DD8AB6EC566189D26E2ECBB451CFEE3ECCA"
"M1-1","E:\Code\Geocore_M1-1_rotation_correction","tests\__pycache__\test_geometry_rotation.cpython-312.pyc","E:\Code\Geocore_M1-1_rotation_correction\tests\__pycache__\test_geometry_rotation.cpython-312.pyc","PYTHON_BYTECODE_CACHE","1595","455C7B47DD7F5487C9A29BCF1E80CBC1BABE4CE46A2E4A8D7709C312A36076BA"
"M1-1","E:\Code\Geocore_M1-1_rotation_correction","tests\__pycache__\test_pipeline_sample.cpython-312.pyc","E:\Code\Geocore_M1-1_rotation_correction\tests\__pycache__\test_pipeline_sample.cpython-312.pyc","PYTHON_BYTECODE_CACHE","1535","53A12D6EB6A94E08665BF509A2CAFE0BE731CAA99D0717AE1F85B36FF75ABD48"
"M1-1","E:\Code\Geocore_M1-1_rotation_correction","tests\__pycache__\test_review_manual.cpython-312.pyc","E:\Code\Geocore_M1-1_rotation_correction\tests\__pycache__\test_review_manual.cpython-312.pyc","PYTHON_BYTECODE_CACHE","2912","BD3ADD7F694C0373E2CF39A29961FB022BD6751C4DA409F9E2DC99F4985557D7"
"M1-1","E:\Code\Geocore_M1-1_rotation_correction","tests\__pycache__\test_server_api.cpython-312.pyc","E:\Code\Geocore_M1-1_rotation_correction\tests\__pycache__\test_server_api.cpython-312.pyc","PYTHON_BYTECODE_CACHE","2296","0CAA988288A4C2C862E0714CBB5E54DDA548001C16EEC061139219A76B37B17B"
"M1-2","E:\Code\Geocore_M1-2_foreground_mask","api\__pycache__\main.cpython-312.pyc","E:\Code\Geocore_M1-2_foreground_mask\api\__pycache__\main.cpython-312.pyc","PYTHON_BYTECODE_CACHE","9512","DA0C22C730346C1C778BE53682928F651A9BD3680592EA294B53C7633CB99B82"
"M1-2","E:\Code\Geocore_M1-2_foreground_mask","api\__pycache__\main.cpython-39.pyc","E:\Code\Geocore_M1-2_foreground_mask\api\__pycache__\main.cpython-39.pyc","PYTHON_BYTECODE_CACHE","5272","50340D21B410A5EC8E65D710E440C0D31C9EB403E0916A513E398357D48198C9"
"M1-2","E:\Code\Geocore_M1-2_foreground_mask","api\__pycache__\model_registry.cpython-312.pyc","E:\Code\Geocore_M1-2_foreground_mask\api\__pycache__\model_registry.cpython-312.pyc","PYTHON_BYTECODE_CACHE","2125","283E45C671F4601C9EB5076B570D9CDCEEF423893D98F99E2B763BB2F36753A3"
"M1-2","E:\Code\Geocore_M1-2_foreground_mask","api\__pycache__\schemas.cpython-312.pyc","E:\Code\Geocore_M1-2_foreground_mask\api\__pycache__\schemas.cpython-312.pyc","PYTHON_BYTECODE_CACHE","7933","76E82167AB8B6821E745854C51BEE5F112B05E201A1A388E02D3C7C00112104C"
"M1-2","E:\Code\Geocore_M1-2_foreground_mask","api\__pycache__\service.cpython-312.pyc","E:\Code\Geocore_M1-2_foreground_mask\api\__pycache__\service.cpython-312.pyc","PYTHON_BYTECODE_CACHE","20227","AFE7BD417DC5CB92126EEA12E125E4DC88C41B0A34EEC2C6822FF912A74B42A5"
"M1-2","E:\Code\Geocore_M1-2_foreground_mask","api\__pycache__\__init__.cpython-312.pyc","E:\Code\Geocore_M1-2_foreground_mask\api\__pycache__\__init__.cpython-312.pyc","PYTHON_BYTECODE_CACHE","183","1D8FFA5CA3F32BD0058C96859076853B7CB8430C71C65BC8248A598AAD2E3F49"
"M1-2","E:\Code\Geocore_M1-2_foreground_mask","api\__pycache__\__init__.cpython-39.pyc","E:\Code\Geocore_M1-2_foreground_mask\api\__pycache__\__init__.cpython-39.pyc","PYTHON_BYTECODE_CACHE","256","9E0CFDB75711A0A482D8739217D74E8598B390419942A87AA9636CED62CAA437"
"M1-2","E:\Code\Geocore_M1-2_foreground_mask","geocore_mask\inference\__pycache__\merger.cpython-312.pyc","E:\Code\Geocore_M1-2_foreground_mask\geocore_mask\inference\__pycache__\merger.cpython-312.pyc","PYTHON_BYTECODE_CACHE","2565","848E23F7E9E59CCAA6E47EDFD2A77D9C9B64DC0C280F91520CFEFA28DCF98CA3"
"M1-2","E:\Code\Geocore_M1-2_foreground_mask","geocore_mask\inference\__pycache__\merger.cpython-39.pyc","E:\Code\Geocore_M1-2_foreground_mask\geocore_mask\inference\__pycache__\merger.cpython-39.pyc","PYTHON_BYTECODE_CACHE","1632","98926B828CBBC5282882C504C9E233593A5AAADE59DE4318E72B1B1E1876A57C"
"M1-2","E:\Code\Geocore_M1-2_foreground_mask","geocore_mask\inference\__pycache__\predictor.cpython-312.pyc","E:\Code\Geocore_M1-2_foreground_mask\geocore_mask\inference\__pycache__\predictor.cpython-312.pyc","PYTHON_BYTECODE_CACHE","12403","2E88D4CF677385FDA02804E3008F071ABD2060B1DBC2D0587689ADB9FDA46C5F"
"M1-2","E:\Code\Geocore_M1-2_foreground_mask","geocore_mask\inference\__pycache__\predictor.cpython-39.pyc","E:\Code\Geocore_M1-2_foreground_mask\geocore_mask\inference\__pycache__\predictor.cpython-39.pyc","PYTHON_BYTECODE_CACHE","6768","C0F2F6B1447C4235E3F7938965E6F53A67859B84D0C566A5581B1D0644A41B81"
"M1-2","E:\Code\Geocore_M1-2_foreground_mask","geocore_mask\inference\__pycache__\tiler.cpython-312.pyc","E:\Code\Geocore_M1-2_foreground_mask\geocore_mask\inference\__pycache__\tiler.cpython-312.pyc","PYTHON_BYTECODE_CACHE","1785","6E85A6726DDCAAF2214F1E1ED183CF7E554356A49D59487A699632E06EEBC134"
"M1-2","E:\Code\Geocore_M1-2_foreground_mask","geocore_mask\inference\__pycache__\tiler.cpython-39.pyc","E:\Code\Geocore_M1-2_foreground_mask\geocore_mask\inference\__pycache__\tiler.cpython-39.pyc","PYTHON_BYTECODE_CACHE","1460","72660CB8799FD37C5BA5172B18924FAA4A8E3C70E57ED197771FC429F3410F87"
"M1-2","E:\Code\Geocore_M1-2_foreground_mask","geocore_mask\inference\__pycache__\__init__.cpython-312.pyc","E:\Code\Geocore_M1-2_foreground_mask\geocore_mask\inference\__pycache__\__init__.cpython-312.pyc","PYTHON_BYTECODE_CACHE","287","2E876F658145CB4075986475A27EB47D2DED4ABB15F5CE14B5A8198AC5D3ACAD"
"M1-2","E:\Code\Geocore_M1-2_foreground_mask","geocore_mask\inference\__pycache__\__init__.cpython-39.pyc","E:\Code\Geocore_M1-2_foreground_mask\geocore_mask\inference\__pycache__\__init__.cpython-39.pyc","PYTHON_BYTECODE_CACHE","278","D93689F80C1B59511CEB00F20D15BF1007D38D9D49A56C5C1210DA4ABFA14255"
"M1-2","E:\Code\Geocore_M1-2_foreground_mask","geocore_mask\models\__pycache__\core_unet.cpython-312.pyc","E:\Code\Geocore_M1-2_foreground_mask\geocore_mask\models\__pycache__\core_unet.cpython-312.pyc","PYTHON_BYTECODE_CACHE","6812","1FB17368CC63FC1B3F8D1C932B1DF68253F8F2088B96AF65169EF3600467426F"
"M1-2","E:\Code\Geocore_M1-2_foreground_mask","geocore_mask\models\__pycache__\core_unet.cpython-39.pyc","E:\Code\Geocore_M1-2_foreground_mask\geocore_mask\models\__pycache__\core_unet.cpython-39.pyc","PYTHON_BYTECODE_CACHE","4354","357D58971C704A9BEC2147A0635F94413B1B387B42C9DBF57DA0CE3E177FE229"
"M1-2","E:\Code\Geocore_M1-2_foreground_mask","geocore_mask\models\__pycache__\registry.cpython-312.pyc","E:\Code\Geocore_M1-2_foreground_mask\geocore_mask\models\__pycache__\registry.cpython-312.pyc","PYTHON_BYTECODE_CACHE","1811","65D03E374B16403C3126411CC78A4983CDF61202369331F6115803FC401B36A3"
"M1-2","E:\Code\Geocore_M1-2_foreground_mask","geocore_mask\models\__pycache__\registry.cpython-39.pyc","E:\Code\Geocore_M1-2_foreground_mask\geocore_mask\models\__pycache__\registry.cpython-39.pyc","PYTHON_BYTECODE_CACHE","1423","882D734B36E22B011056034DB70253DCBB49CF1FDA5325960C4465A9C4DABB56"
"M1-2","E:\Code\Geocore_M1-2_foreground_mask","geocore_mask\models\__pycache__\__init__.cpython-312.pyc","E:\Code\Geocore_M1-2_foreground_mask\geocore_mask\models\__pycache__\__init__.cpython-312.pyc","PYTHON_BYTECODE_CACHE","235","9F694F1829F70FD7A53EA41F2C2B1DC3899A5DD55E25DC4DC3F875F0FE8297B4"
"M1-2","E:\Code\Geocore_M1-2_foreground_mask","geocore_mask\models\__pycache__\__init__.cpython-39.pyc","E:\Code\Geocore_M1-2_foreground_mask\geocore_mask\models\__pycache__\__init__.cpython-39.pyc","PYTHON_BYTECODE_CACHE","271","106D63B1861C3071D3D2F485660240731E633E53D90D212DAEA820A4FF138087"
"M1-2","E:\Code\Geocore_M1-2_foreground_mask","geocore_mask\postprocess\__pycache__\contour.cpython-312.pyc","E:\Code\Geocore_M1-2_foreground_mask\geocore_mask\postprocess\__pycache__\contour.cpython-312.pyc","PYTHON_BYTECODE_CACHE","2241","308F411F5E83A86F3DC95B9CA5F42A30DE17D830B1E3CB244E520CE366753AC2"
"M1-2","E:\Code\Geocore_M1-2_foreground_mask","geocore_mask\postprocess\__pycache__\contour.cpython-39.pyc","E:\Code\Geocore_M1-2_foreground_mask\geocore_mask\postprocess\__pycache__\contour.cpython-39.pyc","PYTHON_BYTECODE_CACHE","1415","5613C4C176CACC275073F8CF23721A79CF0B78539149C004B83724664349E446"
"M1-2","E:\Code\Geocore_M1-2_foreground_mask","geocore_mask\postprocess\__pycache__\refine_mask.cpython-312.pyc","E:\Code\Geocore_M1-2_foreground_mask\geocore_mask\postprocess\__pycache__\refine_mask.cpython-312.pyc","PYTHON_BYTECODE_CACHE","3536","6CE4E99889EAED903C1B17C4A635D1926C198A9CDCB973F43EFB7CA9AF9638F2"
"M1-2","E:\Code\Geocore_M1-2_foreground_mask","geocore_mask\postprocess\__pycache__\refine_mask.cpython-39.pyc","E:\Code\Geocore_M1-2_foreground_mask\geocore_mask\postprocess\__pycache__\refine_mask.cpython-39.pyc","PYTHON_BYTECODE_CACHE","2277","E5D2A038EF098C750BA291D6F13AB51871E6AED99CFDBEE0C6D66165AC52BF9B"
"M1-2","E:\Code\Geocore_M1-2_foreground_mask","geocore_mask\postprocess\__pycache__\__init__.cpython-312.pyc","E:\Code\Geocore_M1-2_foreground_mask\geocore_mask\postprocess\__pycache__\__init__.cpython-312.pyc","PYTHON_BYTECODE_CACHE","276","89A1A4924D23816B046B4B8E9B45C81FEE28AED357727C7AF0AED34ECE78AE25"
"M1-2","E:\Code\Geocore_M1-2_foreground_mask","geocore_mask\postprocess\__pycache__\__init__.cpython-39.pyc","E:\Code\Geocore_M1-2_foreground_mask\geocore_mask\postprocess\__pycache__\__init__.cpython-39.pyc","PYTHON_BYTECODE_CACHE","267","AFFFE7853DC44E11D1BC3DDC98B8544C5E2811200E4E1F957E209262C27435F0"
"M1-2","E:\Code\Geocore_M1-2_foreground_mask","geocore_mask\utils\__pycache__\image_io.cpython-312.pyc","E:\Code\Geocore_M1-2_foreground_mask\geocore_mask\utils\__pycache__\image_io.cpython-312.pyc","PYTHON_BYTECODE_CACHE","8094","8E465398CA51B44DA3DF1E0F3FDF7643A614F28F83B0AB0FFAD4BFDD0B688162"
"M1-2","E:\Code\Geocore_M1-2_foreground_mask","geocore_mask\utils\__pycache__\image_io.cpython-39.pyc","E:\Code\Geocore_M1-2_foreground_mask\geocore_mask\utils\__pycache__\image_io.cpython-39.pyc","PYTHON_BYTECODE_CACHE","4263","AA757B0CF384D91DD7C8DAD451E746973577716B9BC7285CDA45B392ADA95787"
"M1-2","E:\Code\Geocore_M1-2_foreground_mask","geocore_mask\utils\__pycache__\metrics.cpython-39.pyc","E:\Code\Geocore_M1-2_foreground_mask\geocore_mask\utils\__pycache__\metrics.cpython-39.pyc","PYTHON_BYTECODE_CACHE","795","ECCDC74AFF79A14946BC2A14A0E88C1BB2F3999C2D45170D64B532108F6427E5"
"M1-2","E:\Code\Geocore_M1-2_foreground_mask","geocore_mask\utils\__pycache__\model_package.cpython-312.pyc","E:\Code\Geocore_M1-2_foreground_mask\geocore_mask\utils\__pycache__\model_package.cpython-312.pyc","PYTHON_BYTECODE_CACHE","4238","0C31BCE9EE26FD09E4445840A743FE72E800D4CD8C88079F2237D87874F9F332"
"M1-2","E:\Code\Geocore_M1-2_foreground_mask","geocore_mask\utils\__pycache__\model_package.cpython-39.pyc","E:\Code\Geocore_M1-2_foreground_mask\geocore_mask\utils\__pycache__\model_package.cpython-39.pyc","PYTHON_BYTECODE_CACHE","3033","FF8B43F720AC41F106F559E3E81F32ABC860640F500CB65273806D525B11418F"
"M1-2","E:\Code\Geocore_M1-2_foreground_mask","geocore_mask\utils\__pycache__\__init__.cpython-312.pyc","E:\Code\Geocore_M1-2_foreground_mask\geocore_mask\utils\__pycache__\__init__.cpython-312.pyc","PYTHON_BYTECODE_CACHE","276","1A7031FCE6F41A48D9356A21E0E625772B2016617CC39789C6542F372AA83583"
"M1-2","E:\Code\Geocore_M1-2_foreground_mask","geocore_mask\utils\__pycache__\__init__.cpython-39.pyc","E:\Code\Geocore_M1-2_foreground_mask\geocore_mask\utils\__pycache__\__init__.cpython-39.pyc","PYTHON_BYTECODE_CACHE","267","C1F5E0C2271BE2654128855F0838798703A7538A6589D58855D8F1D875F29D0D"
"M1-2","E:\Code\Geocore_M1-2_foreground_mask","geocore_mask\__pycache__\__init__.cpython-312.pyc","E:\Code\Geocore_M1-2_foreground_mask\geocore_mask\__pycache__\__init__.cpython-312.pyc","PYTHON_BYTECODE_CACHE","288","1E993A5537E8477FA8E76353F3FA3EA5E12D5BA3BBA3DE294E6B2EFA1A8F2647"
"M1-2","E:\Code\Geocore_M1-2_foreground_mask","geocore_mask\__pycache__\__init__.cpython-39.pyc","E:\Code\Geocore_M1-2_foreground_mask\geocore_mask\__pycache__\__init__.cpython-39.pyc","PYTHON_BYTECODE_CACHE","276","16B30D51DB42EA5D83646DD9526CF58F9FEBD61227747D172CF6C2A84F37C8A0"
"M1-2","E:\Code\Geocore_M1-2_foreground_mask","tools\__pycache__\predict_core_mask_batch.cpython-39.pyc","E:\Code\Geocore_M1-2_foreground_mask\tools\__pycache__\predict_core_mask_batch.cpython-39.pyc","PYTHON_BYTECODE_CACHE","3115","3196C82C6501A7A0F7B68400D0A4759519F2B861C73F136F81C4F29BB4FB64FF"
"M1-2","E:\Code\Geocore_M1-2_foreground_mask","tools\__pycache__\prepare_arcgis_shp_dataset.cpython-312.pyc","E:\Code\Geocore_M1-2_foreground_mask\tools\__pycache__\prepare_arcgis_shp_dataset.cpython-312.pyc","PYTHON_BYTECODE_CACHE","21067","C1149E8D4A695BA172929765D50342D8A5FAC9C8344325D3A094B6E1510404C1"
"M1-2","E:\Code\Geocore_M1-2_foreground_mask","tools\__pycache__\prepare_arcgis_shp_dataset.cpython-39.pyc","E:\Code\Geocore_M1-2_foreground_mask\tools\__pycache__\prepare_arcgis_shp_dataset.cpython-39.pyc","PYTHON_BYTECODE_CACHE","12513","BECEBD954B251B373A7B0949218BD8D6C90D04271B29B8C8BD280FA4EBE1C40E"
"M1-2","E:\Code\Geocore_M1-2_foreground_mask","tools\__pycache__\train_core_mask.cpython-39.pyc","E:\Code\Geocore_M1-2_foreground_mask\tools\__pycache__\train_core_mask.cpython-39.pyc","PYTHON_BYTECODE_CACHE","9869","2E8ADC9E2DEEF899EE2BE80DDF94C0A9D70F237D2DFA492C49C99686A7F1147B"
"M1-3","E:\Code\Geocore_M1-3_separator_mark","geocore_m1_3\api\__pycache__\main.cpython-312.pyc","E:\Code\Geocore_M1-3_separator_mark\geocore_m1_3\api\__pycache__\main.cpython-312.pyc","PYTHON_BYTECODE_CACHE","3562","F5F70FCD947D3715283E767BBFFF94C5C3DE6E468C4BC8B97446F1EB79436613"
"M1-3","E:\Code\Geocore_M1-3_separator_mark","geocore_m1_3\api\__pycache__\schemas.cpython-312.pyc","E:\Code\Geocore_M1-3_separator_mark\geocore_m1_3\api\__pycache__\schemas.cpython-312.pyc","PYTHON_BYTECODE_CACHE","3219","DAABFC28C2F04E66E9994CCDC98B9962AD13CF9450999420EB9008E6FCA7F0B2"
"M1-3","E:\Code\Geocore_M1-3_separator_mark","geocore_m1_3\api\__pycache__\service.cpython-312.pyc","E:\Code\Geocore_M1-3_separator_mark\geocore_m1_3\api\__pycache__\service.cpython-312.pyc","PYTHON_BYTECODE_CACHE","1892","A7C529FA82D3050F17568F705B815738880F45147DCF375E559A798A80C4B249"
"M1-3","E:\Code\Geocore_M1-3_separator_mark","geocore_m1_3\api\__pycache__\__init__.cpython-312.pyc","E:\Code\Geocore_M1-3_separator_mark\geocore_m1_3\api\__pycache__\__init__.cpython-312.pyc","PYTHON_BYTECODE_CACHE","166","942FCD6E8AF29F1C5398EFB1F97441D6F5F2FC5D26334F4402C8ECFEAB20F13B"
"M1-3","E:\Code\Geocore_M1-3_separator_mark","geocore_m1_3\depth\__pycache__\mapper.cpython-312.pyc","E:\Code\Geocore_M1-3_separator_mark\geocore_m1_3\depth\__pycache__\mapper.cpython-312.pyc","PYTHON_BYTECODE_CACHE","7871","0E44A95CEE1EA50D3C6704E690F1C4B52C5C209069592431EE680C9D4A7BEA84"
"M1-3","E:\Code\Geocore_M1-3_separator_mark","geocore_m1_3\depth\__pycache__\__init__.cpython-312.pyc","E:\Code\Geocore_M1-3_separator_mark\geocore_m1_3\depth\__pycache__\__init__.cpython-312.pyc","PYTHON_BYTECODE_CACHE","166","317E829E7B6DE7EBA679EE2EA91ACD20F4204913922B114DEC42F965C34E3ABF"
"M1-3","E:\Code\Geocore_M1-3_separator_mark","geocore_m1_3\io\__pycache__\m1_2_loader.cpython-312.pyc","E:\Code\Geocore_M1-3_separator_mark\geocore_m1_3\io\__pycache__\m1_2_loader.cpython-312.pyc","PYTHON_BYTECODE_CACHE","1920","A0F694315F3FA22BDFE97CBED24957F692F32B9EA557519A991FF5F5DAB22755"
"M1-3","E:\Code\Geocore_M1-3_separator_mark","geocore_m1_3\io\__pycache__\__init__.cpython-312.pyc","E:\Code\Geocore_M1-3_separator_mark\geocore_m1_3\io\__pycache__\__init__.cpython-312.pyc","PYTHON_BYTECODE_CACHE","164","6E720E15BD80E924917E0A5F202533F7C096DF1153BE74421C1BADE2379AFC7C"
"M1-3","E:\Code\Geocore_M1-3_separator_mark","geocore_m1_3\layout\__pycache__\lane_detector.cpython-312.pyc","E:\Code\Geocore_M1-3_separator_mark\geocore_m1_3\layout\__pycache__\lane_detector.cpython-312.pyc","PYTHON_BYTECODE_CACHE","9576","5B16562EEF4E9585236B972D655896F9D5F18A7BBA8FA3E9B2FBB2D909455987"
"M1-3","E:\Code\Geocore_M1-3_separator_mark","geocore_m1_3\layout\__pycache__\__init__.cpython-312.pyc","E:\Code\Geocore_M1-3_separator_mark\geocore_m1_3\layout\__pycache__\__init__.cpython-312.pyc","PYTHON_BYTECODE_CACHE","170","871E9B3D042CBCCAA3A7D3800410D8B2BFBC85625E38667E69E3941C6DD97F69"
"M1-3","E:\Code\Geocore_M1-3_separator_mark","geocore_m1_3\mask_refine\__pycache__\components.cpython-312.pyc","E:\Code\Geocore_M1-3_separator_mark\geocore_m1_3\mask_refine\__pycache__\components.cpython-312.pyc","PYTHON_BYTECODE_CACHE","8005","5084B811512D469A7B32443D07FCA6CA523745828FA81088862DBFDC9323896B"
"M1-3","E:\Code\Geocore_M1-3_separator_mark","geocore_m1_3\mask_refine\__pycache__\refiner.cpython-312.pyc","E:\Code\Geocore_M1-3_separator_mark\geocore_m1_3\mask_refine\__pycache__\refiner.cpython-312.pyc","PYTHON_BYTECODE_CACHE","6965","518FA8BF99DB24665A4899568465995AA16CD39FE457F3D1DE5F1E9CC30D7BBF"
"M1-3","E:\Code\Geocore_M1-3_separator_mark","geocore_m1_3\mask_refine\__pycache__\__init__.cpython-312.pyc","E:\Code\Geocore_M1-3_separator_mark\geocore_m1_3\mask_refine\__pycache__\__init__.cpython-312.pyc","PYTHON_BYTECODE_CACHE","174","5AA4A244D888F08B4075A7448B8B20AED43A20EECF16FE692DBEF6D5A0D2E6E3"
"M1-3","E:\Code\Geocore_M1-3_separator_mark","geocore_m1_3\quality\__pycache__\reports.cpython-312.pyc","E:\Code\Geocore_M1-3_separator_mark\geocore_m1_3\quality\__pycache__\reports.cpython-312.pyc","PYTHON_BYTECODE_CACHE","2085","DDB5A57EBF17CCC907906DF040A882F0B2F18B907AFA7DB4478B099E9788F1D5"
"M1-3","E:\Code\Geocore_M1-3_separator_mark","geocore_m1_3\quality\__pycache__\__init__.cpython-312.pyc","E:\Code\Geocore_M1-3_separator_mark\geocore_m1_3\quality\__pycache__\__init__.cpython-312.pyc","PYTHON_BYTECODE_CACHE","160","64FB22E034F311338F62B609D71FD5188365CC6BF3344442CBFA577FCA19A997"
"M1-3","E:\Code\Geocore_M1-3_separator_mark","geocore_m1_3\reconstruct\__pycache__\lane_strip.cpython-312.pyc","E:\Code\Geocore_M1-3_separator_mark\geocore_m1_3\reconstruct\__pycache__\lane_strip.cpython-312.pyc","PYTHON_BYTECODE_CACHE","5267","36D5ECF57A1BA7EB7DAC8DF666E4EFC6521BD01067B6CFB463D1C9BCBD779FDC"
"M1-3","E:\Code\Geocore_M1-3_separator_mark","geocore_m1_3\reconstruct\__pycache__\strip_builder.cpython-312.pyc","E:\Code\Geocore_M1-3_separator_mark\geocore_m1_3\reconstruct\__pycache__\strip_builder.cpython-312.pyc","PYTHON_BYTECODE_CACHE","3991","D2B17231AD45CA173B176EA9B986A101A0CA0A144AB114CF3718DE0937EC1098"
"M1-3","E:\Code\Geocore_M1-3_separator_mark","geocore_m1_3\reconstruct\__pycache__\__init__.cpython-312.pyc","E:\Code\Geocore_M1-3_separator_mark\geocore_m1_3\reconstruct\__pycache__\__init__.cpython-312.pyc","PYTHON_BYTECODE_CACHE","174","A04B1ECBF9AC143F5FBB1394406DBC37F8EC88AEFB46AF76E9FA6E243A7D0AD0"
"M1-3","E:\Code\Geocore_M1-3_separator_mark","geocore_m1_3\segments\__pycache__\core_segment.cpython-312.pyc","E:\Code\Geocore_M1-3_separator_mark\geocore_m1_3\segments\__pycache__\core_segment.cpython-312.pyc","PYTHON_BYTECODE_CACHE","1555","DDF05EB6ECE783A36727BC71EBB7B941182A261513DC4467E9436A3BB4835C8C"
"M1-3","E:\Code\Geocore_M1-3_separator_mark","geocore_m1_3\segments\__pycache__\cutter.cpython-312.pyc","E:\Code\Geocore_M1-3_separator_mark\geocore_m1_3\segments\__pycache__\cutter.cpython-312.pyc","PYTHON_BYTECODE_CACHE","4508","F34657919BAAB73D9D3EBF97A1CCF970DB0398E4C7307ACF4DB49ABC5D8DE55E"
"M1-3","E:\Code\Geocore_M1-3_separator_mark","geocore_m1_3\segments\__pycache__\naming.cpython-312.pyc","E:\Code\Geocore_M1-3_separator_mark\geocore_m1_3\segments\__pycache__\naming.cpython-312.pyc","PYTHON_BYTECODE_CACHE","931","9DD7F6F90CE99CCC40B88896123912912AB16AE56407486BE6B02A7B8193992B"
"M1-3","E:\Code\Geocore_M1-3_separator_mark","geocore_m1_3\segments\__pycache__\__init__.cpython-312.pyc","E:\Code\Geocore_M1-3_separator_mark\geocore_m1_3\segments\__pycache__\__init__.cpython-312.pyc","PYTHON_BYTECODE_CACHE","169","CCAC172F34237278E3BD62EB063D4A4B08CB6759BB3F96B2D58345CF00BCC995"
"M1-3","E:\Code\Geocore_M1-3_separator_mark","geocore_m1_3\utils\__pycache__\geometry.cpython-312.pyc","E:\Code\Geocore_M1-3_separator_mark\geocore_m1_3\utils\__pycache__\geometry.cpython-312.pyc","PYTHON_BYTECODE_CACHE","1347","900FD6278B7294BCB8F7FCDBA7454531F982BC2E745525230D69EB8B21D34666"
"M1-3","E:\Code\Geocore_M1-3_separator_mark","geocore_m1_3\utils\__pycache__\image_io.cpython-312.pyc","E:\Code\Geocore_M1-3_separator_mark\geocore_m1_3\utils\__pycache__\image_io.cpython-312.pyc","PYTHON_BYTECODE_CACHE","4402","03864870B3BAE8CA87F492AFE8A896DF424E617A2FE2957E4F68AE49A2797926"
"M1-3","E:\Code\Geocore_M1-3_separator_mark","geocore_m1_3\utils\__pycache__\json_io.cpython-312.pyc","E:\Code\Geocore_M1-3_separator_mark\geocore_m1_3\utils\__pycache__\json_io.cpython-312.pyc","PYTHON_BYTECODE_CACHE","1953","D9F791C33800E6CE32974D9175ADDED21BE2430B1855A99C2D7B0951DD512B03"
"M1-3","E:\Code\Geocore_M1-3_separator_mark","geocore_m1_3\utils\__pycache__\__init__.cpython-312.pyc","E:\Code\Geocore_M1-3_separator_mark\geocore_m1_3\utils\__pycache__\__init__.cpython-312.pyc","PYTHON_BYTECODE_CACHE","159","C0270AAF0E743F6C3BC708038D32795283746E12936971451B070CBAF83524F8"
"M1-3","E:\Code\Geocore_M1-3_separator_mark","geocore_m1_3\__pycache__\cli.cpython-312.pyc","E:\Code\Geocore_M1-3_separator_mark\geocore_m1_3\__pycache__\cli.cpython-312.pyc","PYTHON_BYTECODE_CACHE","5631","640D7F7BDD4B4475C844B7560B333D17179A2DA4623C880A0FD8B1E3EB11C4B8"
"M1-3","E:\Code\Geocore_M1-3_separator_mark","geocore_m1_3\__pycache__\config.cpython-312.pyc","E:\Code\Geocore_M1-3_separator_mark\geocore_m1_3\__pycache__\config.cpython-312.pyc","PYTHON_BYTECODE_CACHE","5029","59B67222F68E3B0E7BBF99607540957A1AAB46FE4AC8508D9CE96FC3CB4EFA98"
"M1-3","E:\Code\Geocore_M1-3_separator_mark","geocore_m1_3\__pycache__\pipeline.cpython-312.pyc","E:\Code\Geocore_M1-3_separator_mark\geocore_m1_3\__pycache__\pipeline.cpython-312.pyc","PYTHON_BYTECODE_CACHE","11362","0975AD462461328A41BE3E61966216C71BC0F16D775D64FDAAAF442818DFE447"
"M1-3","E:\Code\Geocore_M1-3_separator_mark","geocore_m1_3\__pycache__\__init__.cpython-312.pyc","E:\Code\Geocore_M1-3_separator_mark\geocore_m1_3\__pycache__\__init__.cpython-312.pyc","PYTHON_BYTECODE_CACHE","214","B11A1892BCEC61D11F6289DF241BEECC199FD92FDA23FA01D8325ADB4A9D1280"
"M1-3","E:\Code\Geocore_M1-3_separator_mark","geocore_m1_3\__pycache__\__main__.cpython-312.pyc","E:\Code\Geocore_M1-3_separator_mark\geocore_m1_3\__pycache__\__main__.cpython-312.pyc","PYTHON_BYTECODE_CACHE","222","69C959E212D4761E97DAEECA19B6A6080FB05DCC1A6381400D6B6BE67F5AAE5D"
"M1-3","E:\Code\Geocore_M1-3_separator_mark","tests\__pycache__\test_depth_mapper.cpython-312.pyc","E:\Code\Geocore_M1-3_separator_mark\tests\__pycache__\test_depth_mapper.cpython-312.pyc","PYTHON_BYTECODE_CACHE","1616","4CA4D01E577AE26AAB9BCEE61C127696841418474D6A96C7790177A9A516C034"
"M1-3","E:\Code\Geocore_M1-3_separator_mark","tests\__pycache__\test_lane_detector.cpython-312.pyc","E:\Code\Geocore_M1-3_separator_mark\tests\__pycache__\test_lane_detector.cpython-312.pyc","PYTHON_BYTECODE_CACHE","2217","90FB68412F4F83FC51EEA9AC295A3AA83245C1D340CFBB3285585EE6E5B2E13B"
"M1-3","E:\Code\Geocore_M1-3_separator_mark","tests\__pycache__\test_pipeline.cpython-312.pyc","E:\Code\Geocore_M1-3_separator_mark\tests\__pycache__\test_pipeline.cpython-312.pyc","PYTHON_BYTECODE_CACHE","3312","111F9A723B3AF01B505EE2D43301A968A2A0A4D46D80E0490B5D1279C4A13EE7"
"M1-3","E:\Code\Geocore_M1-3_separator_mark","tests\__pycache__\test_segment_cutter.cpython-312.pyc","E:\Code\Geocore_M1-3_separator_mark\tests\__pycache__\test_segment_cutter.cpython-312.pyc","PYTHON_BYTECODE_CACHE","2278","1B1DF6C3426181D48DAEBBF20DA0AE1469A78A0C4907A34FDC39DCCDF71E25F8"
