"MappingId","Module","OriginalSourceFile","CurrentTargetFile","MigratedSizeBytes","CurrentSizeBytes","MigratedSHA256","CurrentSHA256","TargetExists","MatchesMigrationHash","ChangeClassification"
"M001","M0-1","E:\Code\Geocore_M0-1_image_fusion\scripts\diagnose_current_geocorefusion_registration.py","E:\Code\Geocore_M0&1_Preprocessing\modules\M0-1_image_fusion\scripts\legacy_registration_20260717\diagnose_current_geocorefusion_registration.py","4047","4103","9456B858890EF9593BE071F88399BFCBFC43F203A6DF7B768219FB093C6C30A9","A3BA84BAAAD264A9AB33DE4A8F47F7B8DACFD56835D44AD21F66822DECAA1165","True","False","INTENTIONAL_PATH_NORMALIZATION"
"M002","M0-1","E:\Code\Geocore_M0-1_image_fusion\scripts\prototype_local_registration.py","E:\Code\Geocore_M0&1_Preprocessing\modules\M0-1_image_fusion\scripts\legacy_registration_20260717\prototype_local_registration.py","9587","9643","3479320FF34CF49B1D556B913852951BF5909D646D3B566B00F9E4686B25FD54","2C45AB7B8124044D49E793B2F3F95AD7DFD2B3ADBFF566F98138FC22BA533081","True","False","INTENTIONAL_PATH_NORMALIZATION"
"M003","M0-1","E:\Code\Geocore_M0-1_image_fusion\scripts\prototype_tiepoint_registration_v4.py","E:\Code\Geocore_M0&1_Preprocessing\modules\M0-1_image_fusion\scripts\legacy_registration_20260717\prototype_tiepoint_registration_v4.py","19335","19299","4C288278C13E7D915EF2AB50C81AB624F9E0C4F0284F3DC48899BC0BB6856C36","473B12D811672F2F3239A431BAB02353D53E23778305340E0C88F23C86541904","True","False","INTENTIONAL_PATH_NORMALIZATION"
"M004","M0-1","E:\Code\Geocore_M0-1_image_fusion\registration_diagnostics\3dssz\metrics.json","E:\Code\Geocore_M0&1_Preprocessing\modules\M0-1_image_fusion\qa\legacy_registration_20260717\registration_diagnostics\3dssz\metrics.json","417","417","5D9A67E0658D2F5EEB468ED38B0D338CDC6B72D740236A354F3D605C6D8B0831","5D9A67E0658D2F5EEB468ED38B0D338CDC6B72D740236A354F3D605C6D8B0831","True","True","UNCHANGED"
"M004","M0-1","E:\Code\Geocore_M0-1_image_fusion\registration_diagnostics\3dssz\nir_roi_affine_only.png","E:\Code\Geocore_M0&1_Preprocessing\modules\M0-1_image_fusion\qa\legacy_registration_20260717\registration_diagnostics\3dssz\nir_roi_affine_only.png","3059100","3059100","74E8D05323CDE2883C7DAC628747467B7C88621361CE4A1AD345C2D4A70DF577","74E8D05323CDE2883C7DAC628747467B7C88621361CE4A1AD345C2D4A70DF577","True","True","UNCHANGED"
"M004","M0-1","E:\Code\Geocore_M0-1_image_fusion\registration_diagnostics\3dssz\nir_roi_with_drift.png","E:\Code\Geocore_M0&1_Preprocessing\modules\M0-1_image_fusion\qa\legacy_registration_20260717\registration_diagnostics\3dssz\nir_roi_with_drift.png","3067463","3067463","4F56A6DD0E5E7F813553129865D1C12C07FD316A04DD3F3612F9968B9694CBF5","4F56A6DD0E5E7F813553129865D1C12C07FD316A04DD3F3612F9968B9694CBF5","True","True","UNCHANGED"
"M004","M0-1","E:\Code\Geocore_M0-1_image_fusion\registration_diagnostics\3dssz\swir_roi_affine_only.png","E:\Code\Geocore_M0&1_Preprocessing\modules\M0-1_image_fusion\qa\legacy_registration_20260717\registration_diagnostics\3dssz\swir_roi_affine_only.png","3095498","3095498","D3CEC8A6ED1CC65443021F0F82DEB9767F2E79E57AF9FB6B72C662CC61BCC33E","D3CEC8A6ED1CC65443021F0F82DEB9767F2E79E57AF9FB6B72C662CC61BCC33E","True","True","UNCHANGED"
"M004","M0-1","E:\Code\Geocore_M0-1_image_fusion\registration_diagnostics\3dssz\swir_roi_with_drift.png","E:\Code\Geocore_M0&1_Preprocessing\modules\M0-1_image_fusion\qa\legacy_registration_20260717\registration_diagnostics\3dssz\swir_roi_with_drift.png","3096764","3096764","96AED275D2CC97B9EAB80419AB86E12BCB1922A0E3C1BEE180B7AC21AAB1C6A6","96AED275D2CC97B9EAB80419AB86E12BCB1922A0E3C1BEE180B7AC21AAB1C6A6","True","True","UNCHANGED"
"M004","M0-1","E:\Code\Geocore_M0-1_image_fusion\registration_diagnostics\zkh3\metrics.json","E:\Code\Geocore_M0&1_Preprocessing\modules\M0-1_image_fusion\qa\legacy_registration_20260717\registration_diagnostics\zkh3\metrics.json","420","420","D7D909B13C74288F23A012C264A8B25A5F7AD4990EF1122A994E5D010CA81010","D7D909B13C74288F23A012C264A8B25A5F7AD4990EF1122A994E5D010CA81010","True","True","UNCHANGED"
"M004","M0-1","E:\Code\Geocore_M0-1_image_fusion\registration_diagnostics\zkh3\nir_roi_affine_only.png","E:\Code\Geocore_M0&1_Preprocessing\modules\M0-1_image_fusion\qa\legacy_registration_20260717\registration_diagnostics\zkh3\nir_roi_affine_only.png","3439432","3439432","BFB4979515FC4A5DE95AC7CFDC75FC2C3C347062CFA17DA826165003ACE2E183","BFB4979515FC4A5DE95AC7CFDC75FC2C3C347062CFA17DA826165003ACE2E183","True","True","UNCHANGED"
"M004","M0-1","E:\Code\Geocore_M0-1_image_fusion\registration_diagnostics\zkh3\nir_roi_with_drift.png","E:\Code\Geocore_M0&1_Preprocessing\modules\M0-1_image_fusion\qa\legacy_registration_20260717\registration_diagnostics\zkh3\nir_roi_with_drift.png","3451629","3451629","A460686EE106FF15A6AFAD2740D136CC45BC7B4878721B331102944628CD8B0B","A460686EE106FF15A6AFAD2740D136CC45BC7B4878721B331102944628CD8B0B","True","True","UNCHANGED"
"M004","M0-1","E:\Code\Geocore_M0-1_image_fusion\registration_diagnostics\zkh3\swir_roi_affine_only.png","E:\Code\Geocore_M0&1_Preprocessing\modules\M0-1_image_fusion\qa\legacy_registration_20260717\registration_diagnostics\zkh3\swir_roi_affine_only.png","3471094","3471094","FEAB33101752CD2DCD7EA39EEF450906FC486CA4070E8952A5557824125C4175","FEAB33101752CD2DCD7EA39EEF450906FC486CA4070E8952A5557824125C4175","True","True","UNCHANGED"
"M004","M0-1","E:\Code\Geocore_M0-1_image_fusion\registration_diagnostics\zkh3\swir_roi_with_drift.png","E:\Code\Geocore_M0&1_Preprocessing\modules\M0-1_image_fusion\qa\legacy_registration_20260717\registration_diagnostics\zkh3\swir_roi_with_drift.png","3474059","3474059","5798C9A05C0286A6CA9C4180105FEBA4C2515B1726D903EE692BB80E5D64FDFB","5798C9A05C0286A6CA9C4180105FEBA4C2515B1726D903EE692BB80E5D64FDFB","True","True","UNCHANGED"
"M005","M0-1","E:\Code\Geocore_M0-1_image_fusion\local_registration_prototype\3dssz\metrics.json","E:\Code\Geocore_M0&1_Preprocessing\modules\M0-1_image_fusion\qa\legacy_registration_20260717\local_registration_prototype\3dssz\metrics.json","5268","5268","8ABD0DF5795F1CE3DA395677C9EAECA619611D3B798DAB845F5307F30C97A65E","8ABD0DF5795F1CE3DA395677C9EAECA619611D3B798DAB845F5307F30C97A65E","True","True","UNCHANGED"
"M005","M0-1","E:\Code\Geocore_M0-1_image_fusion\local_registration_prototype\3dssz\nir_after.png","E:\Code\Geocore_M0&1_Preprocessing\modules\M0-1_image_fusion\qa\legacy_registration_20260717\local_registration_prototype\3dssz\nir_after.png","114762","114762","EED06FDBE45975BE9E9F246FAB4AA148B980D162EEC65D3C7183B47273EBC1DE","EED06FDBE45975BE9E9F246FAB4AA148B980D162EEC65D3C7183B47273EBC1DE","True","True","UNCHANGED"
"M005","M0-1","E:\Code\Geocore_M0-1_image_fusion\local_registration_prototype\3dssz\nir_before.png","E:\Code\Geocore_M0&1_Preprocessing\modules\M0-1_image_fusion\qa\legacy_registration_20260717\local_registration_prototype\3dssz\nir_before.png","115289","115289","8EE2B6DA770702493C5E7F93E442C229C55905C551A026BA72C309C8F3A339F5","8EE2B6DA770702493C5E7F93E442C229C55905C551A026BA72C309C8F3A339F5","True","True","UNCHANGED"
"M005","M0-1","E:\Code\Geocore_M0-1_image_fusion\local_registration_prototype\3dssz\nir_joint_swir_anchor.png","E:\Code\Geocore_M0&1_Preprocessing\modules\M0-1_image_fusion\qa\legacy_registration_20260717\local_registration_prototype\3dssz\nir_joint_swir_anchor.png","113332","113332","A79D211ED2D7F53A8564DE6BAC948B66E3B5225A7611D47D562286DB9C5A698C","A79D211ED2D7F53A8564DE6BAC948B66E3B5225A7611D47D562286DB9C5A698C","True","True","UNCHANGED"
"M005","M0-1","E:\Code\Geocore_M0-1_image_fusion\local_registration_prototype\3dssz\nir_strip_refined.png","E:\Code\Geocore_M0&1_Preprocessing\modules\M0-1_image_fusion\qa\legacy_registration_20260717\local_registration_prototype\3dssz\nir_strip_refined.png","114576","114576","162D0B9396F84ED5071A5879CF8DBF5D4F76B7DD5BE2BC993F83FDBB194D4B89","162D0B9396F84ED5071A5879CF8DBF5D4F76B7DD5BE2BC993F83FDBB194D4B89","True","True","UNCHANGED"
"M005","M0-1","E:\Code\Geocore_M0-1_image_fusion\local_registration_prototype\3dssz\nir_swir_overlap_joint.png","E:\Code\Geocore_M0&1_Preprocessing\modules\M0-1_image_fusion\qa\legacy_registration_20260717\local_registration_prototype\3dssz\nir_swir_overlap_joint.png","117454","117454","C1B294B608A7B2D81C3B3F8D266E6363C75A6ADB6A85AEDE22A258AB2EFEC2DC","C1B294B608A7B2D81C3B3F8D266E6363C75A6ADB6A85AEDE22A258AB2EFEC2DC","True","True","UNCHANGED"
"M005","M0-1","E:\Code\Geocore_M0-1_image_fusion\local_registration_prototype\3dssz\swir_after.png","E:\Code\Geocore_M0&1_Preprocessing\modules\M0-1_image_fusion\qa\legacy_registration_20260717\local_registration_prototype\3dssz\swir_after.png","115649","115649","503CE08C9C2CC65B62498EB8F8AACBE36F1A5791FE6C5E0783A92917D10BF4C8","503CE08C9C2CC65B62498EB8F8AACBE36F1A5791FE6C5E0783A92917D10BF4C8","True","True","UNCHANGED"
"M005","M0-1","E:\Code\Geocore_M0-1_image_fusion\local_registration_prototype\3dssz\swir_before.png","E:\Code\Geocore_M0&1_Preprocessing\modules\M0-1_image_fusion\qa\legacy_registration_20260717\local_registration_prototype\3dssz\swir_before.png","115973","115973","5A7DF03570833F10F03EAE17478E107B5CDEEF0541FFD7C2A3495D36F850F548","5A7DF03570833F10F03EAE17478E107B5CDEEF0541FFD7C2A3495D36F850F548","True","True","UNCHANGED"
"M005","M0-1","E:\Code\Geocore_M0-1_image_fusion\local_registration_prototype\3dssz\swir_strip_refined.png","E:\Code\Geocore_M0&1_Preprocessing\modules\M0-1_image_fusion\qa\legacy_registration_20260717\local_registration_prototype\3dssz\swir_strip_refined.png","115649","115649","503CE08C9C2CC65B62498EB8F8AACBE36F1A5791FE6C5E0783A92917D10BF4C8","503CE08C9C2CC65B62498EB8F8AACBE36F1A5791FE6C5E0783A92917D10BF4C8","True","True","UNCHANGED"
"M005","M0-1","E:\Code\Geocore_M0-1_image_fusion\local_registration_prototype\zkh3\metrics.json","E:\Code\Geocore_M0&1_Preprocessing\modules\M0-1_image_fusion\qa\legacy_registration_20260717\local_registration_prototype\zkh3\metrics.json","5168","5168","2D9E51BF2178805CE4AB96CE72B6819224D3BF9F41F8E136F2911EE81D5A77FD","2D9E51BF2178805CE4AB96CE72B6819224D3BF9F41F8E136F2911EE81D5A77FD","True","True","UNCHANGED"
"M005","M0-1","E:\Code\Geocore_M0-1_image_fusion\local_registration_prototype\zkh3\nir_after.png","E:\Code\Geocore_M0&1_Preprocessing\modules\M0-1_image_fusion\qa\legacy_registration_20260717\local_registration_prototype\zkh3\nir_after.png","166108","166108","FE546B28E364BE13D42AFF1B4F149CD7E4F5D32EC36C4EBD5E8E1C5195CBBEF6","FE546B28E364BE13D42AFF1B4F149CD7E4F5D32EC36C4EBD5E8E1C5195CBBEF6","True","True","UNCHANGED"
"M005","M0-1","E:\Code\Geocore_M0-1_image_fusion\local_registration_prototype\zkh3\nir_before.png","E:\Code\Geocore_M0&1_Preprocessing\modules\M0-1_image_fusion\qa\legacy_registration_20260717\local_registration_prototype\zkh3\nir_before.png","165276","165276","34F56BC975DA294961DDAF4051D34C347EE52455ED533C009EC4EA5B8CDB16D8","34F56BC975DA294961DDAF4051D34C347EE52455ED533C009EC4EA5B8CDB16D8","True","True","UNCHANGED"
"M005","M0-1","E:\Code\Geocore_M0-1_image_fusion\local_registration_prototype\zkh3\nir_joint_swir_anchor.png","E:\Code\Geocore_M0&1_Preprocessing\modules\M0-1_image_fusion\qa\legacy_registration_20260717\local_registration_prototype\zkh3\nir_joint_swir_anchor.png","164425","164425","37582A1A93F48EB14EFFF41052200F261C5DA0D662ADE7CF80D4B9CC31380443","37582A1A93F48EB14EFFF41052200F261C5DA0D662ADE7CF80D4B9CC31380443","True","True","UNCHANGED"
"M005","M0-1","E:\Code\Geocore_M0-1_image_fusion\local_registration_prototype\zkh3\nir_strip_refined.png","E:\Code\Geocore_M0&1_Preprocessing\modules\M0-1_image_fusion\qa\legacy_registration_20260717\local_registration_prototype\zkh3\nir_strip_refined.png","166220","166220","12B75179A2C8D8C5B7390BF76D7431D579ABA70C817A1D0ABC380C8A17F29464","12B75179A2C8D8C5B7390BF76D7431D579ABA70C817A1D0ABC380C8A17F29464","True","True","UNCHANGED"
"M005","M0-1","E:\Code\Geocore_M0-1_image_fusion\local_registration_prototype\zkh3\nir_swir_overlap_joint.png","E:\Code\Geocore_M0&1_Preprocessing\modules\M0-1_image_fusion\qa\legacy_registration_20260717\local_registration_prototype\zkh3\nir_swir_overlap_joint.png","162073","162073","D79F4E03C76FA3DE7F7CD7A2F678E789F82D17D65DC6E884C2EAC8E232815277","D79F4E03C76FA3DE7F7CD7A2F678E789F82D17D65DC6E884C2EAC8E232815277","True","True","UNCHANGED"
"M005","M0-1","E:\Code\Geocore_M0-1_image_fusion\local_registration_prototype\zkh3\swir_after.png","E:\Code\Geocore_M0&1_Preprocessing\modules\M0-1_image_fusion\qa\legacy_registration_20260717\local_registration_prototype\zkh3\swir_after.png","165938","165938","85DE9151D966E6418329293E5D627D0845C65A2A5531E8AB7FAF2DD39571E746","85DE9151D966E6418329293E5D627D0845C65A2A5531E8AB7FAF2DD39571E746","True","True","UNCHANGED"
"M005","M0-1","E:\Code\Geocore_M0-1_image_fusion\local_registration_prototype\zkh3\swir_before.png","E:\Code\Geocore_M0&1_Preprocessing\modules\M0-1_image_fusion\qa\legacy_registration_20260717\local_registration_prototype\zkh3\swir_before.png","166017","166017","514D60FBF028E29162855CBE6E580171D44889ECE4C07E736953D6A610FFA5D5","514D60FBF028E29162855CBE6E580171D44889ECE4C07E736953D6A610FFA5D5","True","True","UNCHANGED"
"M005","M0-1","E:\Code\Geocore_M0-1_image_fusion\local_registration_prototype\zkh3\swir_strip_refined.png","E:\Code\Geocore_M0&1_Preprocessing\modules\M0-1_image_fusion\qa\legacy_registration_20260717\local_registration_prototype\zkh3\swir_strip_refined.png","165938","165938","85DE9151D966E6418329293E5D627D0845C65A2A5531E8AB7FAF2DD39571E746","85DE9151D966E6418329293E5D627D0845C65A2A5531E8AB7FAF2DD39571E746","True","True","UNCHANGED"
"M006","M0-1","E:\Code\Geocore_M0-1_image_fusion\tiepoint_registration_v4\3dssz_direct_rgb\after_joint_rgb_overlay.png","E:\Code\Geocore_M0&1_Preprocessing\modules\M0-1_image_fusion\qa\legacy_registration_20260717\tiepoint_registration_v4\3dssz_direct_rgb\after_joint_rgb_overlay.png","72615","72615","A4F8D54B12689C82FBA23653DCFA719D54690995E3CB7709554479504989F94F","A4F8D54B12689C82FBA23653DCFA719D54690995E3CB7709554479504989F94F","True","True","UNCHANGED"
"M006","M0-1","E:\Code\Geocore_M0-1_image_fusion\tiepoint_registration_v4\3dssz_direct_rgb\after_nir_rgb_overlay.png","E:\Code\Geocore_M0&1_Preprocessing\modules\M0-1_image_fusion\qa\legacy_registration_20260717\tiepoint_registration_v4\3dssz_direct_rgb\after_nir_rgb_overlay.png","70345","70345","A924907464A8ECC2B59C0573C985D4E81451B7E40771D012B9B3DB359A5AF640","A924907464A8ECC2B59C0573C985D4E81451B7E40771D012B9B3DB359A5AF640","True","True","UNCHANGED"
"M006","M0-1","E:\Code\Geocore_M0-1_image_fusion\tiepoint_registration_v4\3dssz_direct_rgb\after_swir_rgb_overlay.png","E:\Code\Geocore_M0&1_Preprocessing\modules\M0-1_image_fusion\qa\legacy_registration_20260717\tiepoint_registration_v4\3dssz_direct_rgb\after_swir_rgb_overlay.png","71949","71949","BD03680BD2107284BB38DEEF4575B6BF40D8197E3617886FF5A20584FECDB759","BD03680BD2107284BB38DEEF4575B6BF40D8197E3617886FF5A20584FECDB759","True","True","UNCHANGED"
"M006","M0-1","E:\Code\Geocore_M0-1_image_fusion\tiepoint_registration_v4\3dssz_direct_rgb\before_joint_rgb_overlay.png","E:\Code\Geocore_M0&1_Preprocessing\modules\M0-1_image_fusion\qa\legacy_registration_20260717\tiepoint_registration_v4\3dssz_direct_rgb\before_joint_rgb_overlay.png","72288","72288","FBFE98F62D3F18950D2E7FAF705A6DC574A5AF4121D5D9760167E2C7150B2CDF","FBFE98F62D3F18950D2E7FAF705A6DC574A5AF4121D5D9760167E2C7150B2CDF","True","True","UNCHANGED"
"M006","M0-1","E:\Code\Geocore_M0-1_image_fusion\tiepoint_registration_v4\3dssz_direct_rgb\displacement_magnitude.png","E:\Code\Geocore_M0&1_Preprocessing\modules\M0-1_image_fusion\qa\legacy_registration_20260717\tiepoint_registration_v4\3dssz_direct_rgb\displacement_magnitude.png","16919","16919","3E5ED464BFCA3D06B3CA8B450377C6C7F9AF1B9690D719615519BB72FD5FD156","3E5ED464BFCA3D06B3CA8B450377C6C7F9AF1B9690D719615519BB72FD5FD156","True","True","UNCHANGED"
"M006","M0-1","E:\Code\Geocore_M0-1_image_fusion\tiepoint_registration_v4\3dssz_direct_rgb\report.json","E:\Code\Geocore_M0&1_Preprocessing\modules\M0-1_image_fusion\qa\legacy_registration_20260717\tiepoint_registration_v4\3dssz_direct_rgb\report.json","58894","58894","E050FBDD30410C2534D36CEF8A31E9A1B8F3788E0C55A7F8E7887BB5F18F2CAF","E050FBDD30410C2534D36CEF8A31E9A1B8F3788E0C55A7F8E7887BB5F18F2CAF","True","True","UNCHANGED"
"M006","M0-1","E:\Code\Geocore_M0-1_image_fusion\tiepoint_registration_v4\3dssz_direct_rgb\tie_points.png","E:\Code\Geocore_M0&1_Preprocessing\modules\M0-1_image_fusion\qa\legacy_registration_20260717\tiepoint_registration_v4\3dssz_direct_rgb\tie_points.png","94410","94410","1B300153C29B70EFAE55D64856F155E1E979E853BAD8ED1839BE6824C3D51339","1B300153C29B70EFAE55D64856F155E1E979E853BAD8ED1839BE6824C3D51339","True","True","UNCHANGED"
"M006","M0-1","E:\Code\Geocore_M0-1_image_fusion\tiepoint_registration_v4\3dssz_direct_rgb\tie_points_joint_to_rgb.png","E:\Code\Geocore_M0&1_Preprocessing\modules\M0-1_image_fusion\qa\legacy_registration_20260717\tiepoint_registration_v4\3dssz_direct_rgb\tie_points_joint_to_rgb.png","93222","93222","CA7812B08C3739E01993D79052E6D3DA8690933DE6BA8C0D66083193ED793861","CA7812B08C3739E01993D79052E6D3DA8690933DE6BA8C0D66083193ED793861","True","True","UNCHANGED"
"M006","M0-1","E:\Code\Geocore_M0-1_image_fusion\tiepoint_registration_v4\3dssz_direct_rgb\tie_points_nir_to_rgb.png","E:\Code\Geocore_M0&1_Preprocessing\modules\M0-1_image_fusion\qa\legacy_registration_20260717\tiepoint_registration_v4\3dssz_direct_rgb\tie_points_nir_to_rgb.png","94738","94738","CE737BC69368F1487AE9F2B2853875289C266752A0C9DCB550D90B10AFBB700D","CE737BC69368F1487AE9F2B2853875289C266752A0C9DCB550D90B10AFBB700D","True","True","UNCHANGED"
"M006","M0-1","E:\Code\Geocore_M0-1_image_fusion\tiepoint_registration_v4\3dssz_direct_rgb\tie_points_swir_to_rgb.png","E:\Code\Geocore_M0&1_Preprocessing\modules\M0-1_image_fusion\qa\legacy_registration_20260717\tiepoint_registration_v4\3dssz_direct_rgb\tie_points_swir_to_rgb.png","96470","96470","B097966C6CCD3C867F7F5D46A06633AAA571A18A8D1E91EC1357DC956B2DB6D5","B097966C6CCD3C867F7F5D46A06633AAA571A18A8D1E91EC1357DC956B2DB6D5","True","True","UNCHANGED"
"M006","M0-1","E:\Code\Geocore_M0-1_image_fusion\tiepoint_registration_v4\3dssz_enhanced\after_joint_rgb_overlay.png","E:\Code\Geocore_M0&1_Preprocessing\modules\M0-1_image_fusion\qa\legacy_registration_20260717\tiepoint_registration_v4\3dssz_enhanced\after_joint_rgb_overlay.png","72288","72288","FBFE98F62D3F18950D2E7FAF705A6DC574A5AF4121D5D9760167E2C7150B2CDF","FBFE98F62D3F18950D2E7FAF705A6DC574A5AF4121D5D9760167E2C7150B2CDF","True","True","UNCHANGED"
"M006","M0-1","E:\Code\Geocore_M0-1_image_fusion\tiepoint_registration_v4\3dssz_enhanced\after_nir_rgb_overlay.png","E:\Code\Geocore_M0&1_Preprocessing\modules\M0-1_image_fusion\qa\legacy_registration_20260717\tiepoint_registration_v4\3dssz_enhanced\after_nir_rgb_overlay.png","70345","70345","A924907464A8ECC2B59C0573C985D4E81451B7E40771D012B9B3DB359A5AF640","A924907464A8ECC2B59C0573C985D4E81451B7E40771D012B9B3DB359A5AF640","True","True","UNCHANGED"
"M006","M0-1","E:\Code\Geocore_M0-1_image_fusion\tiepoint_registration_v4\3dssz_enhanced\after_swir_rgb_overlay.png","E:\Code\Geocore_M0&1_Preprocessing\modules\M0-1_image_fusion\qa\legacy_registration_20260717\tiepoint_registration_v4\3dssz_enhanced\after_swir_rgb_overlay.png","70813","70813","518A92ED277F2FBE3FC8151B5A6162D4C9FFB50D9B4A09EEB3B814F3403C925C","518A92ED277F2FBE3FC8151B5A6162D4C9FFB50D9B4A09EEB3B814F3403C925C","True","True","UNCHANGED"
"M006","M0-1","E:\Code\Geocore_M0-1_image_fusion\tiepoint_registration_v4\3dssz_enhanced\before_joint_rgb_overlay.png","E:\Code\Geocore_M0&1_Preprocessing\modules\M0-1_image_fusion\qa\legacy_registration_20260717\tiepoint_registration_v4\3dssz_enhanced\before_joint_rgb_overlay.png","72288","72288","FBFE98F62D3F18950D2E7FAF705A6DC574A5AF4121D5D9760167E2C7150B2CDF","FBFE98F62D3F18950D2E7FAF705A6DC574A5AF4121D5D9760167E2C7150B2CDF","True","True","UNCHANGED"
"M006","M0-1","E:\Code\Geocore_M0-1_image_fusion\tiepoint_registration_v4\3dssz_enhanced\displacement_magnitude.png","E:\Code\Geocore_M0&1_Preprocessing\modules\M0-1_image_fusion\qa\legacy_registration_20260717\tiepoint_registration_v4\3dssz_enhanced\displacement_magnitude.png","14159","14159","258B6DCCF9B00775F37A7BF48325F18DFE4439B842BDF26A20822EA7F56C7A72","258B6DCCF9B00775F37A7BF48325F18DFE4439B842BDF26A20822EA7F56C7A72","True","True","UNCHANGED"
"M006","M0-1","E:\Code\Geocore_M0-1_image_fusion\tiepoint_registration_v4\3dssz_enhanced\report.json","E:\Code\Geocore_M0&1_Preprocessing\modules\M0-1_image_fusion\qa\legacy_registration_20260717\tiepoint_registration_v4\3dssz_enhanced\report.json","9737","9737","560063D39F502A525E313B657BD5DDC063E41595D5A9495C4298DDDAD0687027","560063D39F502A525E313B657BD5DDC063E41595D5A9495C4298DDDAD0687027","True","True","UNCHANGED"
"M006","M0-1","E:\Code\Geocore_M0-1_image_fusion\tiepoint_registration_v4\3dssz_enhanced\tie_points.png","E:\Code\Geocore_M0&1_Preprocessing\modules\M0-1_image_fusion\qa\legacy_registration_20260717\tiepoint_registration_v4\3dssz_enhanced\tie_points.png","90179","90179","DA8EA873FDA22AACC2A9F7C87B4972B6D936E103CBB283D4B8E4EB75D4852FBE","DA8EA873FDA22AACC2A9F7C87B4972B6D936E103CBB283D4B8E4EB75D4852FBE","True","True","UNCHANGED"
"M006","M0-1","E:\Code\Geocore_M0-1_image_fusion\tiepoint_registration_v4\3dssz_enhanced_sequential\after_joint_rgb_overlay.png","E:\Code\Geocore_M0&1_Preprocessing\modules\M0-1_image_fusion\qa\legacy_registration_20260717\tiepoint_registration_v4\3dssz_enhanced_sequential\after_joint_rgb_overlay.png","71967","71967","6BE15D075985B562E0E0CCC7007C6FEEC389A6241BB228E87250D23F8EDBF241","6BE15D075985B562E0E0CCC7007C6FEEC389A6241BB228E87250D23F8EDBF241","True","True","UNCHANGED"
"M006","M0-1","E:\Code\Geocore_M0-1_image_fusion\tiepoint_registration_v4\3dssz_enhanced_sequential\after_nir_rgb_overlay.png","E:\Code\Geocore_M0&1_Preprocessing\modules\M0-1_image_fusion\qa\legacy_registration_20260717\tiepoint_registration_v4\3dssz_enhanced_sequential\after_nir_rgb_overlay.png","70345","70345","A924907464A8ECC2B59C0573C985D4E81451B7E40771D012B9B3DB359A5AF640","A924907464A8ECC2B59C0573C985D4E81451B7E40771D012B9B3DB359A5AF640","True","True","UNCHANGED"
"M006","M0-1","E:\Code\Geocore_M0-1_image_fusion\tiepoint_registration_v4\3dssz_enhanced_sequential\after_swir_rgb_overlay.png","E:\Code\Geocore_M0&1_Preprocessing\modules\M0-1_image_fusion\qa\legacy_registration_20260717\tiepoint_registration_v4\3dssz_enhanced_sequential\after_swir_rgb_overlay.png","71061","71061","48B3390C3278EF630CE1B6CE106BF7EDD0C485D10B6270472FEE8FA744718D47","48B3390C3278EF630CE1B6CE106BF7EDD0C485D10B6270472FEE8FA744718D47","True","True","UNCHANGED"
"M006","M0-1","E:\Code\Geocore_M0-1_image_fusion\tiepoint_registration_v4\3dssz_enhanced_sequential\before_joint_rgb_overlay.png","E:\Code\Geocore_M0&1_Preprocessing\modules\M0-1_image_fusion\qa\legacy_registration_20260717\tiepoint_registration_v4\3dssz_enhanced_sequential\before_joint_rgb_overlay.png","72288","72288","FBFE98F62D3F18950D2E7FAF705A6DC574A5AF4121D5D9760167E2C7150B2CDF","FBFE98F62D3F18950D2E7FAF705A6DC574A5AF4121D5D9760167E2C7150B2CDF","True","True","UNCHANGED"
"M006","M0-1","E:\Code\Geocore_M0-1_image_fusion\tiepoint_registration_v4\3dssz_enhanced_sequential\displacement_magnitude.png","E:\Code\Geocore_M0&1_Preprocessing\modules\M0-1_image_fusion\qa\legacy_registration_20260717\tiepoint_registration_v4\3dssz_enhanced_sequential\displacement_magnitude.png","12830","12830","D52DDDFFB9F897489A46DCE0899851A3B14E129CE9754C715E9E311FD507C551","D52DDDFFB9F897489A46DCE0899851A3B14E129CE9754C715E9E311FD507C551","True","True","UNCHANGED"
"M006","M0-1","E:\Code\Geocore_M0-1_image_fusion\tiepoint_registration_v4\3dssz_enhanced_sequential\report.json","E:\Code\Geocore_M0&1_Preprocessing\modules\M0-1_image_fusion\qa\legacy_registration_20260717\tiepoint_registration_v4\3dssz_enhanced_sequential\report.json","29702","29702","4798A3213EFFE76E3D482AB3EA2FB02662D46A16558B1B643DB29B2D4761A424","4798A3213EFFE76E3D482AB3EA2FB02662D46A16558B1B643DB29B2D4761A424","True","True","UNCHANGED"
"M006","M0-1","E:\Code\Geocore_M0-1_image_fusion\tiepoint_registration_v4\3dssz_enhanced_sequential\tie_points.png","E:\Code\Geocore_M0&1_Preprocessing\modules\M0-1_image_fusion\qa\legacy_registration_20260717\tiepoint_registration_v4\3dssz_enhanced_sequential\tie_points.png","89633","89633","6083E2FF1A01A1EE85F8359252BE3F0653E36A6FE2EAFDB3050BA1A084174157","6083E2FF1A01A1EE85F8359252BE3F0653E36A6FE2EAFDB3050BA1A084174157","True","True","UNCHANGED"
"M006","M0-1","E:\Code\Geocore_M0-1_image_fusion\tiepoint_registration_v4\3dssz_enhanced_sequential\tie_points_joint_to_rgb.png","E:\Code\Geocore_M0&1_Preprocessing\modules\M0-1_image_fusion\qa\legacy_registration_20260717\tiepoint_registration_v4\3dssz_enhanced_sequential\tie_points_joint_to_rgb.png","89948","89948","4DC43609EBCBE96B82B2CC5DF0EA7EAF40D3E4B1BC0A00B523D700B5F4E3802F","4DC43609EBCBE96B82B2CC5DF0EA7EAF40D3E4B1BC0A00B523D700B5F4E3802F","True","True","UNCHANGED"
"M006","M0-1","E:\Code\Geocore_M0-1_image_fusion\tiepoint_registration_v4\3dssz_enhanced_sequential\tie_points_nir_to_rgb.png","E:\Code\Geocore_M0&1_Preprocessing\modules\M0-1_image_fusion\qa\legacy_registration_20260717\tiepoint_registration_v4\3dssz_enhanced_sequential\tie_points_nir_to_rgb.png","90851","90851","D34E4C635BCAD7111B295798E1BC84771B6A07319580F3DA2CF6D068EE7A1DF6","D34E4C635BCAD7111B295798E1BC84771B6A07319580F3DA2CF6D068EE7A1DF6","True","True","UNCHANGED"
"M006","M0-1","E:\Code\Geocore_M0-1_image_fusion\tiepoint_registration_v4\3dssz_enhanced_sequential\tie_points_swir_to_rgb.png","E:\Code\Geocore_M0&1_Preprocessing\modules\M0-1_image_fusion\qa\legacy_registration_20260717\tiepoint_registration_v4\3dssz_enhanced_sequential\tie_points_swir_to_rgb.png","93647","93647","22F78718404A9E76B184478C40CFEA95F29A1C1F7585408CDFDC6ABAD909719D","22F78718404A9E76B184478C40CFEA95F29A1C1F7585408CDFDC6ABAD909719D","True","True","UNCHANGED"
"M006","M0-1","E:\Code\Geocore_M0-1_image_fusion\tiepoint_registration_v4\3dssz_original\after_joint_rgb_overlay.png","E:\Code\Geocore_M0&1_Preprocessing\modules\M0-1_image_fusion\qa\legacy_registration_20260717\tiepoint_registration_v4\3dssz_original\after_joint_rgb_overlay.png","72288","72288","FBFE98F62D3F18950D2E7FAF705A6DC574A5AF4121D5D9760167E2C7150B2CDF","FBFE98F62D3F18950D2E7FAF705A6DC574A5AF4121D5D9760167E2C7150B2CDF","True","True","UNCHANGED"
"M006","M0-1","E:\Code\Geocore_M0-1_image_fusion\tiepoint_registration_v4\3dssz_original\after_nir_rgb_overlay.png","E:\Code\Geocore_M0&1_Preprocessing\modules\M0-1_image_fusion\qa\legacy_registration_20260717\tiepoint_registration_v4\3dssz_original\after_nir_rgb_overlay.png","70345","70345","A924907464A8ECC2B59C0573C985D4E81451B7E40771D012B9B3DB359A5AF640","A924907464A8ECC2B59C0573C985D4E81451B7E40771D012B9B3DB359A5AF640","True","True","UNCHANGED"
"M006","M0-1","E:\Code\Geocore_M0-1_image_fusion\tiepoint_registration_v4\3dssz_original\after_swir_rgb_overlay.png","E:\Code\Geocore_M0&1_Preprocessing\modules\M0-1_image_fusion\qa\legacy_registration_20260717\tiepoint_registration_v4\3dssz_original\after_swir_rgb_overlay.png","70813","70813","518A92ED277F2FBE3FC8151B5A6162D4C9FFB50D9B4A09EEB3B814F3403C925C","518A92ED277F2FBE3FC8151B5A6162D4C9FFB50D9B4A09EEB3B814F3403C925C","True","True","UNCHANGED"
"M006","M0-1","E:\Code\Geocore_M0-1_image_fusion\tiepoint_registration_v4\3dssz_original\before_joint_rgb_overlay.png","E:\Code\Geocore_M0&1_Preprocessing\modules\M0-1_image_fusion\qa\legacy_registration_20260717\tiepoint_registration_v4\3dssz_original\before_joint_rgb_overlay.png","72288","72288","FBFE98F62D3F18950D2E7FAF705A6DC574A5AF4121D5D9760167E2C7150B2CDF","FBFE98F62D3F18950D2E7FAF705A6DC574A5AF4121D5D9760167E2C7150B2CDF","True","True","UNCHANGED"
"M006","M0-1","E:\Code\Geocore_M0-1_image_fusion\tiepoint_registration_v4\3dssz_original\displacement_magnitude.png","E:\Code\Geocore_M0&1_Preprocessing\modules\M0-1_image_fusion\qa\legacy_registration_20260717\tiepoint_registration_v4\3dssz_original\displacement_magnitude.png","15159","15159","1587F80DEF8FBD93E42C60FF54C03481A6FDD0D59D787889B276B8B16A25B84B","1587F80DEF8FBD93E42C60FF54C03481A6FDD0D59D787889B276B8B16A25B84B","True","True","UNCHANGED"
"M006","M0-1","E:\Code\Geocore_M0-1_image_fusion\tiepoint_registration_v4\3dssz_original\report.json","E:\Code\Geocore_M0&1_Preprocessing\modules\M0-1_image_fusion\qa\legacy_registration_20260717\tiepoint_registration_v4\3dssz_original\report.json","14366","14366","3C03E0C02FAF0739BCDD17C85D4CF71A2C540FDD7ED22B798C087DEDC3EA1417","3C03E0C02FAF0739BCDD17C85D4CF71A2C540FDD7ED22B798C087DEDC3EA1417","True","True","UNCHANGED"
"M006","M0-1","E:\Code\Geocore_M0-1_image_fusion\tiepoint_registration_v4\3dssz_original\tie_points.png","E:\Code\Geocore_M0&1_Preprocessing\modules\M0-1_image_fusion\qa\legacy_registration_20260717\tiepoint_registration_v4\3dssz_original\tie_points.png","92602","92602","E8EED3A210E762291C19E6FD4AFCD4D6B9C2FA6B75FB20414DEA8C610F3D8F39","E8EED3A210E762291C19E6FD4AFCD4D6B9C2FA6B75FB20414DEA8C610F3D8F39","True","True","UNCHANGED"
"M006","M0-1","E:\Code\Geocore_M0-1_image_fusion\tiepoint_registration_v4\3dssz_original_narrow\after_joint_rgb_overlay.png","E:\Code\Geocore_M0&1_Preprocessing\modules\M0-1_image_fusion\qa\legacy_registration_20260717\tiepoint_registration_v4\3dssz_original_narrow\after_joint_rgb_overlay.png","72288","72288","FBFE98F62D3F18950D2E7FAF705A6DC574A5AF4121D5D9760167E2C7150B2CDF","FBFE98F62D3F18950D2E7FAF705A6DC574A5AF4121D5D9760167E2C7150B2CDF","True","True","UNCHANGED"
"M006","M0-1","E:\Code\Geocore_M0-1_image_fusion\tiepoint_registration_v4\3dssz_original_narrow\after_nir_rgb_overlay.png","E:\Code\Geocore_M0&1_Preprocessing\modules\M0-1_image_fusion\qa\legacy_registration_20260717\tiepoint_registration_v4\3dssz_original_narrow\after_nir_rgb_overlay.png","70345","70345","A924907464A8ECC2B59C0573C985D4E81451B7E40771D012B9B3DB359A5AF640","A924907464A8ECC2B59C0573C985D4E81451B7E40771D012B9B3DB359A5AF640","True","True","UNCHANGED"
"M006","M0-1","E:\Code\Geocore_M0-1_image_fusion\tiepoint_registration_v4\3dssz_original_narrow\after_swir_rgb_overlay.png","E:\Code\Geocore_M0&1_Preprocessing\modules\M0-1_image_fusion\qa\legacy_registration_20260717\tiepoint_registration_v4\3dssz_original_narrow\after_swir_rgb_overlay.png","70813","70813","518A92ED277F2FBE3FC8151B5A6162D4C9FFB50D9B4A09EEB3B814F3403C925C","518A92ED277F2FBE3FC8151B5A6162D4C9FFB50D9B4A09EEB3B814F3403C925C","True","True","UNCHANGED"
"M006","M0-1","E:\Code\Geocore_M0-1_image_fusion\tiepoint_registration_v4\3dssz_original_narrow\before_joint_rgb_overlay.png","E:\Code\Geocore_M0&1_Preprocessing\modules\M0-1_image_fusion\qa\legacy_registration_20260717\tiepoint_registration_v4\3dssz_original_narrow\before_joint_rgb_overlay.png","72288","72288","FBFE98F62D3F18950D2E7FAF705A6DC574A5AF4121D5D9760167E2C7150B2CDF","FBFE98F62D3F18950D2E7FAF705A6DC574A5AF4121D5D9760167E2C7150B2CDF","True","True","UNCHANGED"
"M006","M0-1","E:\Code\Geocore_M0-1_image_fusion\tiepoint_registration_v4\3dssz_original_narrow\displacement_magnitude.png","E:\Code\Geocore_M0&1_Preprocessing\modules\M0-1_image_fusion\qa\legacy_registration_20260717\tiepoint_registration_v4\3dssz_original_narrow\displacement_magnitude.png","18691","18691","C65592F0283DC17F8CBC2B7BE74B74E86A40CB0531C7060BF5E588E369BF103E","C65592F0283DC17F8CBC2B7BE74B74E86A40CB0531C7060BF5E588E369BF103E","True","True","UNCHANGED"
"M006","M0-1","E:\Code\Geocore_M0-1_image_fusion\tiepoint_registration_v4\3dssz_original_narrow\report.json","E:\Code\Geocore_M0&1_Preprocessing\modules\M0-1_image_fusion\qa\legacy_registration_20260717\tiepoint_registration_v4\3dssz_original_narrow\report.json","18629","18629","6AEC929CBA85F3DBC0B966F6B9B0EEB8CB9495648D8931D22A8AB80BAF862991","6AEC929CBA85F3DBC0B966F6B9B0EEB8CB9495648D8931D22A8AB80BAF862991","True","True","UNCHANGED"
"M006","M0-1","E:\Code\Geocore_M0-1_image_fusion\tiepoint_registration_v4\3dssz_original_narrow\tie_points.png","E:\Code\Geocore_M0&1_Preprocessing\modules\M0-1_image_fusion\qa\legacy_registration_20260717\tiepoint_registration_v4\3dssz_original_narrow\tie_points.png","94818","94818","B54942368CF98C4438A68D5B70AEBFB8FBB867AC8EE98D4F6D8237B6367095DD","B54942368CF98C4438A68D5B70AEBFB8FBB867AC8EE98D4F6D8237B6367095DD","True","True","UNCHANGED"
"M006","M0-1","E:\Code\Geocore_M0-1_image_fusion\tiepoint_registration_v4\3dssz_sequential\after_joint_rgb_overlay.png","E:\Code\Geocore_M0&1_Preprocessing\modules\M0-1_image_fusion\qa\legacy_registration_20260717\tiepoint_registration_v4\3dssz_sequential\after_joint_rgb_overlay.png","72632","72632","1EA0AAA611BDA11C8DF447F9B03C1B6B47597A81B291FFCFC255F6213D534A32","1EA0AAA611BDA11C8DF447F9B03C1B6B47597A81B291FFCFC255F6213D534A32","True","True","UNCHANGED"
"M006","M0-1","E:\Code\Geocore_M0-1_image_fusion\tiepoint_registration_v4\3dssz_sequential\after_nir_rgb_overlay.png","E:\Code\Geocore_M0&1_Preprocessing\modules\M0-1_image_fusion\qa\legacy_registration_20260717\tiepoint_registration_v4\3dssz_sequential\after_nir_rgb_overlay.png","71609","71609","1E9459CE14094AD33B7BA9DF5460C8AC7E2447C97808DAE934E4BA649140A426","1E9459CE14094AD33B7BA9DF5460C8AC7E2447C97808DAE934E4BA649140A426","True","True","UNCHANGED"
"M006","M0-1","E:\Code\Geocore_M0-1_image_fusion\tiepoint_registration_v4\3dssz_sequential\after_swir_rgb_overlay.png","E:\Code\Geocore_M0&1_Preprocessing\modules\M0-1_image_fusion\qa\legacy_registration_20260717\tiepoint_registration_v4\3dssz_sequential\after_swir_rgb_overlay.png","71949","71949","BD03680BD2107284BB38DEEF4575B6BF40D8197E3617886FF5A20584FECDB759","BD03680BD2107284BB38DEEF4575B6BF40D8197E3617886FF5A20584FECDB759","True","True","UNCHANGED"
"M006","M0-1","E:\Code\Geocore_M0-1_image_fusion\tiepoint_registration_v4\3dssz_sequential\before_joint_rgb_overlay.png","E:\Code\Geocore_M0&1_Preprocessing\modules\M0-1_image_fusion\qa\legacy_registration_20260717\tiepoint_registration_v4\3dssz_sequential\before_joint_rgb_overlay.png","72288","72288","FBFE98F62D3F18950D2E7FAF705A6DC574A5AF4121D5D9760167E2C7150B2CDF","FBFE98F62D3F18950D2E7FAF705A6DC574A5AF4121D5D9760167E2C7150B2CDF","True","True","UNCHANGED"
"M006","M0-1","E:\Code\Geocore_M0-1_image_fusion\tiepoint_registration_v4\3dssz_sequential\displacement_magnitude.png","E:\Code\Geocore_M0&1_Preprocessing\modules\M0-1_image_fusion\qa\legacy_registration_20260717\tiepoint_registration_v4\3dssz_sequential\displacement_magnitude.png","17162","17162","BDA2365E94FF3D6D9C263C2C734221F1EC5DAE57733086F61225740F6A4B62AA","BDA2365E94FF3D6D9C263C2C734221F1EC5DAE57733086F61225740F6A4B62AA","True","True","UNCHANGED"
"M006","M0-1","E:\Code\Geocore_M0-1_image_fusion\tiepoint_registration_v4\3dssz_sequential\report.json","E:\Code\Geocore_M0&1_Preprocessing\modules\M0-1_image_fusion\qa\legacy_registration_20260717\tiepoint_registration_v4\3dssz_sequential\report.json","62746","62746","42C15B055F85F396B7C87815F20C62D36A295C1CB65C24659A61D635936B8140","42C15B055F85F396B7C87815F20C62D36A295C1CB65C24659A61D635936B8140","True","True","UNCHANGED"
"M006","M0-1","E:\Code\Geocore_M0-1_image_fusion\tiepoint_registration_v4\3dssz_sequential\tie_points.png","E:\Code\Geocore_M0&1_Preprocessing\modules\M0-1_image_fusion\qa\legacy_registration_20260717\tiepoint_registration_v4\3dssz_sequential\tie_points.png","93268","93268","B9D81D36A67D9D994CFE1E5CE3B71234E69D054AD3F860929FD005E149FFB000","B9D81D36A67D9D994CFE1E5CE3B71234E69D054AD3F860929FD005E149FFB000","True","True","UNCHANGED"
"M006","M0-1","E:\Code\Geocore_M0-1_image_fusion\tiepoint_registration_v4\3dssz_sequential\tie_points_joint_to_rgb.png","E:\Code\Geocore_M0&1_Preprocessing\modules\M0-1_image_fusion\qa\legacy_registration_20260717\tiepoint_registration_v4\3dssz_sequential\tie_points_joint_to_rgb.png","92308","92308","2041C38B13BCF149CA516A7026EA75D5E1390CB4D214127F05B46F0AE1C0D9B7","2041C38B13BCF149CA516A7026EA75D5E1390CB4D214127F05B46F0AE1C0D9B7","True","True","UNCHANGED"
"M006","M0-1","E:\Code\Geocore_M0-1_image_fusion\tiepoint_registration_v4\3dssz_sequential\tie_points_nir_to_swir.png","E:\Code\Geocore_M0&1_Preprocessing\modules\M0-1_image_fusion\qa\legacy_registration_20260717\tiepoint_registration_v4\3dssz_sequential\tie_points_nir_to_swir.png","75578","75578","8D32C71AB402EEB6E4F2C4A00A6BB7C394F56FB48F8F499AC67F39AD9E9697D4","8D32C71AB402EEB6E4F2C4A00A6BB7C394F56FB48F8F499AC67F39AD9E9697D4","True","True","UNCHANGED"
"M006","M0-1","E:\Code\Geocore_M0-1_image_fusion\tiepoint_registration_v4\3dssz_sequential\tie_points_swir_to_rgb.png","E:\Code\Geocore_M0&1_Preprocessing\modules\M0-1_image_fusion\qa\legacy_registration_20260717\tiepoint_registration_v4\3dssz_sequential\tie_points_swir_to_rgb.png","96470","96470","B097966C6CCD3C867F7F5D46A06633AAA571A18A8D1E91EC1357DC956B2DB6D5","B097966C6CCD3C867F7F5D46A06633AAA571A18A8D1E91EC1357DC956B2DB6D5","True","True","UNCHANGED"
"M006","M0-1","E:\Code\Geocore_M0-1_image_fusion\tiepoint_registration_v4\3dssz_swir_shared\after_joint_rgb_overlay.png","E:\Code\Geocore_M0&1_Preprocessing\modules\M0-1_image_fusion\qa\legacy_registration_20260717\tiepoint_registration_v4\3dssz_swir_shared\after_joint_rgb_overlay.png","72409","72409","4A5BCF3EA623183847A4B278CAB80884DFDCDFCB3E3ED1D25E6E606B2BF88107","4A5BCF3EA623183847A4B278CAB80884DFDCDFCB3E3ED1D25E6E606B2BF88107","True","True","UNCHANGED"
"M006","M0-1","E:\Code\Geocore_M0-1_image_fusion\tiepoint_registration_v4\3dssz_swir_shared\after_nir_rgb_overlay.png","E:\Code\Geocore_M0&1_Preprocessing\modules\M0-1_image_fusion\qa\legacy_registration_20260717\tiepoint_registration_v4\3dssz_swir_shared\after_nir_rgb_overlay.png","71653","71653","AEAD822A3F35F73992B3FF4FEA3C35BB88AABFAA3A59CE1EB5DDF9AE25C30D6B","AEAD822A3F35F73992B3FF4FEA3C35BB88AABFAA3A59CE1EB5DDF9AE25C30D6B","True","True","UNCHANGED"
"M006","M0-1","E:\Code\Geocore_M0-1_image_fusion\tiepoint_registration_v4\3dssz_swir_shared\after_swir_rgb_overlay.png","E:\Code\Geocore_M0&1_Preprocessing\modules\M0-1_image_fusion\qa\legacy_registration_20260717\tiepoint_registration_v4\3dssz_swir_shared\after_swir_rgb_overlay.png","71949","71949","BD03680BD2107284BB38DEEF4575B6BF40D8197E3617886FF5A20584FECDB759","BD03680BD2107284BB38DEEF4575B6BF40D8197E3617886FF5A20584FECDB759","True","True","UNCHANGED"
"M006","M0-1","E:\Code\Geocore_M0-1_image_fusion\tiepoint_registration_v4\3dssz_swir_shared\before_joint_rgb_overlay.png","E:\Code\Geocore_M0&1_Preprocessing\modules\M0-1_image_fusion\qa\legacy_registration_20260717\tiepoint_registration_v4\3dssz_swir_shared\before_joint_rgb_overlay.png","72288","72288","FBFE98F62D3F18950D2E7FAF705A6DC574A5AF4121D5D9760167E2C7150B2CDF","FBFE98F62D3F18950D2E7FAF705A6DC574A5AF4121D5D9760167E2C7150B2CDF","True","True","UNCHANGED"
"M006","M0-1","E:\Code\Geocore_M0-1_image_fusion\tiepoint_registration_v4\3dssz_swir_shared\displacement_magnitude.png","E:\Code\Geocore_M0&1_Preprocessing\modules\M0-1_image_fusion\qa\legacy_registration_20260717\tiepoint_registration_v4\3dssz_swir_shared\displacement_magnitude.png","15339","15339","F77012125A700897ADDEE433BDEC952AD9686F323BDEFE2A24C2ED151C7D8CE8","F77012125A700897ADDEE433BDEC952AD9686F323BDEFE2A24C2ED151C7D8CE8","True","True","UNCHANGED"
"M006","M0-1","E:\Code\Geocore_M0-1_image_fusion\tiepoint_registration_v4\3dssz_swir_shared\report.json","E:\Code\Geocore_M0&1_Preprocessing\modules\M0-1_image_fusion\qa\legacy_registration_20260717\tiepoint_registration_v4\3dssz_swir_shared\report.json","59764","59764","42D8B23C16D1AB17F55111EB2A4F673310523370215F46F9C326CA7F53592EA2","42D8B23C16D1AB17F55111EB2A4F673310523370215F46F9C326CA7F53592EA2","True","True","UNCHANGED"
"M006","M0-1","E:\Code\Geocore_M0-1_image_fusion\tiepoint_registration_v4\3dssz_swir_shared\tie_points.png","E:\Code\Geocore_M0&1_Preprocessing\modules\M0-1_image_fusion\qa\legacy_registration_20260717\tiepoint_registration_v4\3dssz_swir_shared\tie_points.png","92950","92950","7350725D3D65A47AE1FEFA82E449204CE3902B12C436CDE57AE98849839C0495","7350725D3D65A47AE1FEFA82E449204CE3902B12C436CDE57AE98849839C0495","True","True","UNCHANGED"
"M006","M0-1","E:\Code\Geocore_M0-1_image_fusion\tiepoint_registration_v4\3dssz_swir_shared\tie_points_joint_to_rgb.png","E:\Code\Geocore_M0&1_Preprocessing\modules\M0-1_image_fusion\qa\legacy_registration_20260717\tiepoint_registration_v4\3dssz_swir_shared\tie_points_joint_to_rgb.png","92150","92150","3D86F1F5538C8877B7895646DBD19CE7FE6CF0ED2391EFD0F3570A0A2858C108","3D86F1F5538C8877B7895646DBD19CE7FE6CF0ED2391EFD0F3570A0A2858C108","True","True","UNCHANGED"
"M006","M0-1","E:\Code\Geocore_M0-1_image_fusion\tiepoint_registration_v4\3dssz_swir_shared\tie_points_nir_to_rgb.png","E:\Code\Geocore_M0&1_Preprocessing\modules\M0-1_image_fusion\qa\legacy_registration_20260717\tiepoint_registration_v4\3dssz_swir_shared\tie_points_nir_to_rgb.png","95116","95116","33658CB2326B796727BAFCB9A79BD987BDFD16B0A2842322AFC5066BAAB9507F","33658CB2326B796727BAFCB9A79BD987BDFD16B0A2842322AFC5066BAAB9507F","True","True","UNCHANGED"
"M006","M0-1","E:\Code\Geocore_M0-1_image_fusion\tiepoint_registration_v4\3dssz_swir_shared\tie_points_swir_to_rgb.png","E:\Code\Geocore_M0&1_Preprocessing\modules\M0-1_image_fusion\qa\legacy_registration_20260717\tiepoint_registration_v4\3dssz_swir_shared\tie_points_swir_to_rgb.png","96470","96470","B097966C6CCD3C867F7F5D46A06633AAA571A18A8D1E91EC1357DC956B2DB6D5","B097966C6CCD3C867F7F5D46A06633AAA571A18A8D1E91EC1357DC956B2DB6D5","True","True","UNCHANGED"
"M006","M0-1","E:\Code\Geocore_M0-1_image_fusion\tiepoint_registration_v4\zkh3_enhanced_sequential\after_joint_rgb_overlay.png","E:\Code\Geocore_M0&1_Preprocessing\modules\M0-1_image_fusion\qa\legacy_registration_20260717\tiepoint_registration_v4\zkh3_enhanced_sequential\after_joint_rgb_overlay.png","100748","100748","BC9A842B38C979D34B7B95C3167EEA2B4D60EE70C39160B6428ED89D5B1E90D2","BC9A842B38C979D34B7B95C3167EEA2B4D60EE70C39160B6428ED89D5B1E90D2","True","True","UNCHANGED"
"M006","M0-1","E:\Code\Geocore_M0-1_image_fusion\tiepoint_registration_v4\zkh3_enhanced_sequential\after_nir_rgb_overlay.png","E:\Code\Geocore_M0&1_Preprocessing\modules\M0-1_image_fusion\qa\legacy_registration_20260717\tiepoint_registration_v4\zkh3_enhanced_sequential\after_nir_rgb_overlay.png","100797","100797","CF36B068A8FB83AF849AE9DCDF00723EB69892ABA709DC57EFFA2DD8B1689D36","CF36B068A8FB83AF849AE9DCDF00723EB69892ABA709DC57EFFA2DD8B1689D36","True","True","UNCHANGED"
"M006","M0-1","E:\Code\Geocore_M0-1_image_fusion\tiepoint_registration_v4\zkh3_enhanced_sequential\after_swir_rgb_overlay.png","E:\Code\Geocore_M0&1_Preprocessing\modules\M0-1_image_fusion\qa\legacy_registration_20260717\tiepoint_registration_v4\zkh3_enhanced_sequential\after_swir_rgb_overlay.png","101018","101018","D61E0D7E01581E4BC36307AE0303C75E9A35188AA680A55D6E058600BE348376","D61E0D7E01581E4BC36307AE0303C75E9A35188AA680A55D6E058600BE348376","True","True","UNCHANGED"
"M006","M0-1","E:\Code\Geocore_M0-1_image_fusion\tiepoint_registration_v4\zkh3_enhanced_sequential\before_joint_rgb_overlay.png","E:\Code\Geocore_M0&1_Preprocessing\modules\M0-1_image_fusion\qa\legacy_registration_20260717\tiepoint_registration_v4\zkh3_enhanced_sequential\before_joint_rgb_overlay.png","101168","101168","B8400C354114909D38FB155C85E88579A804EBFDB7A19E5F89260C4D9799D04B","B8400C354114909D38FB155C85E88579A804EBFDB7A19E5F89260C4D9799D04B","True","True","UNCHANGED"
"M006","M0-1","E:\Code\Geocore_M0-1_image_fusion\tiepoint_registration_v4\zkh3_enhanced_sequential\displacement_magnitude.png","E:\Code\Geocore_M0&1_Preprocessing\modules\M0-1_image_fusion\qa\legacy_registration_20260717\tiepoint_registration_v4\zkh3_enhanced_sequential\displacement_magnitude.png","15331","15331","E6736BF1B53922C39DDBBEA44DCFBA354A65AE2B07704D6FC6C0CF21A6664CF5","E6736BF1B53922C39DDBBEA44DCFBA354A65AE2B07704D6FC6C0CF21A6664CF5","True","True","UNCHANGED"
"M006","M0-1","E:\Code\Geocore_M0-1_image_fusion\tiepoint_registration_v4\zkh3_enhanced_sequential\report.json","E:\Code\Geocore_M0&1_Preprocessing\modules\M0-1_image_fusion\qa\legacy_registration_20260717\tiepoint_registration_v4\zkh3_enhanced_sequential\report.json","61835","61835","E3745FD96CDF2956B593F1AE732B89B85401E677AB345000D0F70015C3892E97","E3745FD96CDF2956B593F1AE732B89B85401E677AB345000D0F70015C3892E97","True","True","UNCHANGED"
"M006","M0-1","E:\Code\Geocore_M0-1_image_fusion\tiepoint_registration_v4\zkh3_enhanced_sequential\tie_points.png","E:\Code\Geocore_M0&1_Preprocessing\modules\M0-1_image_fusion\qa\legacy_registration_20260717\tiepoint_registration_v4\zkh3_enhanced_sequential\tie_points.png","126534","126534","F32B45DA15B3AA5ABE94D5B38B36F0BDE529A7B7D817B1B2B25A9F167B438988","F32B45DA15B3AA5ABE94D5B38B36F0BDE529A7B7D817B1B2B25A9F167B438988","True","True","UNCHANGED"
"M006","M0-1","E:\Code\Geocore_M0-1_image_fusion\tiepoint_registration_v4\zkh3_enhanced_sequential\tie_points_joint_to_rgb.png","E:\Code\Geocore_M0&1_Preprocessing\modules\M0-1_image_fusion\qa\legacy_registration_20260717\tiepoint_registration_v4\zkh3_enhanced_sequential\tie_points_joint_to_rgb.png","130559","130559","05124BDFA3F67A0C7CEF07E8DF484795C153FF0FDA81489E069AB873FF3595AA","05124BDFA3F67A0C7CEF07E8DF484795C153FF0FDA81489E069AB873FF3595AA","True","True","UNCHANGED"
"M006","M0-1","E:\Code\Geocore_M0-1_image_fusion\tiepoint_registration_v4\zkh3_enhanced_sequential\tie_points_nir_to_rgb.png","E:\Code\Geocore_M0&1_Preprocessing\modules\M0-1_image_fusion\qa\legacy_registration_20260717\tiepoint_registration_v4\zkh3_enhanced_sequential\tie_points_nir_to_rgb.png","133613","133613","8077420E7D0C59DE887E47A18B3F763640BD1A0AD4785019DED26609FE755D37","8077420E7D0C59DE887E47A18B3F763640BD1A0AD4785019DED26609FE755D37","True","True","UNCHANGED"
"M006","M0-1","E:\Code\Geocore_M0-1_image_fusion\tiepoint_registration_v4\zkh3_enhanced_sequential\tie_points_swir_to_rgb.png","E:\Code\Geocore_M0&1_Preprocessing\modules\M0-1_image_fusion\qa\legacy_registration_20260717\tiepoint_registration_v4\zkh3_enhanced_sequential\tie_points_swir_to_rgb.png","134220","134220","C228A282E0035E985BE7BAA80CE9A2386BF8ABA82C932B61B80A7A133261072B","C228A282E0035E985BE7BAA80CE9A2386BF8ABA82C932B61B80A7A133261072B","True","True","UNCHANGED"
"M007","M0-1","E:\Code\Geocore_M0-1_image_fusion\roi_outputs\alignment_diagnosis_ZKH3_132_140\nir_native_struct.png","E:\Code\Geocore_M0&1_Preprocessing\modules\M0-1_image_fusion\qa\legacy_registration_20260717\alignment_diagnosis_ZKH3_132_140\nir_native_struct.png","843061","843061","2C1B5D9FE1657AA2F9B1806D9EA47DF9F4F9921F27CA6D1ACA0F5BBF8F68BDEF","2C1B5D9FE1657AA2F9B1806D9EA47DF9F4F9921F27CA6D1ACA0F5BBF8F68BDEF","True","True","UNCHANGED"
"M007","M0-1","E:\Code\Geocore_M0-1_image_fusion\roi_outputs\alignment_diagnosis_ZKH3_132_140\overlay_full_scene_rgb_nir.png","E:\Code\Geocore_M0&1_Preprocessing\modules\M0-1_image_fusion\qa\legacy_registration_20260717\alignment_diagnosis_ZKH3_132_140\overlay_full_scene_rgb_nir.png","2683046","2683046","00E49D44AF69952D46635D8C5182572309A87DE317AA6979F9FC2A12A85C70EE","00E49D44AF69952D46635D8C5182572309A87DE317AA6979F9FC2A12A85C70EE","True","True","UNCHANGED"
"M007","M0-1","E:\Code\Geocore_M0-1_image_fusion\roi_outputs\alignment_diagnosis_ZKH3_132_140\overlay_full_scene_rgb_swir.png","E:\Code\Geocore_M0&1_Preprocessing\modules\M0-1_image_fusion\qa\legacy_registration_20260717\alignment_diagnosis_ZKH3_132_140\overlay_full_scene_rgb_swir.png","2764830","2764830","9ED198986AE1815E9778A210E4469C289D3252452C6A57026A2F171166CF72E9","9ED198986AE1815E9778A210E4469C289D3252452C6A57026A2F171166CF72E9","True","True","UNCHANGED"
"M007","M0-1","E:\Code\Geocore_M0-1_image_fusion\roi_outputs\alignment_diagnosis_ZKH3_132_140\overlay_top_left_native_rgb_nir.png","E:\Code\Geocore_M0&1_Preprocessing\modules\M0-1_image_fusion\qa\legacy_registration_20260717\alignment_diagnosis_ZKH3_132_140\overlay_top_left_native_rgb_nir.png","2247190","2247190","51725A621F156713C3C4AD3BBAF2E992C2DAB023F8695BBD788C6630B9004204","51725A621F156713C3C4AD3BBAF2E992C2DAB023F8695BBD788C6630B9004204","True","True","UNCHANGED"
"M007","M0-1","E:\Code\Geocore_M0-1_image_fusion\roi_outputs\alignment_diagnosis_ZKH3_132_140\overlay_top_left_native_rgb_swir.png","E:\Code\Geocore_M0&1_Preprocessing\modules\M0-1_image_fusion\qa\legacy_registration_20260717\alignment_diagnosis_ZKH3_132_140\overlay_top_left_native_rgb_swir.png","2352314","2352314","EAB65F565AC0A2AD9D777EFEE9C1C603D1DB4850A47435ED02C187FB35CF4C63","EAB65F565AC0A2AD9D777EFEE9C1C603D1DB4850A47435ED02C187FB35CF4C63","True","True","UNCHANGED"
"M007","M0-1","E:\Code\Geocore_M0-1_image_fusion\roi_outputs\alignment_diagnosis_ZKH3_132_140\rgb_downsample_8x.png","E:\Code\Geocore_M0&1_Preprocessing\modules\M0-1_image_fusion\qa\legacy_registration_20260717\alignment_diagnosis_ZKH3_132_140\rgb_downsample_8x.png","522823","522823","F95235A190289BA0EFBB207B788B70BCD5D5AB87F0F9DF9837385EB38538EE9B","F95235A190289BA0EFBB207B788B70BCD5D5AB87F0F9DF9837385EB38538EE9B","True","True","UNCHANGED"
"M007","M0-1","E:\Code\Geocore_M0-1_image_fusion\roi_outputs\alignment_diagnosis_ZKH3_132_140\swir_native_struct.png","E:\Code\Geocore_M0&1_Preprocessing\modules\M0-1_image_fusion\qa\legacy_registration_20260717\alignment_diagnosis_ZKH3_132_140\swir_native_struct.png","895879","895879","AD9BA9B62FD3C0AAB414A46D01F6A2DA8E7DA08CA0C3C1C61FBD238B232F1A68","AD9BA9B62FD3C0AAB414A46D01F6A2DA8E7DA08CA0C3C1C61FBD238B232F1A68","True","True","UNCHANGED"
"M008","M0-1","E:\Code\Geocore_M0-1_image_fusion\roi_outputs\ZKH3_132_140_roi_768x512_final_hsi_rgb_warp\aligned_envi\NIR_aligned_roi.dat","E:\Code\Geocore_M0&1_Preprocessing\modules\M0-1_image_fusion\assets\legacy_zkh3_132_140\aligned_envi\NIR_aligned_roi.dat","16462116","16462116","C079DCDC3B3B15F45C16E193A9CD1699F01388156621812BCC528E89F4F5E0C6","C079DCDC3B3B15F45C16E193A9CD1699F01388156621812BCC528E89F4F5E0C6","True","True","UNCHANGED"
"M008","M0-1","E:\Code\Geocore_M0-1_image_fusion\roi_outputs\ZKH3_132_140_roi_768x512_final_hsi_rgb_warp\aligned_envi\NIR_aligned_roi.hdr","E:\Code\Geocore_M0&1_Preprocessing\modules\M0-1_image_fusion\assets\legacy_zkh3_132_140\aligned_envi\NIR_aligned_roi.hdr","3100","3100","55BF30F83F7019A5F0DE35AE2784E685E192342B57EAB098425C39AF214FA88A","55BF30F83F7019A5F0DE35AE2784E685E192342B57EAB098425C39AF214FA88A","True","True","UNCHANGED"
"M008","M0-1","E:\Code\Geocore_M0-1_image_fusion\roi_outputs\ZKH3_132_140_roi_768x512_final_hsi_rgb_warp\aligned_envi\RGB_aligned_roi.dat","E:\Code\Geocore_M0&1_Preprocessing\modules\M0-1_image_fusion\assets\legacy_zkh3_132_140\aligned_envi\RGB_aligned_roi.dat","1179648","1179648","459EB97728580881B4631FC0F8A8A4BC16773D4F181E7C8F237A9048401DE5C8","459EB97728580881B4631FC0F8A8A4BC16773D4F181E7C8F237A9048401DE5C8","True","True","UNCHANGED"
"M008","M0-1","E:\Code\Geocore_M0-1_image_fusion\roi_outputs\ZKH3_132_140_roi_768x512_final_hsi_rgb_warp\aligned_envi\RGB_aligned_roi.hdr","E:\Code\Geocore_M0&1_Preprocessing\modules\M0-1_image_fusion\assets\legacy_zkh3_132_140\aligned_envi\RGB_aligned_roi.hdr","190","190","7D0FCD31DF6A4F83FE8BD33FA0A688129C841D47CAEB8F9F360DB3E7A7AE4DA1","7D0FCD31DF6A4F83FE8BD33FA0A688129C841D47CAEB8F9F360DB3E7A7AE4DA1","True","True","UNCHANGED"
"M008","M0-1","E:\Code\Geocore_M0-1_image_fusion\roi_outputs\ZKH3_132_140_roi_768x512_final_hsi_rgb_warp\aligned_envi\SWIR_aligned_roi.dat","E:\Code\Geocore_M0&1_Preprocessing\modules\M0-1_image_fusion\assets\legacy_zkh3_132_140\aligned_envi\SWIR_aligned_roi.dat","10234512","10234512","252B5F62C89D734A92BFC468F777D5B849468469CCBD56DF0D679963D9DCAE05","252B5F62C89D734A92BFC468F777D5B849468469CCBD56DF0D679963D9DCAE05","True","True","UNCHANGED"
"M008","M0-1","E:\Code\Geocore_M0-1_image_fusion\roi_outputs\ZKH3_132_140_roi_768x512_final_hsi_rgb_warp\aligned_envi\SWIR_aligned_roi.hdr","E:\Code\Geocore_M0&1_Preprocessing\modules\M0-1_image_fusion\assets\legacy_zkh3_132_140\aligned_envi\SWIR_aligned_roi.hdr","2090","2090","3E1A51763456A86553C6C693372234E09A0D7FA31115A5C4E42C4A0B8529F5D5","3E1A51763456A86553C6C693372234E09A0D7FA31115A5C4E42C4A0B8529F5D5","True","True","UNCHANGED"
"M009","M0-1","E:\Code\Geocore_M0-1_image_fusion\roi_outputs\ZKH3_132_140_roi_768x512_final_hsi_rgb_warp\fusion_v2_comparison\compare_falsecolor_2200_1600_850.png","E:\Code\Geocore_M0&1_Preprocessing\modules\M0-1_image_fusion\qa\legacy_registration_20260717\fusion_v2_comparison\compare_falsecolor_2200_1600_850.png","3283623","3283623","31930B1D3B4A5C5F4D7B24E9460571C225B446D180E5F702F844B084C5FC96AB","31930B1D3B4A5C5F4D7B24E9460571C225B446D180E5F702F844B084C5FC96AB","True","True","UNCHANGED"
"M009","M0-1","E:\Code\Geocore_M0-1_image_fusion\roi_outputs\ZKH3_132_140_roi_768x512_final_hsi_rgb_warp\fusion_v2_comparison\compare_falsecolor_2350_1900_970.png","E:\Code\Geocore_M0&1_Preprocessing\modules\M0-1_image_fusion\qa\legacy_registration_20260717\fusion_v2_comparison\compare_falsecolor_2350_1900_970.png","3282386","3282386","995AD8087086D65FA3827B1391B9814F2753C11DB4DF358D204F8B4E796DC669","995AD8087086D65FA3827B1391B9814F2753C11DB4DF358D204F8B4E796DC669","True","True","UNCHANGED"
"M009","M0-1","E:\Code\Geocore_M0-1_image_fusion\roi_outputs\ZKH3_132_140_roi_768x512_final_hsi_rgb_warp\fusion_v2_comparison\compare_mean_selected_bands.png","E:\Code\Geocore_M0&1_Preprocessing\modules\M0-1_image_fusion\qa\legacy_registration_20260717\fusion_v2_comparison\compare_mean_selected_bands.png","2124878","2124878","CCB612BE578F3EB63CE0E49B53F9093EE4E9090EF4B82D2CB551BA5FC7F8D84E","CCB612BE578F3EB63CE0E49B53F9093EE4E9090EF4B82D2CB551BA5FC7F8D84E","True","True","UNCHANGED"
"M009","M0-1","E:\Code\Geocore_M0-1_image_fusion\roi_outputs\ZKH3_132_140_roi_768x512_final_hsi_rgb_warp\fusion_v2_comparison\fusion_v2_spatial_metrics.json","E:\Code\Geocore_M0&1_Preprocessing\modules\M0-1_image_fusion\qa\legacy_registration_20260717\fusion_v2_comparison\fusion_v2_spatial_metrics.json","7126","7126","1A358A1F0090CE76FBB7CB39E2DF3DFE5E71BC9B46908DB2357E22F9F3BE73B9","1A358A1F0090CE76FBB7CB39E2DF3DFE5E71BC9B46908DB2357E22F9F3BE73B9","True","True","UNCHANGED"
"M010","M0-1","E:\Code\Geocore_M0-1_image_fusion\roi_outputs\ZKH3_132_140_roi_768x512_final_hsi_rgb_warp\previews\global_nir_preview_with_roi.png","E:\Code\Geocore_M0&1_Preprocessing\modules\M0-1_image_fusion\qa\legacy_registration_20260717\roi_previews\global_nir_preview_with_roi.png","680500","680500","39990F278572EB9BC9C962646EAC44CD0F55A5A90F80CDDECB1619401EE9D180","39990F278572EB9BC9C962646EAC44CD0F55A5A90F80CDDECB1619401EE9D180","True","True","UNCHANGED"
"M010","M0-1","E:\Code\Geocore_M0-1_image_fusion\roi_outputs\ZKH3_132_140_roi_768x512_final_hsi_rgb_warp\previews\global_rgb_preview_with_roi.png","E:\Code\Geocore_M0&1_Preprocessing\modules\M0-1_image_fusion\qa\legacy_registration_20260717\roi_previews\global_rgb_preview_with_roi.png","887556","887556","0AE406ADACF5369E33F2187E2EB832EDF88D434E2C4EDDC92D8ACF58FB34C578","0AE406ADACF5369E33F2187E2EB832EDF88D434E2C4EDDC92D8ACF58FB34C578","True","True","UNCHANGED"
"M010","M0-1","E:\Code\Geocore_M0-1_image_fusion\roi_outputs\ZKH3_132_140_roi_768x512_final_hsi_rgb_warp\previews\global_swir_preview_with_roi.png","E:\Code\Geocore_M0&1_Preprocessing\modules\M0-1_image_fusion\qa\legacy_registration_20260717\roi_previews\global_swir_preview_with_roi.png","719014","719014","926A9CBE8AB47D52C0D5EBDA55454EB851A253E0D4F3E4ECDF08C5BC6324FDC8","926A9CBE8AB47D52C0D5EBDA55454EB851A253E0D4F3E4ECDF08C5BC6324FDC8","True","True","UNCHANGED"
"M010","M0-1","E:\Code\Geocore_M0-1_image_fusion\roi_outputs\ZKH3_132_140_roi_768x512_final_hsi_rgb_warp\previews\roi_nir_registered.png","E:\Code\Geocore_M0&1_Preprocessing\modules\M0-1_image_fusion\qa\legacy_registration_20260717\roi_previews\roi_nir_registered.png","112649","112649","3A29A2350BCD7492A61DCE6E12440D5164D288D6D7681CD7844C7C6CC7684B08","3A29A2350BCD7492A61DCE6E12440D5164D288D6D7681CD7844C7C6CC7684B08","True","True","UNCHANGED"
"M010","M0-1","E:\Code\Geocore_M0-1_image_fusion\roi_outputs\ZKH3_132_140_roi_768x512_final_hsi_rgb_warp\previews\roi_overlay_nir_swir.png","E:\Code\Geocore_M0&1_Preprocessing\modules\M0-1_image_fusion\qa\legacy_registration_20260717\roi_previews\roi_overlay_nir_swir.png","25382","25382","CB2BB2B43736372C9E5502C084A2E95991E1D5FE0B2C446F415118F041F402F9","CB2BB2B43736372C9E5502C084A2E95991E1D5FE0B2C446F415118F041F402F9","True","True","UNCHANGED"
"M010","M0-1","E:\Code\Geocore_M0-1_image_fusion\roi_outputs\ZKH3_132_140_roi_768x512_final_hsi_rgb_warp\previews\roi_overlay_rgb_nir.png","E:\Code\Geocore_M0&1_Preprocessing\modules\M0-1_image_fusion\qa\legacy_registration_20260717\roi_previews\roi_overlay_rgb_nir.png","566879","566879","698F0466DA67E93A013FC79EB54FE9FA171CF10B6C7284FFDD6B6ABC1655D43D","698F0466DA67E93A013FC79EB54FE9FA171CF10B6C7284FFDD6B6ABC1655D43D","True","True","UNCHANGED"
"M010","M0-1","E:\Code\Geocore_M0-1_image_fusion\roi_outputs\ZKH3_132_140_roi_768x512_final_hsi_rgb_warp\previews\roi_overlay_rgb_swir.png","E:\Code\Geocore_M0&1_Preprocessing\modules\M0-1_image_fusion\qa\legacy_registration_20260717\roi_previews\roi_overlay_rgb_swir.png","570050","570050","905E112EF379968BF03662847A6AEFAB1C5C666B737DCEBB199DDFF81599ED56","905E112EF379968BF03662847A6AEFAB1C5C666B737DCEBB199DDFF81599ED56","True","True","UNCHANGED"
"M010","M0-1","E:\Code\Geocore_M0-1_image_fusion\roi_outputs\ZKH3_132_140_roi_768x512_final_hsi_rgb_warp\previews\roi_rgb.png","E:\Code\Geocore_M0&1_Preprocessing\modules\M0-1_image_fusion\qa\legacy_registration_20260717\roi_previews\roi_rgb.png","474542","474542","7E7CE59CCA0E34DE80C9D9A7673D62A7751094EC0BB32B44F4BA8FD2FAC6F19E","7E7CE59CCA0E34DE80C9D9A7673D62A7751094EC0BB32B44F4BA8FD2FAC6F19E","True","True","UNCHANGED"
"M010","M0-1","E:\Code\Geocore_M0-1_image_fusion\roi_outputs\ZKH3_132_140_roi_768x512_final_hsi_rgb_warp\previews\roi_swir_registered.png","E:\Code\Geocore_M0&1_Preprocessing\modules\M0-1_image_fusion\qa\legacy_registration_20260717\roi_previews\roi_swir_registered.png","115247","115247","1BF65E84D624C932CE16DC1E6A2A0AF0409F572BF2841C53DB291DF9B7E173C7","1BF65E84D624C932CE16DC1E6A2A0AF0409F572BF2841C53DB291DF9B7E173C7","True","True","UNCHANGED"
"M011","M0-1","E:\Code\Geocore_M0-1_image_fusion\roi_outputs\ZKH3_132_140_roi_768x512_final_hsi_rgb_warp\tiepoint_sessions\joint_hsi_to_rgb_lowres_final\session.json","E:\Code\Geocore_M0&1_Preprocessing\modules\M0-1_image_fusion\qa\legacy_registration_20260717\tiepoint_sessions\joint_hsi_to_rgb_lowres_final\session.json","20255","20255","676996C6D0DE04DBECE3658EB5635D65A1EC47F617AB9AC90702FA6E9A8EB118","676996C6D0DE04DBECE3658EB5635D65A1EC47F617AB9AC90702FA6E9A8EB118","True","True","UNCHANGED"
"M011","M0-1","E:\Code\Geocore_M0-1_image_fusion\roi_outputs\ZKH3_132_140_roi_768x512_final_hsi_rgb_warp\tiepoint_sessions\joint_hsi_to_rgb_lowres_final\previews\joint_hsi_to_rgb_lowres_final_context_moving_points.png","E:\Code\Geocore_M0&1_Preprocessing\modules\M0-1_image_fusion\qa\legacy_registration_20260717\tiepoint_sessions\joint_hsi_to_rgb_lowres_final\previews\joint_hsi_to_rgb_lowres_final_context_moving_points.png","329218","329218","C32F825AF3F0402C7E3FCF18DA4B30F93E5E1045E44832A88CF0C65BDC5222DE","C32F825AF3F0402C7E3FCF18DA4B30F93E5E1045E44832A88CF0C65BDC5222DE","True","True","UNCHANGED"
"M011","M0-1","E:\Code\Geocore_M0-1_image_fusion\roi_outputs\ZKH3_132_140_roi_768x512_final_hsi_rgb_warp\tiepoint_sessions\joint_hsi_to_rgb_lowres_final\previews\joint_hsi_to_rgb_lowres_final_context_reference_points.png","E:\Code\Geocore_M0&1_Preprocessing\modules\M0-1_image_fusion\qa\legacy_registration_20260717\tiepoint_sessions\joint_hsi_to_rgb_lowres_final\previews\joint_hsi_to_rgb_lowres_final_context_reference_points.png","387519","387519","2F808ADE50744E37D877726DE958889A0A4D160DA6D28ED8B59AF37A3601E306","2F808ADE50744E37D877726DE958889A0A4D160DA6D28ED8B59AF37A3601E306","True","True","UNCHANGED"
"M011","M0-1","E:\Code\Geocore_M0-1_image_fusion\roi_outputs\ZKH3_132_140_roi_768x512_final_hsi_rgb_warp\tiepoint_sessions\joint_hsi_to_rgb_lowres_final\previews\joint_hsi_to_rgb_lowres_final_context_side_by_side.png","E:\Code\Geocore_M0&1_Preprocessing\modules\M0-1_image_fusion\qa\legacy_registration_20260717\tiepoint_sessions\joint_hsi_to_rgb_lowres_final\previews\joint_hsi_to_rgb_lowres_final_context_side_by_side.png","726104","726104","16A57E22C6E67853E8544E980C5ABE6957F20FA077EAF93773751FBF5133914D","16A57E22C6E67853E8544E980C5ABE6957F20FA077EAF93773751FBF5133914D","True","True","UNCHANGED"
"M012","M0-1","E:\Code\Geocore_M0-1_image_fusion\roi_outputs\ZKH3_132_140_roi_768x512_final_hsi_rgb_warp\roi_manifest.json","E:\Code\Geocore_M0&1_Preprocessing\modules\M0-1_image_fusion\qa\legacy_registration_20260717\roi_manifest.json","43427","43427","90446A154A24FB089CB8D362BB483EA7574D039459301D72A0ED0E94226B334C","90446A154A24FB089CB8D362BB483EA7574D039459301D72A0ED0E94226B334C","True","True","UNCHANGED"
"M013","M0-1","E:\Code\Geocore_M0-1_image_fusion\roi_outputs\ZKH3_132_140_roi_768x512_final_hsi_rgb_warp\fusion_v2_classical\manifest.json","E:\Code\Geocore_M0&1_Preprocessing\modules\M0-1_image_fusion\qa\legacy_registration_20260717\fusion_v2_classical\manifest.json","1421","1421","4578D716248D8824B25089F0DEA68BB95D2076E13CC77BC32BD72E29A1B027FC","4578D716248D8824B25089F0DEA68BB95D2076E13CC77BC32BD72E29A1B027FC","True","True","UNCHANGED"
"M014","M0-1","E:\Code\Geocore_M0-1_image_fusion\roi_outputs\ZKH3_132_140_roi_768x512_final_hsi_rgb_warp\fusion_v2_classical\metadata\band_metadata.csv","E:\Code\Geocore_M0&1_Preprocessing\modules\M0-1_image_fusion\qa\legacy_registration_20260717\fusion_v2_classical\metadata\band_metadata.csv","31429","31429","C045098BC15FD2F7903E080EAD62481C49F015A346282B84285CC07DDF47645C","C045098BC15FD2F7903E080EAD62481C49F015A346282B84285CC07DDF47645C","True","True","UNCHANGED"
"M014","M0-1","E:\Code\Geocore_M0-1_image_fusion\roi_outputs\ZKH3_132_140_roi_768x512_final_hsi_rgb_warp\fusion_v2_classical\metadata\input_metadata.json","E:\Code\Geocore_M0&1_Preprocessing\modules\M0-1_image_fusion\qa\legacy_registration_20260717\fusion_v2_classical\metadata\input_metadata.json","1272","1272","62B9D2E5E81AE73293718897358CD4BA336E0B60432E3965DE69F27A39069CA9","62B9D2E5E81AE73293718897358CD4BA336E0B60432E3965DE69F27A39069CA9","True","True","UNCHANGED"
"M014","M0-1","E:\Code\Geocore_M0-1_image_fusion\roi_outputs\ZKH3_132_140_roi_768x512_final_hsi_rgb_warp\fusion_v2_classical\metadata\processing_config.json","E:\Code\Geocore_M0&1_Preprocessing\modules\M0-1_image_fusion\qa\legacy_registration_20260717\fusion_v2_classical\metadata\processing_config.json","619","619","9E48EFF056432851D0EE4A5260CD54E3CD1864914F736DA1C00BD9D1CD31C01C","9E48EFF056432851D0EE4A5260CD54E3CD1864914F736DA1C00BD9D1CD31C01C","True","True","UNCHANGED"
"M014","M0-1","E:\Code\Geocore_M0-1_image_fusion\roi_outputs\ZKH3_132_140_roi_768x512_final_hsi_rgb_warp\fusion_v2_classical\metadata\registration_model.json","E:\Code\Geocore_M0&1_Preprocessing\modules\M0-1_image_fusion\qa\legacy_registration_20260717\fusion_v2_classical\metadata\registration_model.json","439","439","928856FE02936C5F764E7082B4A068D43E7E0848DDFA60D726A3409120BE6164","928856FE02936C5F764E7082B4A068D43E7E0848DDFA60D726A3409120BE6164","True","True","UNCHANGED"
"M014","M0-1","E:\Code\Geocore_M0-1_image_fusion\roi_outputs\ZKH3_132_140_roi_768x512_final_hsi_rgb_warp\fusion_v2_classical\metadata\spectral_stitch_model.json","E:\Code\Geocore_M0&1_Preprocessing\modules\M0-1_image_fusion\qa\legacy_registration_20260717\fusion_v2_classical\metadata\spectral_stitch_model.json","9735","9735","0DE1C79BEAEDA466523CD3D4D3837FF7380790B0B14E3CA8B28E2EF7007A0276","0DE1C79BEAEDA466523CD3D4D3837FF7380790B0B14E3CA8B28E2EF7007A0276","True","True","UNCHANGED"
"M015","M0-1","E:\Code\Geocore_M0-1_image_fusion\roi_outputs\ZKH3_132_140_roi_768x512_final_hsi_rgb_warp\fusion_v2_classical\metrics\quality_report.json","E:\Code\Geocore_M0&1_Preprocessing\modules\M0-1_image_fusion\qa\legacy_registration_20260717\fusion_v2_classical\metrics\quality_report.json","1053","1053","29757969A4E6222AA6B46518C2D47CFB387023AAD55F3975640C5886E0CA8F52","29757969A4E6222AA6B46518C2D47CFB387023AAD55F3975640C5886E0CA8F52","True","True","UNCHANGED"
"M016","M0-1","E:\Code\Geocore_M0-1_image_fusion\roi_outputs\ZKH3_132_140_roi_768x512_final_hsi_rgb_warp\fusion_v2_classical\previews\preview_falsecolor_2200_1600_850_v2.png","E:\Code\Geocore_M0&1_Preprocessing\modules\M0-1_image_fusion\qa\legacy_registration_20260717\fusion_v2_classical\previews\preview_falsecolor_2200_1600_850_v2.png","817554","817554","917A203C1E157F35824520D1D3C95BF3741DE10AB11BE20D97BC043A00E0FF9B","917A203C1E157F35824520D1D3C95BF3741DE10AB11BE20D97BC043A00E0FF9B","True","True","UNCHANGED"
"M016","M0-1","E:\Code\Geocore_M0-1_image_fusion\roi_outputs\ZKH3_132_140_roi_768x512_final_hsi_rgb_warp\fusion_v2_classical\previews\preview_falsecolor_2350_1900_970_v2.png","E:\Code\Geocore_M0&1_Preprocessing\modules\M0-1_image_fusion\qa\legacy_registration_20260717\fusion_v2_classical\previews\preview_falsecolor_2350_1900_970_v2.png","821572","821572","D3920AA50FB2F28806B707012561C2BAAD7D98880AE2CFF261038200C5FBE73A","D3920AA50FB2F28806B707012561C2BAAD7D98880AE2CFF261038200C5FBE73A","True","True","UNCHANGED"
"M016","M0-1","E:\Code\Geocore_M0-1_image_fusion\roi_outputs\ZKH3_132_140_roi_768x512_final_hsi_rgb_warp\fusion_v2_classical\previews\preview_mean_selected_bands_v2.png","E:\Code\Geocore_M0&1_Preprocessing\modules\M0-1_image_fusion\qa\legacy_registration_20260717\fusion_v2_classical\previews\preview_mean_selected_bands_v2.png","290170","290170","ADC1EB399F4948B227C1AD5A543FFF0AC3E339E5B41F2F4A87A586B4C7E8A769","ADC1EB399F4948B227C1AD5A543FFF0AC3E339E5B41F2F4A87A586B4C7E8A769","True","True","UNCHANGED"
"M016","M0-1","E:\Code\Geocore_M0-1_image_fusion\roi_outputs\ZKH3_132_140_roi_768x512_final_hsi_rgb_warp\fusion_v2_classical\previews\preview_rgb.png","E:\Code\Geocore_M0&1_Preprocessing\modules\M0-1_image_fusion\qa\legacy_registration_20260717\fusion_v2_classical\previews\preview_rgb.png","474542","474542","7E7CE59CCA0E34DE80C9D9A7673D62A7751094EC0BB32B44F4BA8FD2FAC6F19E","7E7CE59CCA0E34DE80C9D9A7673D62A7751094EC0BB32B44F4BA8FD2FAC6F19E","True","True","UNCHANGED"
"M017","M0-1","E:\Code\Geocore_M0-1_image_fusion\roi_outputs\ZKH3_132_140_roi_768x512_final_hsi_rgb_warp\fusion_v2_deep_unsupervised\manifest.json","E:\Code\Geocore_M0&1_Preprocessing\modules\M0-1_image_fusion\qa\legacy_registration_20260717\fusion_v2_deep_unsupervised\manifest.json","1429","1429","382D838D68C0CB636C67930D13F3603D9295EBD67985881E3CA31A59F3829486","382D838D68C0CB636C67930D13F3603D9295EBD67985881E3CA31A59F3829486","True","True","UNCHANGED"
"M018","M0-1","E:\Code\Geocore_M0-1_image_fusion\roi_outputs\ZKH3_132_140_roi_768x512_final_hsi_rgb_warp\fusion_v2_deep_unsupervised\metadata\band_metadata.csv","E:\Code\Geocore_M0&1_Preprocessing\modules\M0-1_image_fusion\qa\legacy_registration_20260717\fusion_v2_deep_unsupervised\metadata\band_metadata.csv","31429","31429","C045098BC15FD2F7903E080EAD62481C49F015A346282B84285CC07DDF47645C","C045098BC15FD2F7903E080EAD62481C49F015A346282B84285CC07DDF47645C","True","True","UNCHANGED"
"M018","M0-1","E:\Code\Geocore_M0-1_image_fusion\roi_outputs\ZKH3_132_140_roi_768x512_final_hsi_rgb_warp\fusion_v2_deep_unsupervised\metadata\input_metadata.json","E:\Code\Geocore_M0&1_Preprocessing\modules\M0-1_image_fusion\qa\legacy_registration_20260717\fusion_v2_deep_unsupervised\metadata\input_metadata.json","1272","1272","62B9D2E5E81AE73293718897358CD4BA336E0B60432E3965DE69F27A39069CA9","62B9D2E5E81AE73293718897358CD4BA336E0B60432E3965DE69F27A39069CA9","True","True","UNCHANGED"
"M018","M0-1","E:\Code\Geocore_M0-1_image_fusion\roi_outputs\ZKH3_132_140_roi_768x512_final_hsi_rgb_warp\fusion_v2_deep_unsupervised\metadata\processing_config.json","E:\Code\Geocore_M0&1_Preprocessing\modules\M0-1_image_fusion\qa\legacy_registration_20260717\fusion_v2_deep_unsupervised\metadata\processing_config.json","627","627","500845ECBB784BE7066003645264E9F58CB5F5F7E4165AFAE1D3C07CC7A3FAEE","500845ECBB784BE7066003645264E9F58CB5F5F7E4165AFAE1D3C07CC7A3FAEE","True","True","UNCHANGED"
"M018","M0-1","E:\Code\Geocore_M0-1_image_fusion\roi_outputs\ZKH3_132_140_roi_768x512_final_hsi_rgb_warp\fusion_v2_deep_unsupervised\metadata\registration_model.json","E:\Code\Geocore_M0&1_Preprocessing\modules\M0-1_image_fusion\qa\legacy_registration_20260717\fusion_v2_deep_unsupervised\metadata\registration_model.json","439","439","928856FE02936C5F764E7082B4A068D43E7E0848DDFA60D726A3409120BE6164","928856FE02936C5F764E7082B4A068D43E7E0848DDFA60D726A3409120BE6164","True","True","UNCHANGED"
"M018","M0-1","E:\Code\Geocore_M0-1_image_fusion\roi_outputs\ZKH3_132_140_roi_768x512_final_hsi_rgb_warp\fusion_v2_deep_unsupervised\metadata\spectral_stitch_model.json","E:\Code\Geocore_M0&1_Preprocessing\modules\M0-1_image_fusion\qa\legacy_registration_20260717\fusion_v2_deep_unsupervised\metadata\spectral_stitch_model.json","9735","9735","0DE1C79BEAEDA466523CD3D4D3837FF7380790B0B14E3CA8B28E2EF7007A0276","0DE1C79BEAEDA466523CD3D4D3837FF7380790B0B14E3CA8B28E2EF7007A0276","True","True","UNCHANGED"
"M019","M0-1","E:\Code\Geocore_M0-1_image_fusion\roi_outputs\ZKH3_132_140_roi_768x512_final_hsi_rgb_warp\fusion_v2_deep_unsupervised\metrics\quality_report.json","E:\Code\Geocore_M0&1_Preprocessing\modules\M0-1_image_fusion\qa\legacy_registration_20260717\fusion_v2_deep_unsupervised\metrics\quality_report.json","1060","1060","198EB207E1435EC7442C83C009D55A87829EF0FFC4238FFE46D5EAA45A2AAA48","198EB207E1435EC7442C83C009D55A87829EF0FFC4238FFE46D5EAA45A2AAA48","True","True","UNCHANGED"
"M020","M0-1","E:\Code\Geocore_M0-1_image_fusion\roi_outputs\ZKH3_132_140_roi_768x512_final_hsi_rgb_warp\fusion_v2_deep_unsupervised\previews\preview_falsecolor_2200_1600_850_v2.png","E:\Code\Geocore_M0&1_Preprocessing\modules\M0-1_image_fusion\qa\legacy_registration_20260717\fusion_v2_deep_unsupervised\previews\preview_falsecolor_2200_1600_850_v2.png","810274","810274","7016D102BA1FDCF8D17347D2005C62F4753E67377AF5830FDF2F3FBB9A156F6D","7016D102BA1FDCF8D17347D2005C62F4753E67377AF5830FDF2F3FBB9A156F6D","True","True","UNCHANGED"
"M020","M0-1","E:\Code\Geocore_M0-1_image_fusion\roi_outputs\ZKH3_132_140_roi_768x512_final_hsi_rgb_warp\fusion_v2_deep_unsupervised\previews\preview_falsecolor_2350_1900_970_v2.png","E:\Code\Geocore_M0&1_Preprocessing\modules\M0-1_image_fusion\qa\legacy_registration_20260717\fusion_v2_deep_unsupervised\previews\preview_falsecolor_2350_1900_970_v2.png","806434","806434","AD99843AEB9BB886C126B791151C73768FC0DF8BA5404DADDA21AC81C76F5A2E","AD99843AEB9BB886C126B791151C73768FC0DF8BA5404DADDA21AC81C76F5A2E","True","True","UNCHANGED"
"M020","M0-1","E:\Code\Geocore_M0-1_image_fusion\roi_outputs\ZKH3_132_140_roi_768x512_final_hsi_rgb_warp\fusion_v2_deep_unsupervised\previews\preview_mean_selected_bands_v2.png","E:\Code\Geocore_M0&1_Preprocessing\modules\M0-1_image_fusion\qa\legacy_registration_20260717\fusion_v2_deep_unsupervised\previews\preview_mean_selected_bands_v2.png","284684","284684","187DEAF714F6ABACC990B601BFB04EB5D9A3BAB57C74501CF49219DC0A4655B6","187DEAF714F6ABACC990B601BFB04EB5D9A3BAB57C74501CF49219DC0A4655B6","True","True","UNCHANGED"
"M020","M0-1","E:\Code\Geocore_M0-1_image_fusion\roi_outputs\ZKH3_132_140_roi_768x512_final_hsi_rgb_warp\fusion_v2_deep_unsupervised\previews\preview_rgb.png","E:\Code\Geocore_M0&1_Preprocessing\modules\M0-1_image_fusion\qa\legacy_registration_20260717\fusion_v2_deep_unsupervised\previews\preview_rgb.png","474542","474542","7E7CE59CCA0E34DE80C9D9A7673D62A7751094EC0BB32B44F4BA8FD2FAC6F19E","7E7CE59CCA0E34DE80C9D9A7673D62A7751094EC0BB32B44F4BA8FD2FAC6F19E","True","True","UNCHANGED"
"M021","M0-1","E:\Code\Geocore_M0-1_image_fusion\roi_outputs\ZKH3_132_140_roi_768x512_final_hsi_rgb_warp\fusion_v2_fast_preview\manifest.json","E:\Code\Geocore_M0&1_Preprocessing\modules\M0-1_image_fusion\qa\legacy_registration_20260717\fusion_v2_fast_preview\manifest.json","1424","1424","1EBB1D0D0AE4EBB22425D8E2E540E209254CB70CF0A8A8461009D8872E9BF9DB","1EBB1D0D0AE4EBB22425D8E2E540E209254CB70CF0A8A8461009D8872E9BF9DB","True","True","UNCHANGED"
"M022","M0-1","E:\Code\Geocore_M0-1_image_fusion\roi_outputs\ZKH3_132_140_roi_768x512_final_hsi_rgb_warp\fusion_v2_fast_preview\metadata\band_metadata.csv","E:\Code\Geocore_M0&1_Preprocessing\modules\M0-1_image_fusion\qa\legacy_registration_20260717\fusion_v2_fast_preview\metadata\band_metadata.csv","31429","31429","C045098BC15FD2F7903E080EAD62481C49F015A346282B84285CC07DDF47645C","C045098BC15FD2F7903E080EAD62481C49F015A346282B84285CC07DDF47645C","True","True","UNCHANGED"
"M022","M0-1","E:\Code\Geocore_M0-1_image_fusion\roi_outputs\ZKH3_132_140_roi_768x512_final_hsi_rgb_warp\fusion_v2_fast_preview\metadata\input_metadata.json","E:\Code\Geocore_M0&1_Preprocessing\modules\M0-1_image_fusion\qa\legacy_registration_20260717\fusion_v2_fast_preview\metadata\input_metadata.json","1272","1272","62B9D2E5E81AE73293718897358CD4BA336E0B60432E3965DE69F27A39069CA9","62B9D2E5E81AE73293718897358CD4BA336E0B60432E3965DE69F27A39069CA9","True","True","UNCHANGED"
"M022","M0-1","E:\Code\Geocore_M0-1_image_fusion\roi_outputs\ZKH3_132_140_roi_768x512_final_hsi_rgb_warp\fusion_v2_fast_preview\metadata\processing_config.json","E:\Code\Geocore_M0&1_Preprocessing\modules\M0-1_image_fusion\qa\legacy_registration_20260717\fusion_v2_fast_preview\metadata\processing_config.json","622","622","30FA7BD31C8116680B29A8170A64D81EB445A5AF4C7475A04BE12A5748AE14B9","30FA7BD31C8116680B29A8170A64D81EB445A5AF4C7475A04BE12A5748AE14B9","True","True","UNCHANGED"
"M022","M0-1","E:\Code\Geocore_M0-1_image_fusion\roi_outputs\ZKH3_132_140_roi_768x512_final_hsi_rgb_warp\fusion_v2_fast_preview\metadata\registration_model.json","E:\Code\Geocore_M0&1_Preprocessing\modules\M0-1_image_fusion\qa\legacy_registration_20260717\fusion_v2_fast_preview\metadata\registration_model.json","439","439","928856FE02936C5F764E7082B4A068D43E7E0848DDFA60D726A3409120BE6164","928856FE02936C5F764E7082B4A068D43E7E0848DDFA60D726A3409120BE6164","True","True","UNCHANGED"
"M022","M0-1","E:\Code\Geocore_M0-1_image_fusion\roi_outputs\ZKH3_132_140_roi_768x512_final_hsi_rgb_warp\fusion_v2_fast_preview\metadata\spectral_stitch_model.json","E:\Code\Geocore_M0&1_Preprocessing\modules\M0-1_image_fusion\qa\legacy_registration_20260717\fusion_v2_fast_preview\metadata\spectral_stitch_model.json","9735","9735","0DE1C79BEAEDA466523CD3D4D3837FF7380790B0B14E3CA8B28E2EF7007A0276","0DE1C79BEAEDA466523CD3D4D3837FF7380790B0B14E3CA8B28E2EF7007A0276","True","True","UNCHANGED"
"M023","M0-1","E:\Code\Geocore_M0-1_image_fusion\roi_outputs\ZKH3_132_140_roi_768x512_final_hsi_rgb_warp\fusion_v2_fast_preview\metrics\quality_report.json","E:\Code\Geocore_M0&1_Preprocessing\modules\M0-1_image_fusion\qa\legacy_registration_20260717\fusion_v2_fast_preview\metrics\quality_report.json","1043","1043","A20ACAF4CD2C678E8BA4451C8EB927F1364BFDC8EFF64BFEC44AAFF747B7B61D","A20ACAF4CD2C678E8BA4451C8EB927F1364BFDC8EFF64BFEC44AAFF747B7B61D","True","True","UNCHANGED"
"M024","M0-1","E:\Code\Geocore_M0-1_image_fusion\roi_outputs\ZKH3_132_140_roi_768x512_final_hsi_rgb_warp\fusion_v2_fast_preview\previews\preview_falsecolor_2200_1600_850_v2.png","E:\Code\Geocore_M0&1_Preprocessing\modules\M0-1_image_fusion\qa\legacy_registration_20260717\fusion_v2_fast_preview\previews\preview_falsecolor_2200_1600_850_v2.png","720308","720308","B358226CDF3E5F3CC059EA3D7208CA3EFE2EE48246E36F72A331417B8652800B","B358226CDF3E5F3CC059EA3D7208CA3EFE2EE48246E36F72A331417B8652800B","True","True","UNCHANGED"
"M024","M0-1","E:\Code\Geocore_M0-1_image_fusion\roi_outputs\ZKH3_132_140_roi_768x512_final_hsi_rgb_warp\fusion_v2_fast_preview\previews\preview_falsecolor_2350_1900_970_v2.png","E:\Code\Geocore_M0&1_Preprocessing\modules\M0-1_image_fusion\qa\legacy_registration_20260717\fusion_v2_fast_preview\previews\preview_falsecolor_2350_1900_970_v2.png","717629","717629","FE583132CD8B666BE7A13B1B4FF4D88D7F5B1A3BB2FC37799CE885ADBA19543F","FE583132CD8B666BE7A13B1B4FF4D88D7F5B1A3BB2FC37799CE885ADBA19543F","True","True","UNCHANGED"
"M024","M0-1","E:\Code\Geocore_M0-1_image_fusion\roi_outputs\ZKH3_132_140_roi_768x512_final_hsi_rgb_warp\fusion_v2_fast_preview\previews\preview_mean_selected_bands_v2.png","E:\Code\Geocore_M0&1_Preprocessing\modules\M0-1_image_fusion\qa\legacy_registration_20260717\fusion_v2_fast_preview\previews\preview_mean_selected_bands_v2.png","260399","260399","E00DA3F662E85CEE5937C3C2EC58507B15F2CBE98C933CBD15CC384B2B660273","E00DA3F662E85CEE5937C3C2EC58507B15F2CBE98C933CBD15CC384B2B660273","True","True","UNCHANGED"
"M024","M0-1","E:\Code\Geocore_M0-1_image_fusion\roi_outputs\ZKH3_132_140_roi_768x512_final_hsi_rgb_warp\fusion_v2_fast_preview\previews\preview_rgb.png","E:\Code\Geocore_M0&1_Preprocessing\modules\M0-1_image_fusion\qa\legacy_registration_20260717\fusion_v2_fast_preview\previews\preview_rgb.png","474542","474542","7E7CE59CCA0E34DE80C9D9A7673D62A7751094EC0BB32B44F4BA8FD2FAC6F19E","7E7CE59CCA0E34DE80C9D9A7673D62A7751094EC0BB32B44F4BA8FD2FAC6F19E","True","True","UNCHANGED"
"M025","M0-1","E:\Code\Geocore_M0-1_image_fusion\roi_outputs\ZKH3_132_140_roi_768x512_final_hsi_rgb_warp\fusion_v2_upsample_only\manifest.json","E:\Code\Geocore_M0&1_Preprocessing\modules\M0-1_image_fusion\qa\legacy_registration_20260717\fusion_v2_upsample_only\manifest.json","1425","1425","420A0DD8CC312B4093B6AC744020D7311BBB8EF37BC5DEA3942C1CC547138D03","420A0DD8CC312B4093B6AC744020D7311BBB8EF37BC5DEA3942C1CC547138D03","True","True","UNCHANGED"
"M026","M0-1","E:\Code\Geocore_M0-1_image_fusion\roi_outputs\ZKH3_132_140_roi_768x512_final_hsi_rgb_warp\fusion_v2_upsample_only\metadata\band_metadata.csv","E:\Code\Geocore_M0&1_Preprocessing\modules\M0-1_image_fusion\qa\legacy_registration_20260717\fusion_v2_upsample_only\metadata\band_metadata.csv","31429","31429","C045098BC15FD2F7903E080EAD62481C49F015A346282B84285CC07DDF47645C","C045098BC15FD2F7903E080EAD62481C49F015A346282B84285CC07DDF47645C","True","True","UNCHANGED"
"M026","M0-1","E:\Code\Geocore_M0-1_image_fusion\roi_outputs\ZKH3_132_140_roi_768x512_final_hsi_rgb_warp\fusion_v2_upsample_only\metadata\input_metadata.json","E:\Code\Geocore_M0&1_Preprocessing\modules\M0-1_image_fusion\qa\legacy_registration_20260717\fusion_v2_upsample_only\metadata\input_metadata.json","1272","1272","62B9D2E5E81AE73293718897358CD4BA336E0B60432E3965DE69F27A39069CA9","62B9D2E5E81AE73293718897358CD4BA336E0B60432E3965DE69F27A39069CA9","True","True","UNCHANGED"
"M026","M0-1","E:\Code\Geocore_M0-1_image_fusion\roi_outputs\ZKH3_132_140_roi_768x512_final_hsi_rgb_warp\fusion_v2_upsample_only\metadata\processing_config.json","E:\Code\Geocore_M0&1_Preprocessing\modules\M0-1_image_fusion\qa\legacy_registration_20260717\fusion_v2_upsample_only\metadata\processing_config.json","623","623","E628E9A6BD5021AB7F95E7A59973A8CC275AAD85457F88B57504F26EBB3AEA8B","E628E9A6BD5021AB7F95E7A59973A8CC275AAD85457F88B57504F26EBB3AEA8B","True","True","UNCHANGED"
"M026","M0-1","E:\Code\Geocore_M0-1_image_fusion\roi_outputs\ZKH3_132_140_roi_768x512_final_hsi_rgb_warp\fusion_v2_upsample_only\metadata\registration_model.json","E:\Code\Geocore_M0&1_Preprocessing\modules\M0-1_image_fusion\qa\legacy_registration_20260717\fusion_v2_upsample_only\metadata\registration_model.json","439","439","928856FE02936C5F764E7082B4A068D43E7E0848DDFA60D726A3409120BE6164","928856FE02936C5F764E7082B4A068D43E7E0848DDFA60D726A3409120BE6164","True","True","UNCHANGED"
"M026","M0-1","E:\Code\Geocore_M0-1_image_fusion\roi_outputs\ZKH3_132_140_roi_768x512_final_hsi_rgb_warp\fusion_v2_upsample_only\metadata\spectral_stitch_model.json","E:\Code\Geocore_M0&1_Preprocessing\modules\M0-1_image_fusion\qa\legacy_registration_20260717\fusion_v2_upsample_only\metadata\spectral_stitch_model.json","9735","9735","0DE1C79BEAEDA466523CD3D4D3837FF7380790B0B14E3CA8B28E2EF7007A0276","0DE1C79BEAEDA466523CD3D4D3837FF7380790B0B14E3CA8B28E2EF7007A0276","True","True","UNCHANGED"
"M027","M0-1","E:\Code\Geocore_M0-1_image_fusion\roi_outputs\ZKH3_132_140_roi_768x512_final_hsi_rgb_warp\fusion_v2_upsample_only\metrics\quality_report.json","E:\Code\Geocore_M0&1_Preprocessing\modules\M0-1_image_fusion\qa\legacy_registration_20260717\fusion_v2_upsample_only\metrics\quality_report.json","1060","1060","3ED78D4183AF5E64CBAA01D14E7B0C82E6DB4A8646EBBDA512069427CB3C89AF","3ED78D4183AF5E64CBAA01D14E7B0C82E6DB4A8646EBBDA512069427CB3C89AF","True","True","UNCHANGED"
"M028","M0-1","E:\Code\Geocore_M0-1_image_fusion\roi_outputs\ZKH3_132_140_roi_768x512_final_hsi_rgb_warp\fusion_v2_upsample_only\previews\preview_falsecolor_2200_1600_850_v2.png","E:\Code\Geocore_M0&1_Preprocessing\modules\M0-1_image_fusion\qa\legacy_registration_20260717\fusion_v2_upsample_only\previews\preview_falsecolor_2200_1600_850_v2.png","357586","357586","41E0A5715E0C31A915ECB142176E9DE611354A255542564449EAA1ECE694B578","41E0A5715E0C31A915ECB142176E9DE611354A255542564449EAA1ECE694B578","True","True","UNCHANGED"
"M028","M0-1","E:\Code\Geocore_M0-1_image_fusion\roi_outputs\ZKH3_132_140_roi_768x512_final_hsi_rgb_warp\fusion_v2_upsample_only\previews\preview_falsecolor_2350_1900_970_v2.png","E:\Code\Geocore_M0&1_Preprocessing\modules\M0-1_image_fusion\qa\legacy_registration_20260717\fusion_v2_upsample_only\previews\preview_falsecolor_2350_1900_970_v2.png","360240","360240","7621099A6384D9AFB5D91BABF2985D7F118BEA645D6630AB048905BB161721C8","7621099A6384D9AFB5D91BABF2985D7F118BEA645D6630AB048905BB161721C8","True","True","UNCHANGED"
"M028","M0-1","E:\Code\Geocore_M0-1_image_fusion\roi_outputs\ZKH3_132_140_roi_768x512_final_hsi_rgb_warp\fusion_v2_upsample_only\previews\preview_mean_selected_bands_v2.png","E:\Code\Geocore_M0&1_Preprocessing\modules\M0-1_image_fusion\qa\legacy_registration_20260717\fusion_v2_upsample_only\previews\preview_mean_selected_bands_v2.png","110873","110873","BB2B0D1BFBD9CCA217C23646A812953B34594AF35EAB996E1E3C226B93BC7CFC","BB2B0D1BFBD9CCA217C23646A812953B34594AF35EAB996E1E3C226B93BC7CFC","True","True","UNCHANGED"
"M028","M0-1","E:\Code\Geocore_M0-1_image_fusion\roi_outputs\ZKH3_132_140_roi_768x512_final_hsi_rgb_warp\fusion_v2_upsample_only\previews\preview_rgb.png","E:\Code\Geocore_M0&1_Preprocessing\modules\M0-1_image_fusion\qa\legacy_registration_20260717\fusion_v2_upsample_only\previews\preview_rgb.png","474542","474542","7E7CE59CCA0E34DE80C9D9A7673D62A7751094EC0BB32B44F4BA8FD2FAC6F19E","7E7CE59CCA0E34DE80C9D9A7673D62A7751094EC0BB32B44F4BA8FD2FAC6F19E","True","True","UNCHANGED"
"M029","M1-1","E:\Code\Geocore_M1-1_rotation_correction\RGB-20230909_141858-00000.dat","E:\Code\Geocore_M0&1_Preprocessing\modules\M1-1_rotation_correction\assets\legacy_rgb_20230909\RGB-20230909_141858-00000.dat","138117120","138117120","E9F0DAD9D993ADC8EC8EF48C560D36400371B2EF386EB7678B7A436179356333","E9F0DAD9D993ADC8EC8EF48C560D36400371B2EF386EB7678B7A436179356333","True","True","UNCHANGED"
"M030","M1-1","E:\Code\Geocore_M1-1_rotation_correction\RGB-20230909_141858-00000.hdr","E:\Code\Geocore_M0&1_Preprocessing\modules\M1-1_rotation_correction\assets\legacy_rgb_20230909\RGB-20230909_141858-00000.hdr","459","459","4E960D4241822DE68C18CA41D97769F7FD8D733D9C8753C9BBD4209F40D97C33","4E960D4241822DE68C18CA41D97769F7FD8D733D9C8753C9BBD4209F40D97C33","True","True","UNCHANGED"
"M031","M1-1","E:\Code\Geocore_M1-1_rotation_correction\outputs\debug\angle_scan_preview.jpg","E:\Code\Geocore_M0&1_Preprocessing\modules\M1-1_rotation_correction\qa\legacy_outputs_20260714\debug\angle_scan_preview.jpg","278394","278394","4CC8186681C70832CA20FE07B3131CDE32DE959C4029178C6DEE40029D510AD8","4CC8186681C70832CA20FE07B3131CDE32DE959C4029178C6DEE40029D510AD8","True","True","UNCHANGED"
"M031","M1-1","E:\Code\Geocore_M1-1_rotation_correction\outputs\debug\boxes_pairing_try.jpg","E:\Code\Geocore_M0&1_Preprocessing\modules\M1-1_rotation_correction\qa\legacy_outputs_20260714\debug\boxes_pairing_try.jpg","922173","922173","A476AD046CCDC8F70F450D0981E2F65CEB62DE617A648E16752AE93E3CBBD9AC","A476AD046CCDC8F70F450D0981E2F65CEB62DE617A648E16752AE93E3CBBD9AC","True","True","UNCHANGED"
"M031","M1-1","E:\Code\Geocore_M1-1_rotation_correction\outputs\debug\edge_peaks.jpg","E:\Code\Geocore_M0&1_Preprocessing\modules\M1-1_rotation_correction\qa\legacy_outputs_20260714\debug\edge_peaks.jpg","923063","923063","AC2A82BF8F9B720C730BC333EE3E7830BB96CE2F4A5FFFF039B35C6197F3C4DD","AC2A82BF8F9B720C730BC333EE3E7830BB96CE2F4A5FFFF039B35C6197F3C4DD","True","True","UNCHANGED"
"M031","M1-1","E:\Code\Geocore_M1-1_rotation_correction\outputs\debug\raw_preview.jpg","E:\Code\Geocore_M0&1_Preprocessing\modules\M1-1_rotation_correction\qa\legacy_outputs_20260714\debug\raw_preview.jpg","481737","481737","6BC1024E27CBF89419447605F24ADA6704E1FC724D5D51DE4886072548BF0147","6BC1024E27CBF89419447605F24ADA6704E1FC724D5D51DE4886072548BF0147","True","True","UNCHANGED"
"M031","M1-1","E:\Code\Geocore_M1-1_rotation_correction\outputs\debug\scan_all_contact.jpg","E:\Code\Geocore_M0&1_Preprocessing\modules\M1-1_rotation_correction\qa\legacy_outputs_20260714\debug\scan_all_contact.jpg","452309","452309","DC2278CA2F74A8E68736D2D8A7DBA97DE13D87B6BC34B61A7D01BF7838CBA88F","DC2278CA2F74A8E68736D2D8A7DBA97DE13D87B6BC34B61A7D01BF7838CBA88F","True","True","UNCHANGED"
"M031","M1-1","E:\Code\Geocore_M1-1_rotation_correction\outputs\debug\seg_overlay_try.jpg","E:\Code\Geocore_M0&1_Preprocessing\modules\M1-1_rotation_correction\qa\legacy_outputs_20260714\debug\seg_overlay_try.jpg","926203","926203","42763F591E97D82CE499069EE5A9E6181C39A5EB8EDE3B54C2E392C9EC73CCD2","42763F591E97D82CE499069EE5A9E6181C39A5EB8EDE3B54C2E392C9EC73CCD2","True","True","UNCHANGED"
"M031","M1-1","E:\Code\Geocore_M1-1_rotation_correction\outputs\m1_1\metadata.json","E:\Code\Geocore_M0&1_Preprocessing\modules\M1-1_rotation_correction\qa\legacy_outputs_20260714\m1_1\metadata.json","11867","11867","B1F054FD189D6730657D04241E0F3DEFCE1A34418ABA676766904917D5AB21CF","B1F054FD189D6730657D04241E0F3DEFCE1A34418ABA676766904917D5AB21CF","True","True","UNCHANGED"
"M031","M1-1","E:\Code\Geocore_M1-1_rotation_correction\outputs\m1_1\qa_report.md","E:\Code\Geocore_M0&1_Preprocessing\modules\M1-1_rotation_correction\qa\legacy_outputs_20260714\m1_1\qa_report.md","1406","1406","01D21F92A7C23C2CA844E1FAD11EAA1679A127D0C0CA3277222FED0CD3926DFB","01D21F92A7C23C2CA844E1FAD11EAA1679A127D0C0CA3277222FED0CD3926DFB","True","True","UNCHANGED"
"M031","M1-1","E:\Code\Geocore_M1-1_rotation_correction\outputs\m1_1\corrected_boxes\box_0001.png","E:\Code\Geocore_M0&1_Preprocessing\modules\M1-1_rotation_correction\qa\legacy_outputs_20260714\m1_1\corrected_boxes\box_0001.png","3466845","3466845","B3EC4EF2EE051E3951ED7BC7834215287AC915268F786BA7E954CECA9155BC3A","B3EC4EF2EE051E3951ED7BC7834215287AC915268F786BA7E954CECA9155BC3A","True","True","UNCHANGED"
"M031","M1-1","E:\Code\Geocore_M1-1_rotation_correction\outputs\m1_1\corrected_boxes\box_0002.png","E:\Code\Geocore_M0&1_Preprocessing\modules\M1-1_rotation_correction\qa\legacy_outputs_20260714\m1_1\corrected_boxes\box_0002.png","3599068","3599068","2A808240C9F1C23A5D9DA4117EABC1D02AF1FB5A07170C4E68773F4363211AB4","2A808240C9F1C23A5D9DA4117EABC1D02AF1FB5A07170C4E68773F4363211AB4","True","True","UNCHANGED"
"M031","M1-1","E:\Code\Geocore_M1-1_rotation_correction\outputs\m1_1\corrected_boxes\box_0003.png","E:\Code\Geocore_M0&1_Preprocessing\modules\M1-1_rotation_correction\qa\legacy_outputs_20260714\m1_1\corrected_boxes\box_0003.png","3504987","3504987","8418DCFEB62EFFD6D1127E9D5B18FF6503C652657569A2814A1587B87B5B93D6","8418DCFEB62EFFD6D1127E9D5B18FF6503C652657569A2814A1587B87B5B93D6","True","True","UNCHANGED"
"M031","M1-1","E:\Code\Geocore_M1-1_rotation_correction\outputs\m1_1\corrected_boxes\box_0004.png","E:\Code\Geocore_M0&1_Preprocessing\modules\M1-1_rotation_correction\qa\legacy_outputs_20260714\m1_1\corrected_boxes\box_0004.png","3616854","3616854","ADBC8959F3ECA221C24D5D9A23AD62CC0D8D15545DF5BEEE0D6A090D13EEDAAF","ADBC8959F3ECA221C24D5D9A23AD62CC0D8D15545DF5BEEE0D6A090D13EEDAAF","True","True","UNCHANGED"
"M031","M1-1","E:\Code\Geocore_M1-1_rotation_correction\outputs\m1_1\corrected_boxes\box_0005.png","E:\Code\Geocore_M0&1_Preprocessing\modules\M1-1_rotation_correction\qa\legacy_outputs_20260714\m1_1\corrected_boxes\box_0005.png","3884844","3884844","8C60384F74FCB2E97CB8E917729AE94F28A8DDEA823EF9480594DF3755E89EB1","8C60384F74FCB2E97CB8E917729AE94F28A8DDEA823EF9480594DF3755E89EB1","True","True","UNCHANGED"
"M031","M1-1","E:\Code\Geocore_M1-1_rotation_correction\outputs\m1_1\corrected_boxes\box_0006.png","E:\Code\Geocore_M0&1_Preprocessing\modules\M1-1_rotation_correction\qa\legacy_outputs_20260714\m1_1\corrected_boxes\box_0006.png","4071718","4071718","939A66F38733EFAD1084B8AFD33A868597CE8BAFE500B18399C0A9BB69016887","939A66F38733EFAD1084B8AFD33A868597CE8BAFE500B18399C0A9BB69016887","True","True","UNCHANGED"
"M031","M1-1","E:\Code\Geocore_M1-1_rotation_correction\outputs\m1_1\corrected_boxes\box_0007.png","E:\Code\Geocore_M0&1_Preprocessing\modules\M1-1_rotation_correction\qa\legacy_outputs_20260714\m1_1\corrected_boxes\box_0007.png","3766156","3766156","3690F1440EBC4DFC794DA6214C224225FD5BBE437ED549FA3504206F37BED417","3690F1440EBC4DFC794DA6214C224225FD5BBE437ED549FA3504206F37BED417","True","True","UNCHANGED"
"M031","M1-1","E:\Code\Geocore_M1-1_rotation_correction\outputs\m1_1\corrected_boxes\box_0008.png","E:\Code\Geocore_M0&1_Preprocessing\modules\M1-1_rotation_correction\qa\legacy_outputs_20260714\m1_1\corrected_boxes\box_0008.png","3609003","3609003","65860E8C6DA4D55FEC44644D5B804D8D64282BCE5F9018E8FEC456395C69E092","65860E8C6DA4D55FEC44644D5B804D8D64282BCE5F9018E8FEC456395C69E092","True","True","UNCHANGED"
"M031","M1-1","E:\Code\Geocore_M1-1_rotation_correction\outputs\m1_1\corrected_boxes\box_0009.png","E:\Code\Geocore_M0&1_Preprocessing\modules\M1-1_rotation_correction\qa\legacy_outputs_20260714\m1_1\corrected_boxes\box_0009.png","3579853","3579853","B544D0BBC39F772AEA8CA1F50BAE64CD59A71C09EBEBFDCF60AAA6EE30EA0A9B","B544D0BBC39F772AEA8CA1F50BAE64CD59A71C09EBEBFDCF60AAA6EE30EA0A9B","True","True","UNCHANGED"
"M031","M1-1","E:\Code\Geocore_M1-1_rotation_correction\outputs\m1_1\masks\box_0001_mask.png","E:\Code\Geocore_M0&1_Preprocessing\modules\M1-1_rotation_correction\qa\legacy_outputs_20260714\m1_1\masks\box_0001_mask.png","8106","8106","98E6D3EC2842EB76E03DDCC25710FBD018DCE23F307D1BFF85561F7CDBDC8DAC","98E6D3EC2842EB76E03DDCC25710FBD018DCE23F307D1BFF85561F7CDBDC8DAC","True","True","UNCHANGED"
"M031","M1-1","E:\Code\Geocore_M1-1_rotation_correction\outputs\m1_1\masks\box_0002_mask.png","E:\Code\Geocore_M0&1_Preprocessing\modules\M1-1_rotation_correction\qa\legacy_outputs_20260714\m1_1\masks\box_0002_mask.png","8024","8024","FFDD9BD6F07BE193322D7400A16BC8884FFEAE61CA27807654C52D710488DF6C","FFDD9BD6F07BE193322D7400A16BC8884FFEAE61CA27807654C52D710488DF6C","True","True","UNCHANGED"
"M031","M1-1","E:\Code\Geocore_M1-1_rotation_correction\outputs\m1_1\masks\box_0003_mask.png","E:\Code\Geocore_M0&1_Preprocessing\modules\M1-1_rotation_correction\qa\legacy_outputs_20260714\m1_1\masks\box_0003_mask.png","7746","7746","0678EE167D8C1087DE29ED60C0C5DED192F975029D212E3432887F1C6B1855C9","0678EE167D8C1087DE29ED60C0C5DED192F975029D212E3432887F1C6B1855C9","True","True","UNCHANGED"
"M031","M1-1","E:\Code\Geocore_M1-1_rotation_correction\outputs\m1_1\masks\box_0004_mask.png","E:\Code\Geocore_M0&1_Preprocessing\modules\M1-1_rotation_correction\qa\legacy_outputs_20260714\m1_1\masks\box_0004_mask.png","8044","8044","9A9D752C98A7F9C94F795338D37F697208DBEC212A08088A0BC2CF40E0CEB02D","9A9D752C98A7F9C94F795338D37F697208DBEC212A08088A0BC2CF40E0CEB02D","True","True","UNCHANGED"
"M031","M1-1","E:\Code\Geocore_M1-1_rotation_correction\outputs\m1_1\masks\box_0005_mask.png","E:\Code\Geocore_M0&1_Preprocessing\modules\M1-1_rotation_correction\qa\legacy_outputs_20260714\m1_1\masks\box_0005_mask.png","8822","8822","8A6BF075688905B68F761BF5B0F86AA7BA1D761274C52C11744D619D81241DA6","8A6BF075688905B68F761BF5B0F86AA7BA1D761274C52C11744D619D81241DA6","True","True","UNCHANGED"
"M031","M1-1","E:\Code\Geocore_M1-1_rotation_correction\outputs\m1_1\masks\box_0006_mask.png","E:\Code\Geocore_M0&1_Preprocessing\modules\M1-1_rotation_correction\qa\legacy_outputs_20260714\m1_1\masks\box_0006_mask.png","9071","9071","0848A2D8740093441A8C2CC692D8E973F4C25B827EC07102DB32E93916FE256E","0848A2D8740093441A8C2CC692D8E973F4C25B827EC07102DB32E93916FE256E","True","True","UNCHANGED"
"M031","M1-1","E:\Code\Geocore_M1-1_rotation_correction\outputs\m1_1\masks\box_0007_mask.png","E:\Code\Geocore_M0&1_Preprocessing\modules\M1-1_rotation_correction\qa\legacy_outputs_20260714\m1_1\masks\box_0007_mask.png","8915","8915","9D2B723E0211BF30AEDE9DF4D72D40658D62F61459497E16F383BAA2FB69C560","9D2B723E0211BF30AEDE9DF4D72D40658D62F61459497E16F383BAA2FB69C560","True","True","UNCHANGED"
"M031","M1-1","E:\Code\Geocore_M1-1_rotation_correction\outputs\m1_1\masks\box_0008_mask.png","E:\Code\Geocore_M0&1_Preprocessing\modules\M1-1_rotation_correction\qa\legacy_outputs_20260714\m1_1\masks\box_0008_mask.png","7494","7494","390D4A8135D1E899335A552E0C2E2E848DE043BE3253A163FA30824A194B349B","390D4A8135D1E899335A552E0C2E2E848DE043BE3253A163FA30824A194B349B","True","True","UNCHANGED"
"M031","M1-1","E:\Code\Geocore_M1-1_rotation_correction\outputs\m1_1\masks\box_0009_mask.png","E:\Code\Geocore_M0&1_Preprocessing\modules\M1-1_rotation_correction\qa\legacy_outputs_20260714\m1_1\masks\box_0009_mask.png","7830","7830","94029618FB0313DBFB1180692C647F890DFB63D044621743EB5FD0364F581676","94029618FB0313DBFB1180692C647F890DFB63D044621743EB5FD0364F581676","True","True","UNCHANGED"
"M031","M1-1","E:\Code\Geocore_M1-1_rotation_correction\outputs\m1_1\previews\box_0001_before_after.jpg","E:\Code\Geocore_M0&1_Preprocessing\modules\M1-1_rotation_correction\qa\legacy_outputs_20260714\m1_1\previews\box_0001_before_after.jpg","226132","226132","2976C651EA524689995327B7A9E909FFA9F931FECD07BE9B6D60391CA17280A7","2976C651EA524689995327B7A9E909FFA9F931FECD07BE9B6D60391CA17280A7","True","True","UNCHANGED"
"M031","M1-1","E:\Code\Geocore_M1-1_rotation_correction\outputs\m1_1\previews\box_0002_before_after.jpg","E:\Code\Geocore_M0&1_Preprocessing\modules\M1-1_rotation_correction\qa\legacy_outputs_20260714\m1_1\previews\box_0002_before_after.jpg","226726","226726","BBC361D28F79C16FE88EED61EBA867E4E9B6C4FD095F30B5BD3D0D545F2A2BA4","BBC361D28F79C16FE88EED61EBA867E4E9B6C4FD095F30B5BD3D0D545F2A2BA4","True","True","UNCHANGED"
"M031","M1-1","E:\Code\Geocore_M1-1_rotation_correction\outputs\m1_1\previews\box_0003_before_after.jpg","E:\Code\Geocore_M0&1_Preprocessing\modules\M1-1_rotation_correction\qa\legacy_outputs_20260714\m1_1\previews\box_0003_before_after.jpg","246494","246494","C5D9A0F092A562A468465E386893628CDEFCADAD84AA86022A0B89579CDACAC5","C5D9A0F092A562A468465E386893628CDEFCADAD84AA86022A0B89579CDACAC5","True","True","UNCHANGED"
"M031","M1-1","E:\Code\Geocore_M1-1_rotation_correction\outputs\m1_1\previews\box_0004_before_after.jpg","E:\Code\Geocore_M0&1_Preprocessing\modules\M1-1_rotation_correction\qa\legacy_outputs_20260714\m1_1\previews\box_0004_before_after.jpg","242237","242237","221A4D551046593BA7D70AC172E086388A511047374B219A6DFFE854E14461D6","221A4D551046593BA7D70AC172E086388A511047374B219A6DFFE854E14461D6","True","True","UNCHANGED"
"M031","M1-1","E:\Code\Geocore_M1-1_rotation_correction\outputs\m1_1\previews\box_0005_before_after.jpg","E:\Code\Geocore_M0&1_Preprocessing\modules\M1-1_rotation_correction\qa\legacy_outputs_20260714\m1_1\previews\box_0005_before_after.jpg","208300","208300","F3B679E1A0CA5B925084A3A06DD6B1AD8E34295164091BA1ED3C2BEA5B752520","F3B679E1A0CA5B925084A3A06DD6B1AD8E34295164091BA1ED3C2BEA5B752520","True","True","UNCHANGED"
"M031","M1-1","E:\Code\Geocore_M1-1_rotation_correction\outputs\m1_1\previews\box_0006_before_after.jpg","E:\Code\Geocore_M0&1_Preprocessing\modules\M1-1_rotation_correction\qa\legacy_outputs_20260714\m1_1\previews\box_0006_before_after.jpg","216117","216117","A0019C5C1979B7A51C17A0C7EAFED3E13813B10C51BE5933A72F1CA12DB2819E","A0019C5C1979B7A51C17A0C7EAFED3E13813B10C51BE5933A72F1CA12DB2819E","True","True","UNCHANGED"
"M031","M1-1","E:\Code\Geocore_M1-1_rotation_correction\outputs\m1_1\previews\box_0007_before_after.jpg","E:\Code\Geocore_M0&1_Preprocessing\modules\M1-1_rotation_correction\qa\legacy_outputs_20260714\m1_1\previews\box_0007_before_after.jpg","255541","255541","5666FFA47190E63FAC8303D9F84003677585494B13677AD95C9AD617CBDC3621","5666FFA47190E63FAC8303D9F84003677585494B13677AD95C9AD617CBDC3621","True","True","UNCHANGED"
"M031","M1-1","E:\Code\Geocore_M1-1_rotation_correction\outputs\m1_1\previews\box_0008_before_after.jpg","E:\Code\Geocore_M0&1_Preprocessing\modules\M1-1_rotation_correction\qa\legacy_outputs_20260714\m1_1\previews\box_0008_before_after.jpg","258319","258319","B8B08B1C30F768C0CD9C0260B7C82258AE918F07BD4FCA3DCE0BE2171AC9A642","B8B08B1C30F768C0CD9C0260B7C82258AE918F07BD4FCA3DCE0BE2171AC9A642","True","True","UNCHANGED"
"M031","M1-1","E:\Code\Geocore_M1-1_rotation_correction\outputs\m1_1\previews\box_0009_before_after.jpg","E:\Code\Geocore_M0&1_Preprocessing\modules\M1-1_rotation_correction\qa\legacy_outputs_20260714\m1_1\previews\box_0009_before_after.jpg","221336","221336","37AE0E4138D963B0E1859720E23BF70215A8BF6AF3F4D3389E5D29007EF849DA","37AE0E4138D963B0E1859720E23BF70215A8BF6AF3F4D3389E5D29007EF849DA","True","True","UNCHANGED"
"M031","M1-1","E:\Code\Geocore_M1-1_rotation_correction\outputs\m1_1\previews\corrected_boxes_contact_sheet.jpg","E:\Code\Geocore_M0&1_Preprocessing\modules\M1-1_rotation_correction\qa\legacy_outputs_20260714\m1_1\previews\corrected_boxes_contact_sheet.jpg","342534","342534","1C257FE321720A23213B764D33C11B289E518068CE7B78B77A49BD6C23E01E58","1C257FE321720A23213B764D33C11B289E518068CE7B78B77A49BD6C23E01E58","True","True","UNCHANGED"
"M031","M1-1","E:\Code\Geocore_M1-1_rotation_correction\outputs\m1_1\previews\strip_detection_overlay.jpg","E:\Code\Geocore_M0&1_Preprocessing\modules\M1-1_rotation_correction\qa\legacy_outputs_20260714\m1_1\previews\strip_detection_overlay.jpg","939621","939621","0C5309F1E3300AB1CC152B86CD08163C1A21FE0DD2FBF9AFA8A95FBC7283400A","0C5309F1E3300AB1CC152B86CD08163C1A21FE0DD2FBF9AFA8A95FBC7283400A","True","True","UNCHANGED"
"M031","M1-1","E:\Code\Geocore_M1-1_rotation_correction\outputs\m1_1\review_sources\box_0001_source.jpg","E:\Code\Geocore_M0&1_Preprocessing\modules\M1-1_rotation_correction\qa\legacy_outputs_20260714\m1_1\review_sources\box_0001_source.jpg","377289","377289","052E628108B49C0F8172C0B3152505B9EA8BB9D64376B28077184BD34DBC2648","052E628108B49C0F8172C0B3152505B9EA8BB9D64376B28077184BD34DBC2648","True","True","UNCHANGED"
"M031","M1-1","E:\Code\Geocore_M1-1_rotation_correction\outputs\m1_1\review_sources\box_0002_source.jpg","E:\Code\Geocore_M0&1_Preprocessing\modules\M1-1_rotation_correction\qa\legacy_outputs_20260714\m1_1\review_sources\box_0002_source.jpg","407930","407930","14A35BF6675E1CB74CD48A6089F5091A06C750BEB89E31CD06608DC2A8037E71","14A35BF6675E1CB74CD48A6089F5091A06C750BEB89E31CD06608DC2A8037E71","True","True","UNCHANGED"
"M031","M1-1","E:\Code\Geocore_M1-1_rotation_correction\outputs\m1_1\review_sources\box_0003_source.jpg","E:\Code\Geocore_M0&1_Preprocessing\modules\M1-1_rotation_correction\qa\legacy_outputs_20260714\m1_1\review_sources\box_0003_source.jpg","407340","407340","112CCF7D524B9825C7556CD54287965C73DD436B9489F0593282BFA6F99F02E6","112CCF7D524B9825C7556CD54287965C73DD436B9489F0593282BFA6F99F02E6","True","True","UNCHANGED"
"M031","M1-1","E:\Code\Geocore_M1-1_rotation_correction\outputs\m1_1\review_sources\box_0004_source.jpg","E:\Code\Geocore_M0&1_Preprocessing\modules\M1-1_rotation_correction\qa\legacy_outputs_20260714\m1_1\review_sources\box_0004_source.jpg","419919","419919","F36FC7EC5F28DDB8DC2E2917906CCDD3297CAF79B39B59F091A660A19644D7D2","F36FC7EC5F28DDB8DC2E2917906CCDD3297CAF79B39B59F091A660A19644D7D2","True","True","UNCHANGED"
"M031","M1-1","E:\Code\Geocore_M1-1_rotation_correction\outputs\m1_1\review_sources\box_0005_source.jpg","E:\Code\Geocore_M0&1_Preprocessing\modules\M1-1_rotation_correction\qa\legacy_outputs_20260714\m1_1\review_sources\box_0005_source.jpg","459299","459299","0D3E4F11D9A5647092ADC63F35C901AE03F537956E18DC1C2656D8C0A5472052","0D3E4F11D9A5647092ADC63F35C901AE03F537956E18DC1C2656D8C0A5472052","True","True","UNCHANGED"
"M031","M1-1","E:\Code\Geocore_M1-1_rotation_correction\outputs\m1_1\review_sources\box_0006_source.jpg","E:\Code\Geocore_M0&1_Preprocessing\modules\M1-1_rotation_correction\qa\legacy_outputs_20260714\m1_1\review_sources\box_0006_source.jpg","471613","471613","1A75B6CDD491789D2F612327554B3AA67314C7D0D267DD143ADB1E952AFA12C8","1A75B6CDD491789D2F612327554B3AA67314C7D0D267DD143ADB1E952AFA12C8","True","True","UNCHANGED"
"M031","M1-1","E:\Code\Geocore_M1-1_rotation_correction\outputs\m1_1\review_sources\box_0007_source.jpg","E:\Code\Geocore_M0&1_Preprocessing\modules\M1-1_rotation_correction\qa\legacy_outputs_20260714\m1_1\review_sources\box_0007_source.jpg","445334","445334","4DC4486A2B33251E50EE543A9A8091E6B3DD0B405B14D89E7BBFFB7C1C5DDC38","4DC4486A2B33251E50EE543A9A8091E6B3DD0B405B14D89E7BBFFB7C1C5DDC38","True","True","UNCHANGED"
"M031","M1-1","E:\Code\Geocore_M1-1_rotation_correction\outputs\m1_1\review_sources\box_0008_source.jpg","E:\Code\Geocore_M0&1_Preprocessing\modules\M1-1_rotation_correction\qa\legacy_outputs_20260714\m1_1\review_sources\box_0008_source.jpg","450698","450698","AF1ADF39448F3DB632A3FFB63CED621F00B256F93A04BEE530A49372E9F508A6","AF1ADF39448F3DB632A3FFB63CED621F00B256F93A04BEE530A49372E9F508A6","True","True","UNCHANGED"
"M031","M1-1","E:\Code\Geocore_M1-1_rotation_correction\outputs\m1_1\review_sources\box_0009_source.jpg","E:\Code\Geocore_M0&1_Preprocessing\modules\M1-1_rotation_correction\qa\legacy_outputs_20260714\m1_1\review_sources\box_0009_source.jpg","421818","421818","BF77FDBFD87CAEB51360456693818219AFA8D82EC1BEB8FB7C828E81ABD41F30","BF77FDBFD87CAEB51360456693818219AFA8D82EC1BEB8FB7C828E81ABD41F30","True","True","UNCHANGED"
"M032","M1-2","E:\Code\Geocore_M1-2_foreground_mask\models\core_mask_unet_v1\model_card.md","E:\Code\Geocore_M0&1_Preprocessing\modules\M1-2_foreground_mask\models\core_mask_unet_v1\model_card.md","651","651","E00679AA6922E611E3BB2503CFFABE1030A1FFAFE70C33D241A4C5026E9FA7E2","E00679AA6922E611E3BB2503CFFABE1030A1FFAFE70C33D241A4C5026E9FA7E2","True","True","UNCHANGED"
"M032","M1-2","E:\Code\Geocore_M1-2_foreground_mask\models\core_mask_unet_v1\model_manifest.json","E:\Code\Geocore_M0&1_Preprocessing\modules\M1-2_foreground_mask\models\core_mask_unet_v1\model_manifest.json","727","727","524B72BE20046F07A7A1667661EB315977607E98B615C2E5F0E4BB379A88ED66","524B72BE20046F07A7A1667661EB315977607E98B615C2E5F0E4BB379A88ED66","True","True","UNCHANGED"
"M032","M1-2","E:\Code\Geocore_M1-2_foreground_mask\models\core_mask_unet_v1\weights.pth","E:\Code\Geocore_M0&1_Preprocessing\modules\M1-2_foreground_mask\models\core_mask_unet_v1\weights.pth","69130371","69130371","11A5A76FBFC7C70B935EBABB139520FA342D878A5D0C0586F6245BB97DD1E55B","11A5A76FBFC7C70B935EBABB139520FA342D878A5D0C0586F6245BB97DD1E55B","True","True","UNCHANGED"
"M032","M1-2","E:\Code\Geocore_M1-2_foreground_mask\models\core_mask_unet_v2\model_card.md","E:\Code\Geocore_M0&1_Preprocessing\modules\M1-2_foreground_mask\models\core_mask_unet_v2\model_card.md","192","192","0712D832836692F5C93A6C73EA0DF5BFF1C0E3ED160CA76055C260BED878FAD0","0712D832836692F5C93A6C73EA0DF5BFF1C0E3ED160CA76055C260BED878FAD0","True","True","UNCHANGED"
"M032","M1-2","E:\Code\Geocore_M1-2_foreground_mask\models\core_mask_unet_v2\model_manifest.json","E:\Code\Geocore_M0&1_Preprocessing\modules\M1-2_foreground_mask\models\core_mask_unet_v2\model_manifest.json","1186","1186","3645FE6585FDFC6C61CC273719AF694255572822344C624FDA5DE1DD0D41634E","3645FE6585FDFC6C61CC273719AF694255572822344C624FDA5DE1DD0D41634E","True","True","UNCHANGED"
"M032","M1-2","E:\Code\Geocore_M1-2_foreground_mask\models\core_mask_unet_v2\train_history.json","E:\Code\Geocore_M0&1_Preprocessing\modules\M1-2_foreground_mask\models\core_mask_unet_v2\train_history.json","6447","6447","B44265C0336AA2BE28F423F5C6229CA2132673254349AC2280F4A4AA881FF924","B44265C0336AA2BE28F423F5C6229CA2132673254349AC2280F4A4AA881FF924","True","True","UNCHANGED"
"M032","M1-2","E:\Code\Geocore_M1-2_foreground_mask\models\core_mask_unet_v2\weights.pth","E:\Code\Geocore_M0&1_Preprocessing\modules\M1-2_foreground_mask\models\core_mask_unet_v2\weights.pth","69127459","69127459","4D80403128F64FA51C2CF44A3B0D761BC10566A92DDE34FCAE48741B666C3918","4D80403128F64FA51C2CF44A3B0D761BC10566A92DDE34FCAE48741B666C3918","True","True","UNCHANGED"
"M033","M1-2","E:\Code\Geocore_M1-2_foreground_mask\datasets\core_mask_v2\prepare_report.json","E:\Code\Geocore_M0&1_Preprocessing\modules\M1-2_foreground_mask\datasets\core_mask_v2\prepare_report.json","720","720","FC04FEFC361F017BE92DFC3C6293516F799874D5AB7EE8F3A5FC7EA94C410E9D","FC04FEFC361F017BE92DFC3C6293516F799874D5AB7EE8F3A5FC7EA94C410E9D","True","True","UNCHANGED"
"M033","M1-2","E:\Code\Geocore_M1-2_foreground_mask\datasets\core_mask_v2\images\box_0001.png","E:\Code\Geocore_M0&1_Preprocessing\modules\M1-2_foreground_mask\datasets\core_mask_v2\images\box_0001.png","3466845","3466845","B3EC4EF2EE051E3951ED7BC7834215287AC915268F786BA7E954CECA9155BC3A","B3EC4EF2EE051E3951ED7BC7834215287AC915268F786BA7E954CECA9155BC3A","True","True","UNCHANGED"
"M033","M1-2","E:\Code\Geocore_M1-2_foreground_mask\datasets\core_mask_v2\images\box_0001.png.aux.xml","E:\Code\Geocore_M0&1_Preprocessing\modules\M1-2_foreground_mask\datasets\core_mask_v2\images\box_0001.png.aux.xml","209","209","EC88652A8F5386F99B2A494E8BDED78B9A09A94E9F7B1DADE55D34278555533B","EC88652A8F5386F99B2A494E8BDED78B9A09A94E9F7B1DADE55D34278555533B","True","True","UNCHANGED"
"M033","M1-2","E:\Code\Geocore_M1-2_foreground_mask\datasets\core_mask_v2\images\box_0001.png.ovr","E:\Code\Geocore_M0&1_Preprocessing\modules\M1-2_foreground_mask\datasets\core_mask_v2\images\box_0001.png.ovr","1804899","1804899","3DCE5950EF5E6EE7A4B0EC703E32196A7F221C8F6615105E2A6ECC978FC80999","3DCE5950EF5E6EE7A4B0EC703E32196A7F221C8F6615105E2A6ECC978FC80999","True","True","UNCHANGED"
"M033","M1-2","E:\Code\Geocore_M1-2_foreground_mask\datasets\core_mask_v2\images\box_0002.png","E:\Code\Geocore_M0&1_Preprocessing\modules\M1-2_foreground_mask\datasets\core_mask_v2\images\box_0002.png","3599068","3599068","2A808240C9F1C23A5D9DA4117EABC1D02AF1FB5A07170C4E68773F4363211AB4","2A808240C9F1C23A5D9DA4117EABC1D02AF1FB5A07170C4E68773F4363211AB4","True","True","UNCHANGED"
"M033","M1-2","E:\Code\Geocore_M1-2_foreground_mask\datasets\core_mask_v2\images\box_0002.png.aux.xml","E:\Code\Geocore_M0&1_Preprocessing\modules\M1-2_foreground_mask\datasets\core_mask_v2\images\box_0002.png.aux.xml","209","209","EC88652A8F5386F99B2A494E8BDED78B9A09A94E9F7B1DADE55D34278555533B","EC88652A8F5386F99B2A494E8BDED78B9A09A94E9F7B1DADE55D34278555533B","True","True","UNCHANGED"
"M033","M1-2","E:\Code\Geocore_M1-2_foreground_mask\datasets\core_mask_v2\images\box_0002.png.ovr","E:\Code\Geocore_M0&1_Preprocessing\modules\M1-2_foreground_mask\datasets\core_mask_v2\images\box_0002.png.ovr","1889934","1889934","7F377560D5F2B2E067FEF9CB838E706A5F1F3A9F40EF8F4F6048052E88C2C5B3","7F377560D5F2B2E067FEF9CB838E706A5F1F3A9F40EF8F4F6048052E88C2C5B3","True","True","UNCHANGED"
"M033","M1-2","E:\Code\Geocore_M1-2_foreground_mask\datasets\core_mask_v2\masks\box_0001.png","E:\Code\Geocore_M0&1_Preprocessing\modules\M1-2_foreground_mask\datasets\core_mask_v2\masks\box_0001.png","20546","20546","37616659595118FB68C8359F348A639DBD3FA6463EAEC3FC4FA0B4EBCA5E60D6","37616659595118FB68C8359F348A639DBD3FA6463EAEC3FC4FA0B4EBCA5E60D6","True","True","UNCHANGED"
"M033","M1-2","E:\Code\Geocore_M1-2_foreground_mask\datasets\core_mask_v2\masks\box_0002.png","E:\Code\Geocore_M0&1_Preprocessing\modules\M1-2_foreground_mask\datasets\core_mask_v2\masks\box_0002.png","24701","24701","081097EDFD5CAE5DA256D848F0E1E27F739B86FE187D24B4B08F38864B02B3FC","081097EDFD5CAE5DA256D848F0E1E27F739B86FE187D24B4B08F38864B02B3FC","True","True","UNCHANGED"
"M033","M1-2","E:\Code\Geocore_M1-2_foreground_mask\datasets\core_mask_v2\overlays\box_0001_overlay.png","E:\Code\Geocore_M0&1_Preprocessing\modules\M1-2_foreground_mask\datasets\core_mask_v2\overlays\box_0001_overlay.png","3122774","3122774","30DC0EF836CA0045F14B4A154D0DF8FA02AB59AD42A7088AA400DE4FD989D474","30DC0EF836CA0045F14B4A154D0DF8FA02AB59AD42A7088AA400DE4FD989D474","True","True","UNCHANGED"
"M033","M1-2","E:\Code\Geocore_M1-2_foreground_mask\datasets\core_mask_v2\overlays\box_0002_overlay.png","E:\Code\Geocore_M0&1_Preprocessing\modules\M1-2_foreground_mask\datasets\core_mask_v2\overlays\box_0002_overlay.png","3229205","3229205","202E6CEE234C09A4E767386A5B36E0AED9B10258EC12BA3EEE53270790F8CE09","202E6CEE234C09A4E767386A5B36E0AED9B10258EC12BA3EEE53270790F8CE09","True","True","UNCHANGED"
"M033","M1-2","E:\Code\Geocore_M1-2_foreground_mask\datasets\core_mask_v2\shp\box_0001.cpg","E:\Code\Geocore_M0&1_Preprocessing\modules\M1-2_foreground_mask\datasets\core_mask_v2\shp\box_0001.cpg","5","5","3AD3031F5503A4404AF825262EE8232CC04D4EA6683D42C5DD0A2F2A27AC9824","3AD3031F5503A4404AF825262EE8232CC04D4EA6683D42C5DD0A2F2A27AC9824","True","True","UNCHANGED"
"M033","M1-2","E:\Code\Geocore_M1-2_foreground_mask\datasets\core_mask_v2\shp\box_0001.dbf","E:\Code\Geocore_M0&1_Preprocessing\modules\M1-2_foreground_mask\datasets\core_mask_v2\shp\box_0001.dbf","458","458","0995109A9720C30D2A067C2DC2ACCCBDED2CD91475057AD88DC24100C5ABDFE9","0995109A9720C30D2A067C2DC2ACCCBDED2CD91475057AD88DC24100C5ABDFE9","True","True","UNCHANGED"
"M033","M1-2","E:\Code\Geocore_M1-2_foreground_mask\datasets\core_mask_v2\shp\box_0001.sbn","E:\Code\Geocore_M0&1_Preprocessing\modules\M1-2_foreground_mask\datasets\core_mask_v2\shp\box_0001.sbn","668","668","1E4283513EFB3B02CDCB2774C95312B00D21B86C156175E45CC72523E8E8D34E","1E4283513EFB3B02CDCB2774C95312B00D21B86C156175E45CC72523E8E8D34E","True","True","UNCHANGED"
"M033","M1-2","E:\Code\Geocore_M1-2_foreground_mask\datasets\core_mask_v2\shp\box_0001.sbx","E:\Code\Geocore_M0&1_Preprocessing\modules\M1-2_foreground_mask\datasets\core_mask_v2\shp\box_0001.sbx","164","164","BF23054D90E26E97A085B390F0F0B4DA392784FD2260A0F453D6B904F892CCD7","BF23054D90E26E97A085B390F0F0B4DA392784FD2260A0F453D6B904F892CCD7","True","True","UNCHANGED"
"M033","M1-2","E:\Code\Geocore_M1-2_foreground_mask\datasets\core_mask_v2\shp\box_0001.shp","E:\Code\Geocore_M0&1_Preprocessing\modules\M1-2_foreground_mask\datasets\core_mask_v2\shp\box_0001.shp","27444","27444","76C8D75473A204930D18C0E0C3AA807C6B4407C62FDC5CABDD8C5174D6A59661","76C8D75473A204930D18C0E0C3AA807C6B4407C62FDC5CABDD8C5174D6A59661","True","True","UNCHANGED"
"M033","M1-2","E:\Code\Geocore_M1-2_foreground_mask\datasets\core_mask_v2\shp\box_0001.shx","E:\Code\Geocore_M0&1_Preprocessing\modules\M1-2_foreground_mask\datasets\core_mask_v2\shp\box_0001.shx","548","548","851F68E39B5726B8D67C84157E827C30297466AFB3DEA2F0BEE7BBD0BD85D9C5","851F68E39B5726B8D67C84157E827C30297466AFB3DEA2F0BEE7BBD0BD85D9C5","True","True","UNCHANGED"
"M033","M1-2","E:\Code\Geocore_M1-2_foreground_mask\datasets\core_mask_v2\shp\box_0002.cpg","E:\Code\Geocore_M0&1_Preprocessing\modules\M1-2_foreground_mask\datasets\core_mask_v2\shp\box_0002.cpg","5","5","3AD3031F5503A4404AF825262EE8232CC04D4EA6683D42C5DD0A2F2A27AC9824","3AD3031F5503A4404AF825262EE8232CC04D4EA6683D42C5DD0A2F2A27AC9824","True","True","UNCHANGED"
"M033","M1-2","E:\Code\Geocore_M1-2_foreground_mask\datasets\core_mask_v2\shp\box_0002.dbf","E:\Code\Geocore_M0&1_Preprocessing\modules\M1-2_foreground_mask\datasets\core_mask_v2\shp\box_0002.dbf","591","591","302A1456379855F8345098D8C55198C63218B6EC659B696FB8FB7B3C3784F31C","302A1456379855F8345098D8C55198C63218B6EC659B696FB8FB7B3C3784F31C","True","True","UNCHANGED"
"M033","M1-2","E:\Code\Geocore_M1-2_foreground_mask\datasets\core_mask_v2\shp\box_0002.sbn","E:\Code\Geocore_M0&1_Preprocessing\modules\M1-2_foreground_mask\datasets\core_mask_v2\shp\box_0002.sbn","900","900","73D401313EC86C3DA668650DEDFA6E4E0E7C7D25298FADB948A0C7AAFB3858A5","73D401313EC86C3DA668650DEDFA6E4E0E7C7D25298FADB948A0C7AAFB3858A5","True","True","UNCHANGED"
"M033","M1-2","E:\Code\Geocore_M1-2_foreground_mask\datasets\core_mask_v2\shp\box_0002.sbx","E:\Code\Geocore_M0&1_Preprocessing\modules\M1-2_foreground_mask\datasets\core_mask_v2\shp\box_0002.sbx","196","196","CC27C6D46375755D6262125A00AD1E9E7B53F5EBD8F4B336EA287D9415E24090","CC27C6D46375755D6262125A00AD1E9E7B53F5EBD8F4B336EA287D9415E24090","True","True","UNCHANGED"
"M033","M1-2","E:\Code\Geocore_M1-2_foreground_mask\datasets\core_mask_v2\shp\box_0002.shp","E:\Code\Geocore_M0&1_Preprocessing\modules\M1-2_foreground_mask\datasets\core_mask_v2\shp\box_0002.shp","30540","30540","28293733BBFBDB9C5F7A67DA3091BADBDEB44B4E60A5284C31D34416DAF40B52","28293733BBFBDB9C5F7A67DA3091BADBDEB44B4E60A5284C31D34416DAF40B52","True","True","UNCHANGED"
"M033","M1-2","E:\Code\Geocore_M1-2_foreground_mask\datasets\core_mask_v2\shp\box_0002.shx","E:\Code\Geocore_M0&1_Preprocessing\modules\M1-2_foreground_mask\datasets\core_mask_v2\shp\box_0002.shx","700","700","6569B870AF08B205D99C331E3F6FF1535B0BCD66A38BC14EE73C84FAEAF45A15","6569B870AF08B205D99C331E3F6FF1535B0BCD66A38BC14EE73C84FAEAF45A15","True","True","UNCHANGED"
"M033","M1-2","E:\Code\Geocore_M1-2_foreground_mask\datasets\core_mask_v2\splits\test.txt","E:\Code\Geocore_M0&1_Preprocessing\modules\M1-2_foreground_mask\datasets\core_mask_v2\splits\test.txt","40","40","489AF1E256F2ABFC53D8EE6D477BB384C966B42FECF390830684E22590196F99","489AF1E256F2ABFC53D8EE6D477BB384C966B42FECF390830684E22590196F99","True","True","UNCHANGED"
"M033","M1-2","E:\Code\Geocore_M1-2_foreground_mask\datasets\core_mask_v2\splits\train.txt","E:\Code\Geocore_M0&1_Preprocessing\modules\M1-2_foreground_mask\datasets\core_mask_v2\splits\train.txt","40","40","E4DF8F031C2C38D4B60A04A2E164CFC6D0707425FC995C96716630C8B9B1612A","E4DF8F031C2C38D4B60A04A2E164CFC6D0707425FC995C96716630C8B9B1612A","True","True","UNCHANGED"
"M033","M1-2","E:\Code\Geocore_M1-2_foreground_mask\datasets\core_mask_v2\splits\val.txt","E:\Code\Geocore_M0&1_Preprocessing\modules\M1-2_foreground_mask\datasets\core_mask_v2\splits\val.txt","0","0","E3B0C44298FC1C149AFBF4C8996FB92427AE41E4649B934CA495991B7852B855","E3B0C44298FC1C149AFBF4C8996FB92427AE41E4649B934CA495991B7852B855","True","True","UNCHANGED"
"M033","M1-2","E:\Code\Geocore_M1-2_foreground_mask\datasets\corrected_boxes\box_0001.png","E:\Code\Geocore_M0&1_Preprocessing\modules\M1-2_foreground_mask\datasets\corrected_boxes\box_0001.png","3466845","3466845","B3EC4EF2EE051E3951ED7BC7834215287AC915268F786BA7E954CECA9155BC3A","B3EC4EF2EE051E3951ED7BC7834215287AC915268F786BA7E954CECA9155BC3A","True","True","UNCHANGED"
"M033","M1-2","E:\Code\Geocore_M1-2_foreground_mask\datasets\corrected_boxes\box_0002.png","E:\Code\Geocore_M0&1_Preprocessing\modules\M1-2_foreground_mask\datasets\corrected_boxes\box_0002.png","3599068","3599068","2A808240C9F1C23A5D9DA4117EABC1D02AF1FB5A07170C4E68773F4363211AB4","2A808240C9F1C23A5D9DA4117EABC1D02AF1FB5A07170C4E68773F4363211AB4","True","True","UNCHANGED"
"M033","M1-2","E:\Code\Geocore_M1-2_foreground_mask\datasets\corrected_boxes\box_0003.png","E:\Code\Geocore_M0&1_Preprocessing\modules\M1-2_foreground_mask\datasets\corrected_boxes\box_0003.png","3504987","3504987","8418DCFEB62EFFD6D1127E9D5B18FF6503C652657569A2814A1587B87B5B93D6","8418DCFEB62EFFD6D1127E9D5B18FF6503C652657569A2814A1587B87B5B93D6","True","True","UNCHANGED"
"M033","M1-2","E:\Code\Geocore_M1-2_foreground_mask\datasets\corrected_boxes\box_0004.png","E:\Code\Geocore_M0&1_Preprocessing\modules\M1-2_foreground_mask\datasets\corrected_boxes\box_0004.png","3616854","3616854","ADBC8959F3ECA221C24D5D9A23AD62CC0D8D15545DF5BEEE0D6A090D13EEDAAF","ADBC8959F3ECA221C24D5D9A23AD62CC0D8D15545DF5BEEE0D6A090D13EEDAAF","True","True","UNCHANGED"
"M033","M1-2","E:\Code\Geocore_M1-2_foreground_mask\datasets\corrected_boxes\box_0005.png","E:\Code\Geocore_M0&1_Preprocessing\modules\M1-2_foreground_mask\datasets\corrected_boxes\box_0005.png","3884844","3884844","8C60384F74FCB2E97CB8E917729AE94F28A8DDEA823EF9480594DF3755E89EB1","8C60384F74FCB2E97CB8E917729AE94F28A8DDEA823EF9480594DF3755E89EB1","True","True","UNCHANGED"
"M033","M1-2","E:\Code\Geocore_M1-2_foreground_mask\datasets\corrected_boxes\box_0006.png","E:\Code\Geocore_M0&1_Preprocessing\modules\M1-2_foreground_mask\datasets\corrected_boxes\box_0006.png","4071718","4071718","939A66F38733EFAD1084B8AFD33A868597CE8BAFE500B18399C0A9BB69016887","939A66F38733EFAD1084B8AFD33A868597CE8BAFE500B18399C0A9BB69016887","True","True","UNCHANGED"
"M033","M1-2","E:\Code\Geocore_M1-2_foreground_mask\datasets\corrected_boxes\box_0007.png","E:\Code\Geocore_M0&1_Preprocessing\modules\M1-2_foreground_mask\datasets\corrected_boxes\box_0007.png","3766156","3766156","3690F1440EBC4DFC794DA6214C224225FD5BBE437ED549FA3504206F37BED417","3690F1440EBC4DFC794DA6214C224225FD5BBE437ED549FA3504206F37BED417","True","True","UNCHANGED"
"M033","M1-2","E:\Code\Geocore_M1-2_foreground_mask\datasets\corrected_boxes\box_0008.png","E:\Code\Geocore_M0&1_Preprocessing\modules\M1-2_foreground_mask\datasets\corrected_boxes\box_0008.png","3609003","3609003","65860E8C6DA4D55FEC44644D5B804D8D64282BCE5F9018E8FEC456395C69E092","65860E8C6DA4D55FEC44644D5B804D8D64282BCE5F9018E8FEC456395C69E092","True","True","UNCHANGED"
"M033","M1-2","E:\Code\Geocore_M1-2_foreground_mask\datasets\corrected_boxes\box_0009.png","E:\Code\Geocore_M0&1_Preprocessing\modules\M1-2_foreground_mask\datasets\corrected_boxes\box_0009.png","3579853","3579853","B544D0BBC39F772AEA8CA1F50BAE64CD59A71C09EBEBFDCF60AAA6EE30EA0A9B","B544D0BBC39F772AEA8CA1F50BAE64CD59A71C09EBEBFDCF60AAA6EE30EA0A9B","True","True","UNCHANGED"
"M034","M1-2","E:\Code\Geocore_M1-2_foreground_mask\outputs\core_mask_v2_corrected_boxes\batch_summary.json","E:\Code\Geocore_M0&1_Preprocessing\modules\M1-2_foreground_mask\qa\legacy_outputs_20260714\core_mask_v2_corrected_boxes\batch_summary.json","10519","10519","AAFB673098BCC68E505D19B6F09374E89C7C3E0B81B69F2E867E0F179EBA67DB","AAFB673098BCC68E505D19B6F09374E89C7C3E0B81B69F2E867E0F179EBA67DB","True","True","UNCHANGED"
"M034","M1-2","E:\Code\Geocore_M1-2_foreground_mask\outputs\core_mask_v2_corrected_boxes\overlay_contact_sheet.jpg","E:\Code\Geocore_M0&1_Preprocessing\modules\M1-2_foreground_mask\qa\legacy_outputs_20260714\core_mask_v2_corrected_boxes\overlay_contact_sheet.jpg","308668","308668","312FAA24EDB1DC0BD78F73D3C5CF0512EC1C78CD263B943CA29F305D4B9EC887","312FAA24EDB1DC0BD78F73D3C5CF0512EC1C78CD263B943CA29F305D4B9EC887","True","True","UNCHANGED"
"M034","M1-2","E:\Code\Geocore_M1-2_foreground_mask\outputs\core_mask_v2_corrected_boxes\box_0001\contours.json","E:\Code\Geocore_M0&1_Preprocessing\modules\M1-2_foreground_mask\qa\legacy_outputs_20260714\core_mask_v2_corrected_boxes\box_0001\contours.json","1907537","1907537","A7AA601DF0809095A5C3A440C8CB77F2F122441492A430768AC537C4F42C304D","A7AA601DF0809095A5C3A440C8CB77F2F122441492A430768AC537C4F42C304D","True","True","UNCHANGED"
"M034","M1-2","E:\Code\Geocore_M1-2_foreground_mask\outputs\core_mask_v2_corrected_boxes\box_0001\mask.png","E:\Code\Geocore_M0&1_Preprocessing\modules\M1-2_foreground_mask\qa\legacy_outputs_20260714\core_mask_v2_corrected_boxes\box_0001\mask.png","29789","29789","B6F661A551B35C80A75AA82415CFABD718AED1FED217D224F768D1F199E316C7","B6F661A551B35C80A75AA82415CFABD718AED1FED217D224F768D1F199E316C7","True","True","UNCHANGED"
"M034","M1-2","E:\Code\Geocore_M1-2_foreground_mask\outputs\core_mask_v2_corrected_boxes\box_0001\mask.tif","E:\Code\Geocore_M0&1_Preprocessing\modules\M1-2_foreground_mask\qa\legacy_outputs_20260714\core_mask_v2_corrected_boxes\box_0001\mask.tif","30235","30235","4CD7664B6D9293A31E23BD099856F11C3AEFB54E8F1D57E11BF5784D2F1B943F","4CD7664B6D9293A31E23BD099856F11C3AEFB54E8F1D57E11BF5784D2F1B943F","True","True","UNCHANGED"
"M034","M1-2","E:\Code\Geocore_M1-2_foreground_mask\outputs\core_mask_v2_corrected_boxes\box_0001\metadata.json","E:\Code\Geocore_M0&1_Preprocessing\modules\M1-2_foreground_mask\qa\legacy_outputs_20260714\core_mask_v2_corrected_boxes\box_0001\metadata.json","430","430","459283062165667089E8F5FDE2945E4B4255487C848DBD7819A91A771320E2CD","459283062165667089E8F5FDE2945E4B4255487C848DBD7819A91A771320E2CD","True","True","UNCHANGED"
"M034","M1-2","E:\Code\Geocore_M1-2_foreground_mask\outputs\core_mask_v2_corrected_boxes\box_0001\overlay.png","E:\Code\Geocore_M0&1_Preprocessing\modules\M1-2_foreground_mask\qa\legacy_outputs_20260714\core_mask_v2_corrected_boxes\box_0001\overlay.png","3141781","3141781","AF56C94FC80B5D81034B41722A8C5802147F4EA792888DA4E5A2B6411A329B68","AF56C94FC80B5D81034B41722A8C5802147F4EA792888DA4E5A2B6411A329B68","True","True","UNCHANGED"
"M034","M1-2","E:\Code\Geocore_M1-2_foreground_mask\outputs\core_mask_v2_corrected_boxes\box_0001\probability.tif","E:\Code\Geocore_M0&1_Preprocessing\modules\M1-2_foreground_mask\qa\legacy_outputs_20260714\core_mask_v2_corrected_boxes\box_0001\probability.tif","633645","633645","EE607A6C4FE5F4EDC829C2F4AA18854182BEC60C9F4F7CED85B44CAEE2EBC97C","EE607A6C4FE5F4EDC829C2F4AA18854182BEC60C9F4F7CED85B44CAEE2EBC97C","True","True","UNCHANGED"
"M034","M1-2","E:\Code\Geocore_M1-2_foreground_mask\outputs\core_mask_v2_corrected_boxes\box_0002\contours.json","E:\Code\Geocore_M0&1_Preprocessing\modules\M1-2_foreground_mask\qa\legacy_outputs_20260714\core_mask_v2_corrected_boxes\box_0002\contours.json","1055671","1055671","35B31601A46FB2EBD57058652F934D08138E60CCB0FB86B053C8DF9C9252B785","35B31601A46FB2EBD57058652F934D08138E60CCB0FB86B053C8DF9C9252B785","True","True","UNCHANGED"
"M034","M1-2","E:\Code\Geocore_M1-2_foreground_mask\outputs\core_mask_v2_corrected_boxes\box_0002\mask.png","E:\Code\Geocore_M0&1_Preprocessing\modules\M1-2_foreground_mask\qa\legacy_outputs_20260714\core_mask_v2_corrected_boxes\box_0002\mask.png","33748","33748","645886C4A7C5DA169422CB0B9A6377A5C8A599E188391111E5BB9FA9F2ED26EA","645886C4A7C5DA169422CB0B9A6377A5C8A599E188391111E5BB9FA9F2ED26EA","True","True","UNCHANGED"
"M034","M1-2","E:\Code\Geocore_M1-2_foreground_mask\outputs\core_mask_v2_corrected_boxes\box_0002\mask.tif","E:\Code\Geocore_M0&1_Preprocessing\modules\M1-2_foreground_mask\qa\legacy_outputs_20260714\core_mask_v2_corrected_boxes\box_0002\mask.tif","31544","31544","F1B99EBF0531335FC184E673B922CE70651F4B9A080F2900F39D25C2CA3C0FC1","F1B99EBF0531335FC184E673B922CE70651F4B9A080F2900F39D25C2CA3C0FC1","True","True","UNCHANGED"
"M034","M1-2","E:\Code\Geocore_M1-2_foreground_mask\outputs\core_mask_v2_corrected_boxes\box_0002\metadata.json","E:\Code\Geocore_M0&1_Preprocessing\modules\M1-2_foreground_mask\qa\legacy_outputs_20260714\core_mask_v2_corrected_boxes\box_0002\metadata.json","430","430","2F6191B200D321153CB3E9478C7466E9C83A2C2B631277F3AE41DBB7CC945611","2F6191B200D321153CB3E9478C7466E9C83A2C2B631277F3AE41DBB7CC945611","True","True","UNCHANGED"
"M034","M1-2","E:\Code\Geocore_M1-2_foreground_mask\outputs\core_mask_v2_corrected_boxes\box_0002\overlay.png","E:\Code\Geocore_M0&1_Preprocessing\modules\M1-2_foreground_mask\qa\legacy_outputs_20260714\core_mask_v2_corrected_boxes\box_0002\overlay.png","3250351","3250351","09D7FFFD26FAF759163BF7430DF76704F13EA30385BBB400665A6EC8B38E2268","09D7FFFD26FAF759163BF7430DF76704F13EA30385BBB400665A6EC8B38E2268","True","True","UNCHANGED"
"M034","M1-2","E:\Code\Geocore_M1-2_foreground_mask\outputs\core_mask_v2_corrected_boxes\box_0002\probability.tif","E:\Code\Geocore_M0&1_Preprocessing\modules\M1-2_foreground_mask\qa\legacy_outputs_20260714\core_mask_v2_corrected_boxes\box_0002\probability.tif","657191","657191","DE2E6B7CACAB20E889973D052B1EF1A593E72803D68A8904257DFDDAEFAC1341","DE2E6B7CACAB20E889973D052B1EF1A593E72803D68A8904257DFDDAEFAC1341","True","True","UNCHANGED"
"M034","M1-2","E:\Code\Geocore_M1-2_foreground_mask\outputs\core_mask_v2_corrected_boxes\box_0003\contours.json","E:\Code\Geocore_M0&1_Preprocessing\modules\M1-2_foreground_mask\qa\legacy_outputs_20260714\core_mask_v2_corrected_boxes\box_0003\contours.json","994796","994796","108863D2FA0FE949BD1E2B00F0873AEFD833A1E9432D0B55AD766C139185B54E","108863D2FA0FE949BD1E2B00F0873AEFD833A1E9432D0B55AD766C139185B54E","True","True","UNCHANGED"
"M034","M1-2","E:\Code\Geocore_M1-2_foreground_mask\outputs\core_mask_v2_corrected_boxes\box_0003\mask.png","E:\Code\Geocore_M0&1_Preprocessing\modules\M1-2_foreground_mask\qa\legacy_outputs_20260714\core_mask_v2_corrected_boxes\box_0003\mask.png","36290","36290","2B5673C06F2D996C90468841F45F298CC6152CCC262B39E531DE6E2A52D257FC","2B5673C06F2D996C90468841F45F298CC6152CCC262B39E531DE6E2A52D257FC","True","True","UNCHANGED"
"M034","M1-2","E:\Code\Geocore_M1-2_foreground_mask\outputs\core_mask_v2_corrected_boxes\box_0003\mask.tif","E:\Code\Geocore_M0&1_Preprocessing\modules\M1-2_foreground_mask\qa\legacy_outputs_20260714\core_mask_v2_corrected_boxes\box_0003\mask.tif","34332","34332","EA610FFDE63DD15814C864A7EABADCB7C5A07C164D318370032FBD6C6BC4406C","EA610FFDE63DD15814C864A7EABADCB7C5A07C164D318370032FBD6C6BC4406C","True","True","UNCHANGED"
"M034","M1-2","E:\Code\Geocore_M1-2_foreground_mask\outputs\core_mask_v2_corrected_boxes\box_0003\metadata.json","E:\Code\Geocore_M0&1_Preprocessing\modules\M1-2_foreground_mask\qa\legacy_outputs_20260714\core_mask_v2_corrected_boxes\box_0003\metadata.json","429","429","D4C06FC075BB9291C1A38AC6D3DED0C94EFB1347F09E3D5B225D2D4715BD61E9","D4C06FC075BB9291C1A38AC6D3DED0C94EFB1347F09E3D5B225D2D4715BD61E9","True","True","UNCHANGED"
"M034","M1-2","E:\Code\Geocore_M1-2_foreground_mask\outputs\core_mask_v2_corrected_boxes\box_0003\overlay.png","E:\Code\Geocore_M0&1_Preprocessing\modules\M1-2_foreground_mask\qa\legacy_outputs_20260714\core_mask_v2_corrected_boxes\box_0003\overlay.png","3163856","3163856","48F7AFD7A813D1E939F3C25DE02EFF0CFBCEFEE14DC2AA642A51EBC262B662A8","48F7AFD7A813D1E939F3C25DE02EFF0CFBCEFEE14DC2AA642A51EBC262B662A8","True","True","UNCHANGED"
"M034","M1-2","E:\Code\Geocore_M1-2_foreground_mask\outputs\core_mask_v2_corrected_boxes\box_0003\probability.tif","E:\Code\Geocore_M0&1_Preprocessing\modules\M1-2_foreground_mask\qa\legacy_outputs_20260714\core_mask_v2_corrected_boxes\box_0003\probability.tif","712344","712344","CBEEC93F3FA5F55F276216A48D9A6A022ED4F691E2020E2E70D3AE05FA95BB04","CBEEC93F3FA5F55F276216A48D9A6A022ED4F691E2020E2E70D3AE05FA95BB04","True","True","UNCHANGED"
"M034","M1-2","E:\Code\Geocore_M1-2_foreground_mask\outputs\core_mask_v2_corrected_boxes\box_0004\contours.json","E:\Code\Geocore_M0&1_Preprocessing\modules\M1-2_foreground_mask\qa\legacy_outputs_20260714\core_mask_v2_corrected_boxes\box_0004\contours.json","1627625","1627625","D4C9CE2360B5FD5ABD0159425F74560AC05F7BDB1EFD212B1A847DE2113E693A","D4C9CE2360B5FD5ABD0159425F74560AC05F7BDB1EFD212B1A847DE2113E693A","True","True","UNCHANGED"
"M034","M1-2","E:\Code\Geocore_M1-2_foreground_mask\outputs\core_mask_v2_corrected_boxes\box_0004\mask.png","E:\Code\Geocore_M0&1_Preprocessing\modules\M1-2_foreground_mask\qa\legacy_outputs_20260714\core_mask_v2_corrected_boxes\box_0004\mask.png","42678","42678","473242A39AE63EF17E0751497C7C19D92A8FA9466FB21704F6E47D3488E55B1D","473242A39AE63EF17E0751497C7C19D92A8FA9466FB21704F6E47D3488E55B1D","True","True","UNCHANGED"
"M034","M1-2","E:\Code\Geocore_M1-2_foreground_mask\outputs\core_mask_v2_corrected_boxes\box_0004\mask.tif","E:\Code\Geocore_M0&1_Preprocessing\modules\M1-2_foreground_mask\qa\legacy_outputs_20260714\core_mask_v2_corrected_boxes\box_0004\mask.tif","38936","38936","C60258C76BC32431E2B1D51731717304284CD6325A76E42075F033C808F90241","C60258C76BC32431E2B1D51731717304284CD6325A76E42075F033C808F90241","True","True","UNCHANGED"
"M034","M1-2","E:\Code\Geocore_M1-2_foreground_mask\outputs\core_mask_v2_corrected_boxes\box_0004\metadata.json","E:\Code\Geocore_M0&1_Preprocessing\modules\M1-2_foreground_mask\qa\legacy_outputs_20260714\core_mask_v2_corrected_boxes\box_0004\metadata.json","429","429","3A629EB8C1E44E0986BBC4E23B58147492C8ABA7AD19A8318ADD54FB2CFE41A2","3A629EB8C1E44E0986BBC4E23B58147492C8ABA7AD19A8318ADD54FB2CFE41A2","True","True","UNCHANGED"
"M034","M1-2","E:\Code\Geocore_M1-2_foreground_mask\outputs\core_mask_v2_corrected_boxes\box_0004\overlay.png","E:\Code\Geocore_M0&1_Preprocessing\modules\M1-2_foreground_mask\qa\legacy_outputs_20260714\core_mask_v2_corrected_boxes\box_0004\overlay.png","3257609","3257609","2B58988217461BEF5C7CEF711180DFB3FE8435523989BDC8B9C7F603787F66D9","2B58988217461BEF5C7CEF711180DFB3FE8435523989BDC8B9C7F603787F66D9","True","True","UNCHANGED"
"M034","M1-2","E:\Code\Geocore_M1-2_foreground_mask\outputs\core_mask_v2_corrected_boxes\box_0004\probability.tif","E:\Code\Geocore_M0&1_Preprocessing\modules\M1-2_foreground_mask\qa\legacy_outputs_20260714\core_mask_v2_corrected_boxes\box_0004\probability.tif","762663","762663","88FE4ADB3EF301E5202D58F948876471525FFF857E264466486368C4900BB9CA","88FE4ADB3EF301E5202D58F948876471525FFF857E264466486368C4900BB9CA","True","True","UNCHANGED"
"M034","M1-2","E:\Code\Geocore_M1-2_foreground_mask\outputs\core_mask_v2_corrected_boxes\box_0005\contours.json","E:\Code\Geocore_M0&1_Preprocessing\modules\M1-2_foreground_mask\qa\legacy_outputs_20260714\core_mask_v2_corrected_boxes\box_0005\contours.json","559709","559709","78BCD7C156379C76DDA06463C5559E67C5F8DDF5EBB7D5A55DB6EC7364757A81","78BCD7C156379C76DDA06463C5559E67C5F8DDF5EBB7D5A55DB6EC7364757A81","True","True","UNCHANGED"
"M034","M1-2","E:\Code\Geocore_M1-2_foreground_mask\outputs\core_mask_v2_corrected_boxes\box_0005\mask.png","E:\Code\Geocore_M0&1_Preprocessing\modules\M1-2_foreground_mask\qa\legacy_outputs_20260714\core_mask_v2_corrected_boxes\box_0005\mask.png","36444","36444","D7E4FC3B50680721074C50E9D344250BC3A0F72D1ADAD2401DE83DD375C9A504","D7E4FC3B50680721074C50E9D344250BC3A0F72D1ADAD2401DE83DD375C9A504","True","True","UNCHANGED"
"M034","M1-2","E:\Code\Geocore_M1-2_foreground_mask\outputs\core_mask_v2_corrected_boxes\box_0005\mask.tif","E:\Code\Geocore_M0&1_Preprocessing\modules\M1-2_foreground_mask\qa\legacy_outputs_20260714\core_mask_v2_corrected_boxes\box_0005\mask.tif","33192","33192","6664920E824327BED8842FB3E6A79D3B54B0BCA20CBFCF30040C01A231C5B57C","6664920E824327BED8842FB3E6A79D3B54B0BCA20CBFCF30040C01A231C5B57C","True","True","UNCHANGED"
"M034","M1-2","E:\Code\Geocore_M1-2_foreground_mask\outputs\core_mask_v2_corrected_boxes\box_0005\metadata.json","E:\Code\Geocore_M0&1_Preprocessing\modules\M1-2_foreground_mask\qa\legacy_outputs_20260714\core_mask_v2_corrected_boxes\box_0005\metadata.json","429","429","39977F5BA490D81121C7FDEAF596A423A85A7127B5A239D3B0215917F49C6236","39977F5BA490D81121C7FDEAF596A423A85A7127B5A239D3B0215917F49C6236","True","True","UNCHANGED"
"M034","M1-2","E:\Code\Geocore_M1-2_foreground_mask\outputs\core_mask_v2_corrected_boxes\box_0005\overlay.png","E:\Code\Geocore_M0&1_Preprocessing\modules\M1-2_foreground_mask\qa\legacy_outputs_20260714\core_mask_v2_corrected_boxes\box_0005\overlay.png","3461895","3461895","AEFDCBE366B534153A0BCD8370E2FCD30871958CDDD3F1218D154A9D2B2B47EE","AEFDCBE366B534153A0BCD8370E2FCD30871958CDDD3F1218D154A9D2B2B47EE","True","True","UNCHANGED"
"M034","M1-2","E:\Code\Geocore_M1-2_foreground_mask\outputs\core_mask_v2_corrected_boxes\box_0005\probability.tif","E:\Code\Geocore_M0&1_Preprocessing\modules\M1-2_foreground_mask\qa\legacy_outputs_20260714\core_mask_v2_corrected_boxes\box_0005\probability.tif","707144","707144","F2DCE291481C36B44FC1A9C3F1621F6C9E2577EE1AF7D7263764E9A7910833D9","F2DCE291481C36B44FC1A9C3F1621F6C9E2577EE1AF7D7263764E9A7910833D9","True","True","UNCHANGED"
"M034","M1-2","E:\Code\Geocore_M1-2_foreground_mask\outputs\core_mask_v2_corrected_boxes\box_0006\contours.json","E:\Code\Geocore_M0&1_Preprocessing\modules\M1-2_foreground_mask\qa\legacy_outputs_20260714\core_mask_v2_corrected_boxes\box_0006\contours.json","1293352","1293352","79C3578E000D737C4B48DD75359EFC64A3402CBA1B566C101C8DD2F0563311D5","79C3578E000D737C4B48DD75359EFC64A3402CBA1B566C101C8DD2F0563311D5","True","True","UNCHANGED"
"M034","M1-2","E:\Code\Geocore_M1-2_foreground_mask\outputs\core_mask_v2_corrected_boxes\box_0006\mask.png","E:\Code\Geocore_M0&1_Preprocessing\modules\M1-2_foreground_mask\qa\legacy_outputs_20260714\core_mask_v2_corrected_boxes\box_0006\mask.png","41443","41443","42EAAF21DEFD0F2C015ED9D2E18D152DF396B4ECC85C86683BF27019598CF395","42EAAF21DEFD0F2C015ED9D2E18D152DF396B4ECC85C86683BF27019598CF395","True","True","UNCHANGED"
"M034","M1-2","E:\Code\Geocore_M1-2_foreground_mask\outputs\core_mask_v2_corrected_boxes\box_0006\mask.tif","E:\Code\Geocore_M0&1_Preprocessing\modules\M1-2_foreground_mask\qa\legacy_outputs_20260714\core_mask_v2_corrected_boxes\box_0006\mask.tif","37217","37217","D60FFAF934B52A50780E0487A47311ED4DE86BA546A18B4EDE857FE0D973E251","D60FFAF934B52A50780E0487A47311ED4DE86BA546A18B4EDE857FE0D973E251","True","True","UNCHANGED"
"M034","M1-2","E:\Code\Geocore_M1-2_foreground_mask\outputs\core_mask_v2_corrected_boxes\box_0006\metadata.json","E:\Code\Geocore_M0&1_Preprocessing\modules\M1-2_foreground_mask\qa\legacy_outputs_20260714\core_mask_v2_corrected_boxes\box_0006\metadata.json","429","429","2852EE1F17950414A6F83283DC3D2305F2ABB02A2FF45D4110348D2A8DA5FD08","2852EE1F17950414A6F83283DC3D2305F2ABB02A2FF45D4110348D2A8DA5FD08","True","True","UNCHANGED"
"M034","M1-2","E:\Code\Geocore_M1-2_foreground_mask\outputs\core_mask_v2_corrected_boxes\box_0006\overlay.png","E:\Code\Geocore_M0&1_Preprocessing\modules\M1-2_foreground_mask\qa\legacy_outputs_20260714\core_mask_v2_corrected_boxes\box_0006\overlay.png","3747165","3747165","497AC0E4DC9CB11DCA623A53A149AA0F972265EF240CC79034CEC53C5F47F494","497AC0E4DC9CB11DCA623A53A149AA0F972265EF240CC79034CEC53C5F47F494","True","True","UNCHANGED"
"M034","M1-2","E:\Code\Geocore_M1-2_foreground_mask\outputs\core_mask_v2_corrected_boxes\box_0006\probability.tif","E:\Code\Geocore_M0&1_Preprocessing\modules\M1-2_foreground_mask\qa\legacy_outputs_20260714\core_mask_v2_corrected_boxes\box_0006\probability.tif","786316","786316","105C20CB4F52C8E9E3D6453B5D7A4B35116E1D5F430744EE053CB1D9FDF23A8C","105C20CB4F52C8E9E3D6453B5D7A4B35116E1D5F430744EE053CB1D9FDF23A8C","True","True","UNCHANGED"
"M034","M1-2","E:\Code\Geocore_M1-2_foreground_mask\outputs\core_mask_v2_corrected_boxes\box_0007\contours.json","E:\Code\Geocore_M0&1_Preprocessing\modules\M1-2_foreground_mask\qa\legacy_outputs_20260714\core_mask_v2_corrected_boxes\box_0007\contours.json","847517","847517","A235B15529D4B2AAC3C99AF88A36F3029E81AC8500DE7D620E49D1E6C22114F1","A235B15529D4B2AAC3C99AF88A36F3029E81AC8500DE7D620E49D1E6C22114F1","True","True","UNCHANGED"
"M034","M1-2","E:\Code\Geocore_M1-2_foreground_mask\outputs\core_mask_v2_corrected_boxes\box_0007\mask.png","E:\Code\Geocore_M0&1_Preprocessing\modules\M1-2_foreground_mask\qa\legacy_outputs_20260714\core_mask_v2_corrected_boxes\box_0007\mask.png","38130","38130","2E7C8B0E4F46F903EB055A74469B4C5060044D8AEA06F15377479992DE23675A","2E7C8B0E4F46F903EB055A74469B4C5060044D8AEA06F15377479992DE23675A","True","True","UNCHANGED"
"M034","M1-2","E:\Code\Geocore_M1-2_foreground_mask\outputs\core_mask_v2_corrected_boxes\box_0007\mask.tif","E:\Code\Geocore_M0&1_Preprocessing\modules\M1-2_foreground_mask\qa\legacy_outputs_20260714\core_mask_v2_corrected_boxes\box_0007\mask.tif","36377","36377","8FFAB173F06CD3A77ED59D37F0C4E62E8ABA4EE35CEB2E19D4D005B0970B095F","8FFAB173F06CD3A77ED59D37F0C4E62E8ABA4EE35CEB2E19D4D005B0970B095F","True","True","UNCHANGED"
"M034","M1-2","E:\Code\Geocore_M1-2_foreground_mask\outputs\core_mask_v2_corrected_boxes\box_0007\metadata.json","E:\Code\Geocore_M0&1_Preprocessing\modules\M1-2_foreground_mask\qa\legacy_outputs_20260714\core_mask_v2_corrected_boxes\box_0007\metadata.json","429","429","EB61790E5D7BF9799A06CBF023AC0FE1338C41F5ED4586313224A38068EF9B12","EB61790E5D7BF9799A06CBF023AC0FE1338C41F5ED4586313224A38068EF9B12","True","True","UNCHANGED"
"M034","M1-2","E:\Code\Geocore_M1-2_foreground_mask\outputs\core_mask_v2_corrected_boxes\box_0007\overlay.png","E:\Code\Geocore_M0&1_Preprocessing\modules\M1-2_foreground_mask\qa\legacy_outputs_20260714\core_mask_v2_corrected_boxes\box_0007\overlay.png","3367169","3367169","9185CD158E2B2EA8B54B35BAE63608CE5BA73DCEC1FCDC5782668BB6AEFA527E","9185CD158E2B2EA8B54B35BAE63608CE5BA73DCEC1FCDC5782668BB6AEFA527E","True","True","UNCHANGED"
"M034","M1-2","E:\Code\Geocore_M1-2_foreground_mask\outputs\core_mask_v2_corrected_boxes\box_0007\probability.tif","E:\Code\Geocore_M0&1_Preprocessing\modules\M1-2_foreground_mask\qa\legacy_outputs_20260714\core_mask_v2_corrected_boxes\box_0007\probability.tif","725449","725449","FAA95A910B45D311D461625DCC1D139FF0D4F1FB4CA97C5D8B148FDC7DA1FFF9","FAA95A910B45D311D461625DCC1D139FF0D4F1FB4CA97C5D8B148FDC7DA1FFF9","True","True","UNCHANGED"
"M034","M1-2","E:\Code\Geocore_M1-2_foreground_mask\outputs\core_mask_v2_corrected_boxes\box_0008\contours.json","E:\Code\Geocore_M0&1_Preprocessing\modules\M1-2_foreground_mask\qa\legacy_outputs_20260714\core_mask_v2_corrected_boxes\box_0008\contours.json","515399","515399","279E89392200768109B8964F5B2C7D33028B0B3DE5026384E25236E910474C1B","279E89392200768109B8964F5B2C7D33028B0B3DE5026384E25236E910474C1B","True","True","UNCHANGED"
"M034","M1-2","E:\Code\Geocore_M1-2_foreground_mask\outputs\core_mask_v2_corrected_boxes\box_0008\mask.png","E:\Code\Geocore_M0&1_Preprocessing\modules\M1-2_foreground_mask\qa\legacy_outputs_20260714\core_mask_v2_corrected_boxes\box_0008\mask.png","37403","37403","6572AA24468D4794EA5FB5053145FDCB4A447DCD0F2453F4D69DFBF24BA21F00","6572AA24468D4794EA5FB5053145FDCB4A447DCD0F2453F4D69DFBF24BA21F00","True","True","UNCHANGED"
"M034","M1-2","E:\Code\Geocore_M1-2_foreground_mask\outputs\core_mask_v2_corrected_boxes\box_0008\mask.tif","E:\Code\Geocore_M0&1_Preprocessing\modules\M1-2_foreground_mask\qa\legacy_outputs_20260714\core_mask_v2_corrected_boxes\box_0008\mask.tif","34342","34342","8FEA400A55CE9432ADA974A1DE0BFF6DF26C2D71E04C0052F10A04076DD118E1","8FEA400A55CE9432ADA974A1DE0BFF6DF26C2D71E04C0052F10A04076DD118E1","True","True","UNCHANGED"
"M034","M1-2","E:\Code\Geocore_M1-2_foreground_mask\outputs\core_mask_v2_corrected_boxes\box_0008\metadata.json","E:\Code\Geocore_M0&1_Preprocessing\modules\M1-2_foreground_mask\qa\legacy_outputs_20260714\core_mask_v2_corrected_boxes\box_0008\metadata.json","429","429","06BAE926B3AF6145E2082B108E76FC9EEDC3D37C5BA066B42E8C47CBAB9DC8D4","06BAE926B3AF6145E2082B108E76FC9EEDC3D37C5BA066B42E8C47CBAB9DC8D4","True","True","UNCHANGED"
"M034","M1-2","E:\Code\Geocore_M1-2_foreground_mask\outputs\core_mask_v2_corrected_boxes\box_0008\overlay.png","E:\Code\Geocore_M0&1_Preprocessing\modules\M1-2_foreground_mask\qa\legacy_outputs_20260714\core_mask_v2_corrected_boxes\box_0008\overlay.png","3184316","3184316","00AFAA496A4806AF8FB6827AF619785D3BBF299AB4294E2AB0DEE418F2285F92","00AFAA496A4806AF8FB6827AF619785D3BBF299AB4294E2AB0DEE418F2285F92","True","True","UNCHANGED"
"M034","M1-2","E:\Code\Geocore_M1-2_foreground_mask\outputs\core_mask_v2_corrected_boxes\box_0008\probability.tif","E:\Code\Geocore_M0&1_Preprocessing\modules\M1-2_foreground_mask\qa\legacy_outputs_20260714\core_mask_v2_corrected_boxes\box_0008\probability.tif","694307","694307","06C5D511389BE2BA5A3B44D7ABD47469A193F049A8E99540208783A619AEE67C","06C5D511389BE2BA5A3B44D7ABD47469A193F049A8E99540208783A619AEE67C","True","True","UNCHANGED"
"M034","M1-2","E:\Code\Geocore_M1-2_foreground_mask\outputs\core_mask_v2_corrected_boxes\box_0009\contours.json","E:\Code\Geocore_M0&1_Preprocessing\modules\M1-2_foreground_mask\qa\legacy_outputs_20260714\core_mask_v2_corrected_boxes\box_0009\contours.json","1363370","1363370","CE2F60B100FD4E8EDD983804EECAE3F5A8E1268C70788A9FD27F859EDD70B6E2","CE2F60B100FD4E8EDD983804EECAE3F5A8E1268C70788A9FD27F859EDD70B6E2","True","True","UNCHANGED"
"M034","M1-2","E:\Code\Geocore_M1-2_foreground_mask\outputs\core_mask_v2_corrected_boxes\box_0009\mask.png","E:\Code\Geocore_M0&1_Preprocessing\modules\M1-2_foreground_mask\qa\legacy_outputs_20260714\core_mask_v2_corrected_boxes\box_0009\mask.png","31926","31926","4E52D786BBC80582B8C576F9424AD30D03732E1DF34585AEA021AA561BF75B48","4E52D786BBC80582B8C576F9424AD30D03732E1DF34585AEA021AA561BF75B48","True","True","UNCHANGED"
"M034","M1-2","E:\Code\Geocore_M1-2_foreground_mask\outputs\core_mask_v2_corrected_boxes\box_0009\mask.tif","E:\Code\Geocore_M0&1_Preprocessing\modules\M1-2_foreground_mask\qa\legacy_outputs_20260714\core_mask_v2_corrected_boxes\box_0009\mask.tif","32084","32084","49F28ABC263D756E90DB8860E405BC78F2D54D60F2F39EEF7A685C327AE435DD","49F28ABC263D756E90DB8860E405BC78F2D54D60F2F39EEF7A685C327AE435DD","True","True","UNCHANGED"
"M034","M1-2","E:\Code\Geocore_M1-2_foreground_mask\outputs\core_mask_v2_corrected_boxes\box_0009\metadata.json","E:\Code\Geocore_M0&1_Preprocessing\modules\M1-2_foreground_mask\qa\legacy_outputs_20260714\core_mask_v2_corrected_boxes\box_0009\metadata.json","429","429","5D02F4F08A23F7F9B57619337B06C4042E6BE46B3BC349A41B39E7EEA2D92502","5D02F4F08A23F7F9B57619337B06C4042E6BE46B3BC349A41B39E7EEA2D92502","True","True","UNCHANGED"
"M034","M1-2","E:\Code\Geocore_M1-2_foreground_mask\outputs\core_mask_v2_corrected_boxes\box_0009\overlay.png","E:\Code\Geocore_M0&1_Preprocessing\modules\M1-2_foreground_mask\qa\legacy_outputs_20260714\core_mask_v2_corrected_boxes\box_0009\overlay.png","3247060","3247060","C419E593526312B5845FF873429A055F14AC655D9710E600308770F5179FE192","C419E593526312B5845FF873429A055F14AC655D9710E600308770F5179FE192","True","True","UNCHANGED"
"M034","M1-2","E:\Code\Geocore_M1-2_foreground_mask\outputs\core_mask_v2_corrected_boxes\box_0009\probability.tif","E:\Code\Geocore_M0&1_Preprocessing\modules\M1-2_foreground_mask\qa\legacy_outputs_20260714\core_mask_v2_corrected_boxes\box_0009\probability.tif","693833","693833","4ECDAFFACC389E817311DA7D5ACAD1EE8C1C5815F4A3BF25FE638B7AC6AF7EFD","4ECDAFFACC389E817311DA7D5ACAD1EE8C1C5815F4A3BF25FE638B7AC6AF7EFD","True","True","UNCHANGED"
"M035","M1-2","E:\Code\Geocore_M1-2_foreground_mask\api_runtime\outputs\edit_check\contours.json","E:\Code\Geocore_M0&1_Preprocessing\modules\M1-2_foreground_mask\qa\legacy_api_runtime_outputs_20260714\edit_check\contours.json","96","96","300CDDF238D11624630F7483F3DB91CCEE3BF76BCF76D250E4655679A837CF48","300CDDF238D11624630F7483F3DB91CCEE3BF76BCF76D250E4655679A837CF48","True","True","UNCHANGED"
"M035","M1-2","E:\Code\Geocore_M1-2_foreground_mask\api_runtime\outputs\edit_check\mask.png","E:\Code\Geocore_M0&1_Preprocessing\modules\M1-2_foreground_mask\qa\legacy_api_runtime_outputs_20260714\edit_check\mask.png","334","334","EF2A4C8949CDAB1EF24E678BDB88CC276B1FD75E62066E47011C2CE53996EFE6","EF2A4C8949CDAB1EF24E678BDB88CC276B1FD75E62066E47011C2CE53996EFE6","True","True","UNCHANGED"
"M035","M1-2","E:\Code\Geocore_M1-2_foreground_mask\api_runtime\outputs\edit_check\mask.tif","E:\Code\Geocore_M0&1_Preprocessing\modules\M1-2_foreground_mask\qa\legacy_api_runtime_outputs_20260714\edit_check\mask.tif","262400","262400","951C3C73C651CCE2DF2B4440B8F1E74483FD9F2184DF210D0E6D07B0AB7BBA70","951C3C73C651CCE2DF2B4440B8F1E74483FD9F2184DF210D0E6D07B0AB7BBA70","True","True","UNCHANGED"
"M035","M1-2","E:\Code\Geocore_M1-2_foreground_mask\api_runtime\outputs\edit_check\metadata.json","E:\Code\Geocore_M0&1_Preprocessing\modules\M1-2_foreground_mask\qa\legacy_api_runtime_outputs_20260714\edit_check\metadata.json","609","609","C26E5A30DF3B7086B940FFB06A7C891347DE2CF3D38ACD83194C826D12C0F94D","C26E5A30DF3B7086B940FFB06A7C891347DE2CF3D38ACD83194C826D12C0F94D","True","True","UNCHANGED"
"M035","M1-2","E:\Code\Geocore_M1-2_foreground_mask\api_runtime\outputs\edit_check\overlay.png","E:\Code\Geocore_M0&1_Preprocessing\modules\M1-2_foreground_mask\qa\legacy_api_runtime_outputs_20260714\edit_check\overlay.png","288512","288512","1452FFE6811FF0A555ED9F6957C6A713838006275A8D42F98B90072F6E6D61CB","1452FFE6811FF0A555ED9F6957C6A713838006275A8D42F98B90072F6E6D61CB","True","True","UNCHANGED"
"M035","M1-2","E:\Code\Geocore_M1-2_foreground_mask\api_runtime\outputs\edit_check\probability.tif","E:\Code\Geocore_M0&1_Preprocessing\modules\M1-2_foreground_mask\qa\legacy_api_runtime_outputs_20260714\edit_check\probability.tif","4732","4732","FA8C2A1309862F1BFADCE4C39D57F28B7667616720A4682E8AF09E75F96292EE","FA8C2A1309862F1BFADCE4C39D57F28B7667616720A4682E8AF09E75F96292EE","True","True","UNCHANGED"
"M035","M1-2","E:\Code\Geocore_M1-2_foreground_mask\api_runtime\outputs\standalone_check\contours.json","E:\Code\Geocore_M0&1_Preprocessing\modules\M1-2_foreground_mask\qa\legacy_api_runtime_outputs_20260714\standalone_check\contours.json","30222","30222","0E08F8D4E13E0558C5041AAAAE90BD170ADADE6FF38C3541691D5F2C0F2202DF","0E08F8D4E13E0558C5041AAAAE90BD170ADADE6FF38C3541691D5F2C0F2202DF","True","True","UNCHANGED"
"M035","M1-2","E:\Code\Geocore_M1-2_foreground_mask\api_runtime\outputs\standalone_check\mask.png","E:\Code\Geocore_M0&1_Preprocessing\modules\M1-2_foreground_mask\qa\legacy_api_runtime_outputs_20260714\standalone_check\mask.png","914","914","04FCAA01C18D00F021D8F4C7ED4DCD0E91E0443E739E1B8D0B36E03A9A12E98D","04FCAA01C18D00F021D8F4C7ED4DCD0E91E0443E739E1B8D0B36E03A9A12E98D","True","True","UNCHANGED"
"M035","M1-2","E:\Code\Geocore_M1-2_foreground_mask\api_runtime\outputs\standalone_check\mask.tif","E:\Code\Geocore_M0&1_Preprocessing\modules\M1-2_foreground_mask\qa\legacy_api_runtime_outputs_20260714\standalone_check\mask.tif","1059","1059","B6FAC08A9E8F76F2A545C0CED67DECA94E75D95A87374A9E35F099E3988E68E1","B6FAC08A9E8F76F2A545C0CED67DECA94E75D95A87374A9E35F099E3988E68E1","True","True","UNCHANGED"
"M035","M1-2","E:\Code\Geocore_M1-2_foreground_mask\api_runtime\outputs\standalone_check\metadata.json","E:\Code\Geocore_M0&1_Preprocessing\modules\M1-2_foreground_mask\qa\legacy_api_runtime_outputs_20260714\standalone_check\metadata.json","360","360","CA24F2FF8E1D1BCBD8B08DB6021FAE881604B4D592ACCAD7EE9BFFA3570FAA77","CA24F2FF8E1D1BCBD8B08DB6021FAE881604B4D592ACCAD7EE9BFFA3570FAA77","True","True","UNCHANGED"
"M035","M1-2","E:\Code\Geocore_M1-2_foreground_mask\api_runtime\outputs\standalone_check\overlay.png","E:\Code\Geocore_M0&1_Preprocessing\modules\M1-2_foreground_mask\qa\legacy_api_runtime_outputs_20260714\standalone_check\overlay.png","302444","302444","908A0520D4AD811956F1DF0656A64D768B21C9FD6AC6D2254809669743ACB74F","908A0520D4AD811956F1DF0656A64D768B21C9FD6AC6D2254809669743ACB74F","True","True","UNCHANGED"
"M035","M1-2","E:\Code\Geocore_M1-2_foreground_mask\api_runtime\outputs\standalone_check\probability.tif","E:\Code\Geocore_M0&1_Preprocessing\modules\M1-2_foreground_mask\qa\legacy_api_runtime_outputs_20260714\standalone_check\probability.tif","4732","4732","FA8C2A1309862F1BFADCE4C39D57F28B7667616720A4682E8AF09E75F96292EE","FA8C2A1309862F1BFADCE4C39D57F28B7667616720A4682E8AF09E75F96292EE","True","True","UNCHANGED"
"M036","M1-2","E:\Code\Geocore_M1-2_foreground_mask\examples\input\sample.tif","E:\Code\Geocore_M0&1_Preprocessing\modules\M1-2_foreground_mask\examples\input\sample.tif","787428","787428","97CF88515618EB4F00367CED85C35B4ABF66A1018BF03F427ADD03C6C6E7E1CB","97CF88515618EB4F00367CED85C35B4ABF66A1018BF03F427ADD03C6C6E7E1CB","True","True","UNCHANGED"
"M037","M1-2","E:\Code\Geocore_M1-2_foreground_mask\geocore_mask\models\__init__.py","E:\Code\Geocore_M0&1_Preprocessing\modules\M1-2_foreground_mask\geocore_mask\models\__init__.py","62","62","EC0937130F18F2964D49D1F198358E08F154B189676624ABB6993353319D672F","EC0937130F18F2964D49D1F198358E08F154B189676624ABB6993353319D672F","True","True","UNCHANGED"
"M038","M1-2","E:\Code\Geocore_M1-2_foreground_mask\geocore_mask\models\core_unet.py","E:\Code\Geocore_M0&1_Preprocessing\modules\M1-2_foreground_mask\geocore_mask\models\core_unet.py","3713","3713","138D291516EF608C1EA3FE1A46E4BEFDA8539C9644C6DC609E35B41922D0E398","138D291516EF608C1EA3FE1A46E4BEFDA8539C9644C6DC609E35B41922D0E398","True","True","UNCHANGED"
"M039","M1-2","E:\Code\Geocore_M1-2_foreground_mask\geocore_mask\models\registry.py","E:\Code\Geocore_M0&1_Preprocessing\modules\M1-2_foreground_mask\geocore_mask\models\registry.py","1110","1110","CD54C8C029FF89D1DF43BEBC3292421F8830DB85215B220AFF68D6BA6E46A944","CD54C8C029FF89D1DF43BEBC3292421F8830DB85215B220AFF68D6BA6E46A944","True","True","UNCHANGED"
"M040","M1-3","E:\Code\Geocore_M1-3_separator_mark\outputs\smoke_box_0008\depth_mapping.json","E:\Code\Geocore_M0&1_Preprocessing\modules\M1-3_separator_mark\qa\legacy_outputs_20260714\smoke_box_0008\depth_mapping.json","320","320","58C5505E987F9720D990D19546C4A2F63567D6B4189A4DC11DF551CC8E24A5C7","58C5505E987F9720D990D19546C4A2F63567D6B4189A4DC11DF551CC8E24A5C7","True","True","UNCHANGED"
"M040","M1-3","E:\Code\Geocore_M1-3_separator_mark\outputs\smoke_box_0008\input_manifest.json","E:\Code\Geocore_M0&1_Preprocessing\modules\M1-3_separator_mark\qa\legacy_outputs_20260714\smoke_box_0008\input_manifest.json","2360","2360","50B52F303187902FA0528BB16C68ECC231EDDD68C1F61857601AA03C9111CCCE","50B52F303187902FA0528BB16C68ECC231EDDD68C1F61857601AA03C9111CCCE","True","True","UNCHANGED"
"M040","M1-3","E:\Code\Geocore_M1-3_separator_mark\outputs\smoke_box_0008\lane_debug_overlay.png","E:\Code\Geocore_M0&1_Preprocessing\modules\M1-3_separator_mark\qa\legacy_outputs_20260714\smoke_box_0008\lane_debug_overlay.png","3581098","3581098","87F3F210E4ECE215FEF01F25893E4A5C184F8E233806722A1A72308321D0F566","87F3F210E4ECE215FEF01F25893E4A5C184F8E233806722A1A72308321D0F566","True","True","UNCHANGED"
"M040","M1-3","E:\Code\Geocore_M1-3_separator_mark\outputs\smoke_box_0008\lane_detection.json","E:\Code\Geocore_M0&1_Preprocessing\modules\M1-3_separator_mark\qa\legacy_outputs_20260714\smoke_box_0008\lane_detection.json","2357","2357","2D1587787F0DDCA92713B8DC24A0074159CEEC1DCFDE369FBF0179671026F2EE","2D1587787F0DDCA92713B8DC24A0074159CEEC1DCFDE369FBF0179671026F2EE","True","True","UNCHANGED"
"M040","M1-3","E:\Code\Geocore_M1-3_separator_mark\outputs\smoke_box_0008\mask_refine_report.json","E:\Code\Geocore_M0&1_Preprocessing\modules\M1-3_separator_mark\qa\legacy_outputs_20260714\smoke_box_0008\mask_refine_report.json","320","320","BF7B08C839D5F58B7E1F693D4D29BC6F7C7383AFB781B2BFE0756193B1C962C2","BF7B08C839D5F58B7E1F693D4D29BC6F7C7383AFB781B2BFE0756193B1C962C2","True","True","UNCHANGED"
"M040","M1-3","E:\Code\Geocore_M1-3_separator_mark\outputs\smoke_box_0008\quality_report.json","E:\Code\Geocore_M0&1_Preprocessing\modules\M1-3_separator_mark\qa\legacy_outputs_20260714\smoke_box_0008\quality_report.json","429","429","AE15AD2AABB0637F18E8A3534A6E982C58E2DF622F095B7D0BD512355EDC4E67","AE15AD2AABB0637F18E8A3534A6E982C58E2DF622F095B7D0BD512355EDC4E67","True","True","UNCHANGED"
"M040","M1-3","E:\Code\Geocore_M1-3_separator_mark\outputs\smoke_box_0008\reconstructed_strip.png","E:\Code\Geocore_M0&1_Preprocessing\modules\M1-3_separator_mark\qa\legacy_outputs_20260714\smoke_box_0008\reconstructed_strip.png","3289752","3289752","7275DF4FF6E28DFF58582BB1B6957CBCD4DA77159D20E06E2C43FA6B20184E23","7275DF4FF6E28DFF58582BB1B6957CBCD4DA77159D20E06E2C43FA6B20184E23","True","True","UNCHANGED"
"M040","M1-3","E:\Code\Geocore_M1-3_separator_mark\outputs\smoke_box_0008\reconstructed_strip_mask.png","E:\Code\Geocore_M0&1_Preprocessing\modules\M1-3_separator_mark\qa\legacy_outputs_20260714\smoke_box_0008\reconstructed_strip_mask.png","38682","38682","2CD87F2F8C7E5628F82B7CAF43E8CC44C9A7BD16793C7EF0BE2808B5F9302CE8","2CD87F2F8C7E5628F82B7CAF43E8CC44C9A7BD16793C7EF0BE2808B5F9302CE8","True","True","UNCHANGED"
"M040","M1-3","E:\Code\Geocore_M1-3_separator_mark\outputs\smoke_box_0008\reconstructed_strip_preview.jpg","E:\Code\Geocore_M0&1_Preprocessing\modules\M1-3_separator_mark\qa\legacy_outputs_20260714\smoke_box_0008\reconstructed_strip_preview.jpg","193774","193774","3C722C947E85666F8B3BD4261C1E052635DB1C519206C114EA214DCA7C03DA3E","3C722C947E85666F8B3BD4261C1E052635DB1C519206C114EA214DCA7C03DA3E","True","True","UNCHANGED"
"M040","M1-3","E:\Code\Geocore_M1-3_separator_mark\outputs\smoke_box_0008\refined_mask.png","E:\Code\Geocore_M0&1_Preprocessing\modules\M1-3_separator_mark\qa\legacy_outputs_20260714\smoke_box_0008\refined_mask.png","32592","32592","4C3CE68B29B98DCE66CD3F404D5FCA2CE6650677F7664714952E1815E555C153","4C3CE68B29B98DCE66CD3F404D5FCA2CE6650677F7664714952E1815E555C153","True","True","UNCHANGED"
"M040","M1-3","E:\Code\Geocore_M1-3_separator_mark\outputs\smoke_box_0008\refined_mask.tif","E:\Code\Geocore_M0&1_Preprocessing\modules\M1-3_separator_mark\qa\legacy_outputs_20260714\smoke_box_0008\refined_mask.tif","3093559","3093559","5D5445AAC663F05F37686576F427E96AED914E196D633D4E4EF8BFB0F204C1B6","5D5445AAC663F05F37686576F427E96AED914E196D633D4E4EF8BFB0F204C1B6","True","True","UNCHANGED"
"M040","M1-3","E:\Code\Geocore_M1-3_separator_mark\outputs\smoke_box_0008\refined_overlay.png","E:\Code\Geocore_M0&1_Preprocessing\modules\M1-3_separator_mark\qa\legacy_outputs_20260714\smoke_box_0008\refined_overlay.png","3174592","3174592","5C9F213CFD6ED89752930BB36779FCC72B886F0A980B6B7C07880898BA2F3CEA","5C9F213CFD6ED89752930BB36779FCC72B886F0A980B6B7C07880898BA2F3CEA","True","True","UNCHANGED"
"M040","M1-3","E:\Code\Geocore_M1-3_separator_mark\outputs\smoke_box_0008\removed_components.json","E:\Code\Geocore_M0&1_Preprocessing\modules\M1-3_separator_mark\qa\legacy_outputs_20260714\smoke_box_0008\removed_components.json","582","582","E00E548CC25352A7C771D2315C5EB5B3A8F7D06E01F1FCF4F77C9659C580EC21","E00E548CC25352A7C771D2315C5EB5B3A8F7D06E01F1FCF4F77C9659C580EC21","True","True","UNCHANGED"
"M040","M1-3","E:\Code\Geocore_M1-3_separator_mark\outputs\smoke_box_0008\review_manifest.json","E:\Code\Geocore_M0&1_Preprocessing\modules\M1-3_separator_mark\qa\legacy_outputs_20260714\smoke_box_0008\review_manifest.json","471","471","621F740C2C7FF9799AB23E723E5D05EE1C552AC4DAB0F29C7219B372F844FF24","621F740C2C7FF9799AB23E723E5D05EE1C552AC4DAB0F29C7219B372F844FF24","True","True","UNCHANGED"
"M040","M1-3","E:\Code\Geocore_M1-3_separator_mark\outputs\smoke_box_0008\segments.json","E:\Code\Geocore_M0&1_Preprocessing\modules\M1-3_separator_mark\qa\legacy_outputs_20260714\smoke_box_0008\segments.json","36111","36111","EECCF737B79F2E6E13EF2D4FE1FC26A4E3418BF31C39640D01644F6754606980","EECCF737B79F2E6E13EF2D4FE1FC26A4E3418BF31C39640D01644F6754606980","True","True","UNCHANGED"
"M040","M1-3","E:\Code\Geocore_M1-3_separator_mark\outputs\smoke_box_0008\strip_mapping.json","E:\Code\Geocore_M0&1_Preprocessing\modules\M1-3_separator_mark\qa\legacy_outputs_20260714\smoke_box_0008\strip_mapping.json","2347","2347","CB18F7E51DB1445037FD8C475DC68F86BA2D2B7D13211EE028061BB591F60E4D","CB18F7E51DB1445037FD8C475DC68F86BA2D2B7D13211EE028061BB591F60E4D","True","True","UNCHANGED"
"M040","M1-3","E:\Code\Geocore_M1-3_separator_mark\outputs\smoke_box_0008\lane_strips\lane_01.png","E:\Code\Geocore_M0&1_Preprocessing\modules\M1-3_separator_mark\qa\legacy_outputs_20260714\smoke_box_0008\lane_strips\lane_01.png","656210","656210","D81744936CD560F99087FE155950BC83233E4A5AB42D8F297BC57DAA6134622B","D81744936CD560F99087FE155950BC83233E4A5AB42D8F297BC57DAA6134622B","True","True","UNCHANGED"
"M040","M1-3","E:\Code\Geocore_M1-3_separator_mark\outputs\smoke_box_0008\lane_strips\lane_01_mask.png","E:\Code\Geocore_M0&1_Preprocessing\modules\M1-3_separator_mark\qa\legacy_outputs_20260714\smoke_box_0008\lane_strips\lane_01_mask.png","8151","8151","DE173B81B11B79E612F6F08CE23C396AEB246FE06239AF7617A97186AF312C68","DE173B81B11B79E612F6F08CE23C396AEB246FE06239AF7617A97186AF312C68","True","True","UNCHANGED"
"M040","M1-3","E:\Code\Geocore_M1-3_separator_mark\outputs\smoke_box_0008\lane_strips\lane_02.png","E:\Code\Geocore_M0&1_Preprocessing\modules\M1-3_separator_mark\qa\legacy_outputs_20260714\smoke_box_0008\lane_strips\lane_02.png","685217","685217","ABF060821DAF2EC4F4C377D4B5AF08AB1AF8732B75A5B863916622EB0C77840F","ABF060821DAF2EC4F4C377D4B5AF08AB1AF8732B75A5B863916622EB0C77840F","True","True","UNCHANGED"
"M040","M1-3","E:\Code\Geocore_M1-3_separator_mark\outputs\smoke_box_0008\lane_strips\lane_02_mask.png","E:\Code\Geocore_M0&1_Preprocessing\modules\M1-3_separator_mark\qa\legacy_outputs_20260714\smoke_box_0008\lane_strips\lane_02_mask.png","7609","7609","98330791D3CEBEBA8FC8D1AF3EB0720B7A51F73AB461E8569ACBC310EB9476C0","98330791D3CEBEBA8FC8D1AF3EB0720B7A51F73AB461E8569ACBC310EB9476C0","True","True","UNCHANGED"
"M040","M1-3","E:\Code\Geocore_M1-3_separator_mark\outputs\smoke_box_0008\lane_strips\lane_03.png","E:\Code\Geocore_M0&1_Preprocessing\modules\M1-3_separator_mark\qa\legacy_outputs_20260714\smoke_box_0008\lane_strips\lane_03.png","685327","685327","28147487480D595E3A031D81B96F3B6AFA5E8FA1D8E021FE7EE3F9106E2D6275","28147487480D595E3A031D81B96F3B6AFA5E8FA1D8E021FE7EE3F9106E2D6275","True","True","UNCHANGED"
"M040","M1-3","E:\Code\Geocore_M1-3_separator_mark\outputs\smoke_box_0008\lane_strips\lane_03_mask.png","E:\Code\Geocore_M0&1_Preprocessing\modules\M1-3_separator_mark\qa\legacy_outputs_20260714\smoke_box_0008\lane_strips\lane_03_mask.png","7954","7954","CBE624063377831D0F77D73B54EEF427EF42F2807C13009D2F445B13823BC651","CBE624063377831D0F77D73B54EEF427EF42F2807C13009D2F445B13823BC651","True","True","UNCHANGED"
"M040","M1-3","E:\Code\Geocore_M1-3_separator_mark\outputs\smoke_box_0008\lane_strips\lane_04.png","E:\Code\Geocore_M0&1_Preprocessing\modules\M1-3_separator_mark\qa\legacy_outputs_20260714\smoke_box_0008\lane_strips\lane_04.png","661022","661022","61B443B5A5201A44CBB3D560FE4CE663F2506C946A4F95CBFF0686FC0F38EA11","61B443B5A5201A44CBB3D560FE4CE663F2506C946A4F95CBFF0686FC0F38EA11","True","True","UNCHANGED"
"M040","M1-3","E:\Code\Geocore_M1-3_separator_mark\outputs\smoke_box_0008\lane_strips\lane_04_mask.png","E:\Code\Geocore_M0&1_Preprocessing\modules\M1-3_separator_mark\qa\legacy_outputs_20260714\smoke_box_0008\lane_strips\lane_04_mask.png","7604","7604","F4D01909E1ED75880BB29CBADCA408007410853C29A4E8C7CCCDF93E948BE857","F4D01909E1ED75880BB29CBADCA408007410853C29A4E8C7CCCDF93E948BE857","True","True","UNCHANGED"
"M040","M1-3","E:\Code\Geocore_M1-3_separator_mark\outputs\smoke_box_0008\lane_strips\lane_05.png","E:\Code\Geocore_M0&1_Preprocessing\modules\M1-3_separator_mark\qa\legacy_outputs_20260714\smoke_box_0008\lane_strips\lane_05.png","601197","601197","904ECC8E100DA338D48EEE11E811F5D8F3404AA23F688455A80784A9156D20BF","904ECC8E100DA338D48EEE11E811F5D8F3404AA23F688455A80784A9156D20BF","True","True","UNCHANGED"
"M040","M1-3","E:\Code\Geocore_M1-3_separator_mark\outputs\smoke_box_0008\lane_strips\lane_05_mask.png","E:\Code\Geocore_M0&1_Preprocessing\modules\M1-3_separator_mark\qa\legacy_outputs_20260714\smoke_box_0008\lane_strips\lane_05_mask.png","7760","7760","B3BCD910EBA70710DE155B45B5127C9C76566BFA1E230C8406D32B315F3E7123","B3BCD910EBA70710DE155B45B5127C9C76566BFA1E230C8406D32B315F3E7123","True","True","UNCHANGED"
"M040","M1-3","E:\Code\Geocore_M1-3_separator_mark\outputs\smoke_box_0008\segments\DH_SMOKE_0000.00_0000.10.png","E:\Code\Geocore_M0&1_Preprocessing\modules\M1-3_separator_mark\qa\legacy_outputs_20260714\smoke_box_0008\segments\DH_SMOKE_0000.00_0000.10.png","64519","64519","77F2309DEC4F4220B774981CF58F07040947C54018C504DE69A06FAAE5F540BF","77F2309DEC4F4220B774981CF58F07040947C54018C504DE69A06FAAE5F540BF","True","True","UNCHANGED"
"M040","M1-3","E:\Code\Geocore_M1-3_separator_mark\outputs\smoke_box_0008\segments\DH_SMOKE_0000.00_0000.10_mask.png","E:\Code\Geocore_M0&1_Preprocessing\modules\M1-3_separator_mark\qa\legacy_outputs_20260714\smoke_box_0008\segments\DH_SMOKE_0000.00_0000.10_mask.png","969","969","8B6657958B256E650914BDE377BBD0514E8F194D77312997B9F7134E8E1A2063","8B6657958B256E650914BDE377BBD0514E8F194D77312997B9F7134E8E1A2063","True","True","UNCHANGED"
"M040","M1-3","E:\Code\Geocore_M1-3_separator_mark\outputs\smoke_box_0008\segments\DH_SMOKE_0000.10_0000.20.png","E:\Code\Geocore_M0&1_Preprocessing\modules\M1-3_separator_mark\qa\legacy_outputs_20260714\smoke_box_0008\segments\DH_SMOKE_0000.10_0000.20.png","64506","64506","20B000BE9734E68E64C69CD04EF1C6E08ECB85B63BB65B08BF72CFBB489A6A5E","20B000BE9734E68E64C69CD04EF1C6E08ECB85B63BB65B08BF72CFBB489A6A5E","True","True","UNCHANGED"
"M040","M1-3","E:\Code\Geocore_M1-3_separator_mark\outputs\smoke_box_0008\segments\DH_SMOKE_0000.10_0000.20_mask.png","E:\Code\Geocore_M0&1_Preprocessing\modules\M1-3_separator_mark\qa\legacy_outputs_20260714\smoke_box_0008\segments\DH_SMOKE_0000.10_0000.20_mask.png","901","901","D32EF97E8EDA7300B782A5A56DD36753D9CE71571DD91B931051C1F60A8CFA79","D32EF97E8EDA7300B782A5A56DD36753D9CE71571DD91B931051C1F60A8CFA79","True","True","UNCHANGED"
"M040","M1-3","E:\Code\Geocore_M1-3_separator_mark\outputs\smoke_box_0008\segments\DH_SMOKE_0000.20_0000.30.png","E:\Code\Geocore_M0&1_Preprocessing\modules\M1-3_separator_mark\qa\legacy_outputs_20260714\smoke_box_0008\segments\DH_SMOKE_0000.20_0000.30.png","66521","66521","49261CB21003AAB7EABE46B79CE90E895772723D682FA5F24828790A0FA18EAE","49261CB21003AAB7EABE46B79CE90E895772723D682FA5F24828790A0FA18EAE","True","True","UNCHANGED"
"M040","M1-3","E:\Code\Geocore_M1-3_separator_mark\outputs\smoke_box_0008\segments\DH_SMOKE_0000.20_0000.30_mask.png","E:\Code\Geocore_M0&1_Preprocessing\modules\M1-3_separator_mark\qa\legacy_outputs_20260714\smoke_box_0008\segments\DH_SMOKE_0000.20_0000.30_mask.png","796","796","191A0C23628BA030107E278651515D17526AF8BADC13DF5F9678EF4908DF0914","191A0C23628BA030107E278651515D17526AF8BADC13DF5F9678EF4908DF0914","True","True","UNCHANGED"
"M040","M1-3","E:\Code\Geocore_M1-3_separator_mark\outputs\smoke_box_0008\segments\DH_SMOKE_0000.30_0000.40.png","E:\Code\Geocore_M0&1_Preprocessing\modules\M1-3_separator_mark\qa\legacy_outputs_20260714\smoke_box_0008\segments\DH_SMOKE_0000.30_0000.40.png","67644","67644","FD1FBDD96FE51F69CD63926A0B7091718103C1E4AE192661AA60AEBB3838F48A","FD1FBDD96FE51F69CD63926A0B7091718103C1E4AE192661AA60AEBB3838F48A","True","True","UNCHANGED"
"M040","M1-3","E:\Code\Geocore_M1-3_separator_mark\outputs\smoke_box_0008\segments\DH_SMOKE_0000.30_0000.40_mask.png","E:\Code\Geocore_M0&1_Preprocessing\modules\M1-3_separator_mark\qa\legacy_outputs_20260714\smoke_box_0008\segments\DH_SMOKE_0000.30_0000.40_mask.png","887","887","9FF98FCFE27E72E56DD9DE26B88EBCD0A8386C870A345A6BA2096ED2E5B394F8","9FF98FCFE27E72E56DD9DE26B88EBCD0A8386C870A345A6BA2096ED2E5B394F8","True","True","UNCHANGED"
"M040","M1-3","E:\Code\Geocore_M1-3_separator_mark\outputs\smoke_box_0008\segments\DH_SMOKE_0000.40_0000.50.png","E:\Code\Geocore_M0&1_Preprocessing\modules\M1-3_separator_mark\qa\legacy_outputs_20260714\smoke_box_0008\segments\DH_SMOKE_0000.40_0000.50.png","67574","67574","E054B4C50EDD45955E599796EF2BF38BF0971361B318AF062D1B84980E9CAC5E","E054B4C50EDD45955E599796EF2BF38BF0971361B318AF062D1B84980E9CAC5E","True","True","UNCHANGED"
"M040","M1-3","E:\Code\Geocore_M1-3_separator_mark\outputs\smoke_box_0008\segments\DH_SMOKE_0000.40_0000.50_mask.png","E:\Code\Geocore_M0&1_Preprocessing\modules\M1-3_separator_mark\qa\legacy_outputs_20260714\smoke_box_0008\segments\DH_SMOKE_0000.40_0000.50_mask.png","1137","1137","CC0E79E973DC4E60A0C0E80F97C93CA947E74E35B77A5CBAF0E6190192B57CFE","CC0E79E973DC4E60A0C0E80F97C93CA947E74E35B77A5CBAF0E6190192B57CFE","True","True","UNCHANGED"
"M040","M1-3","E:\Code\Geocore_M1-3_separator_mark\outputs\smoke_box_0008\segments\DH_SMOKE_0000.50_0000.60.png","E:\Code\Geocore_M0&1_Preprocessing\modules\M1-3_separator_mark\qa\legacy_outputs_20260714\smoke_box_0008\segments\DH_SMOKE_0000.50_0000.60.png","65201","65201","E5B4AAEE37B5DB83FD307B469A5C272577A235EADE77DB88598FEE5D74DBF29B","E5B4AAEE37B5DB83FD307B469A5C272577A235EADE77DB88598FEE5D74DBF29B","True","True","UNCHANGED"
"M040","M1-3","E:\Code\Geocore_M1-3_separator_mark\outputs\smoke_box_0008\segments\DH_SMOKE_0000.50_0000.60_mask.png","E:\Code\Geocore_M0&1_Preprocessing\modules\M1-3_separator_mark\qa\legacy_outputs_20260714\smoke_box_0008\segments\DH_SMOKE_0000.50_0000.60_mask.png","788","788","74DC66E580F0261626F7BABC4463A2F35560765CEA6B6E5C0E1A321AEB2EA46C","74DC66E580F0261626F7BABC4463A2F35560765CEA6B6E5C0E1A321AEB2EA46C","True","True","UNCHANGED"
"M040","M1-3","E:\Code\Geocore_M1-3_separator_mark\outputs\smoke_box_0008\segments\DH_SMOKE_0000.60_0000.70.png","E:\Code\Geocore_M0&1_Preprocessing\modules\M1-3_separator_mark\qa\legacy_outputs_20260714\smoke_box_0008\segments\DH_SMOKE_0000.60_0000.70.png","65896","65896","B2C34D756FAB22DA7D0BC86E8117866486F78440259DA5AF2C2901D5B0704AD6","B2C34D756FAB22DA7D0BC86E8117866486F78440259DA5AF2C2901D5B0704AD6","True","True","UNCHANGED"
"M040","M1-3","E:\Code\Geocore_M1-3_separator_mark\outputs\smoke_box_0008\segments\DH_SMOKE_0000.60_0000.70_mask.png","E:\Code\Geocore_M0&1_Preprocessing\modules\M1-3_separator_mark\qa\legacy_outputs_20260714\smoke_box_0008\segments\DH_SMOKE_0000.60_0000.70_mask.png","1028","1028","F638B715E1F4B5C61D9B9560215D4E10CF4A482E88EFD0F4DB7FDAAD08A52BFB","F638B715E1F4B5C61D9B9560215D4E10CF4A482E88EFD0F4DB7FDAAD08A52BFB","True","True","UNCHANGED"
"M040","M1-3","E:\Code\Geocore_M1-3_separator_mark\outputs\smoke_box_0008\segments\DH_SMOKE_0000.70_0000.80.png","E:\Code\Geocore_M0&1_Preprocessing\modules\M1-3_separator_mark\qa\legacy_outputs_20260714\smoke_box_0008\segments\DH_SMOKE_0000.70_0000.80.png","65848","65848","F4B957DE7CE586EC21F13EFD82F11504B8CF40FF3D80EBDD37101B8E6D19B429","F4B957DE7CE586EC21F13EFD82F11504B8CF40FF3D80EBDD37101B8E6D19B429","True","True","UNCHANGED"
"M040","M1-3","E:\Code\Geocore_M1-3_separator_mark\outputs\smoke_box_0008\segments\DH_SMOKE_0000.70_0000.80_mask.png","E:\Code\Geocore_M0&1_Preprocessing\modules\M1-3_separator_mark\qa\legacy_outputs_20260714\smoke_box_0008\segments\DH_SMOKE_0000.70_0000.80_mask.png","954","954","63BCA0CC94E88001C2EE3A89AB10302E33992B8CAE017F308B635CA0DD3D4DC6","63BCA0CC94E88001C2EE3A89AB10302E33992B8CAE017F308B635CA0DD3D4DC6","True","True","UNCHANGED"
"M040","M1-3","E:\Code\Geocore_M1-3_separator_mark\outputs\smoke_box_0008\segments\DH_SMOKE_0000.80_0000.90.png","E:\Code\Geocore_M0&1_Preprocessing\modules\M1-3_separator_mark\qa\legacy_outputs_20260714\smoke_box_0008\segments\DH_SMOKE_0000.80_0000.90.png","65744","65744","3D2DAEA147C842B93739EA91FC0DF569B36072B02092E0033E379C9B254D8A2C","3D2DAEA147C842B93739EA91FC0DF569B36072B02092E0033E379C9B254D8A2C","True","True","UNCHANGED"
"M040","M1-3","E:\Code\Geocore_M1-3_separator_mark\outputs\smoke_box_0008\segments\DH_SMOKE_0000.80_0000.90_mask.png","E:\Code\Geocore_M0&1_Preprocessing\modules\M1-3_separator_mark\qa\legacy_outputs_20260714\smoke_box_0008\segments\DH_SMOKE_0000.80_0000.90_mask.png","820","820","22B16DFFF66E57FE54000D5E5044AB09CD031BE312A42D539B872E3F89466D97","22B16DFFF66E57FE54000D5E5044AB09CD031BE312A42D539B872E3F89466D97","True","True","UNCHANGED"
"M040","M1-3","E:\Code\Geocore_M1-3_separator_mark\outputs\smoke_box_0008\segments\DH_SMOKE_0000.90_0001.00.png","E:\Code\Geocore_M0&1_Preprocessing\modules\M1-3_separator_mark\qa\legacy_outputs_20260714\smoke_box_0008\segments\DH_SMOKE_0000.90_0001.00.png","68373","68373","E4C14B3BB01F5F95E331E0B31727ECD471FEB681D52A96669FB4CFF6EE06A445","E4C14B3BB01F5F95E331E0B31727ECD471FEB681D52A96669FB4CFF6EE06A445","True","True","UNCHANGED"
"M040","M1-3","E:\Code\Geocore_M1-3_separator_mark\outputs\smoke_box_0008\segments\DH_SMOKE_0000.90_0001.00_mask.png","E:\Code\Geocore_M0&1_Preprocessing\modules\M1-3_separator_mark\qa\legacy_outputs_20260714\smoke_box_0008\segments\DH_SMOKE_0000.90_0001.00_mask.png","702","702","F2D4F21257F5D8C7E0BC20877B32B18EBA6A6F5B52492485A25C06A19AB953D9","F2D4F21257F5D8C7E0BC20877B32B18EBA6A6F5B52492485A25C06A19AB953D9","True","True","UNCHANGED"
"M040","M1-3","E:\Code\Geocore_M1-3_separator_mark\outputs\smoke_box_0008\segments\DH_SMOKE_0001.00_0001.10.png","E:\Code\Geocore_M0&1_Preprocessing\modules\M1-3_separator_mark\qa\legacy_outputs_20260714\smoke_box_0008\segments\DH_SMOKE_0001.00_0001.10.png","71406","71406","40E1E868999D8EBCB21B2EE60B8C4333E45FA14AC913C167E25A370A02EAC725","40E1E868999D8EBCB21B2EE60B8C4333E45FA14AC913C167E25A370A02EAC725","True","True","UNCHANGED"
"M040","M1-3","E:\Code\Geocore_M1-3_separator_mark\outputs\smoke_box_0008\segments\DH_SMOKE_0001.00_0001.10_mask.png","E:\Code\Geocore_M0&1_Preprocessing\modules\M1-3_separator_mark\qa\legacy_outputs_20260714\smoke_box_0008\segments\DH_SMOKE_0001.00_0001.10_mask.png","955","955","8839BD756ED67C41FBFBD116C3FFF84C460BF76489A95D6818494DEFF860B34E","8839BD756ED67C41FBFBD116C3FFF84C460BF76489A95D6818494DEFF860B34E","True","True","UNCHANGED"
"M040","M1-3","E:\Code\Geocore_M1-3_separator_mark\outputs\smoke_box_0008\segments\DH_SMOKE_0001.10_0001.20.png","E:\Code\Geocore_M0&1_Preprocessing\modules\M1-3_separator_mark\qa\legacy_outputs_20260714\smoke_box_0008\segments\DH_SMOKE_0001.10_0001.20.png","67995","67995","E0220A9D6A2415521B6FF779F9B89F49EF2CB99FDC56D7A5844CDAAFC27EAA0D","E0220A9D6A2415521B6FF779F9B89F49EF2CB99FDC56D7A5844CDAAFC27EAA0D","True","True","UNCHANGED"
"M040","M1-3","E:\Code\Geocore_M1-3_separator_mark\outputs\smoke_box_0008\segments\DH_SMOKE_0001.10_0001.20_mask.png","E:\Code\Geocore_M0&1_Preprocessing\modules\M1-3_separator_mark\qa\legacy_outputs_20260714\smoke_box_0008\segments\DH_SMOKE_0001.10_0001.20_mask.png","763","763","C85BB801FBB5DA59BDCE70A9F8A246D8D5828C4A863AA61B69592DC15F8F41DE","C85BB801FBB5DA59BDCE70A9F8A246D8D5828C4A863AA61B69592DC15F8F41DE","True","True","UNCHANGED"
"M040","M1-3","E:\Code\Geocore_M1-3_separator_mark\outputs\smoke_box_0008\segments\DH_SMOKE_0001.20_0001.30.png","E:\Code\Geocore_M0&1_Preprocessing\modules\M1-3_separator_mark\qa\legacy_outputs_20260714\smoke_box_0008\segments\DH_SMOKE_0001.20_0001.30.png","72175","72175","FAC45639A044C948C74A2B5C3C77A164D836ECFDC0D7B61289BB9A8174474066","FAC45639A044C948C74A2B5C3C77A164D836ECFDC0D7B61289BB9A8174474066","True","True","UNCHANGED"
"M040","M1-3","E:\Code\Geocore_M1-3_separator_mark\outputs\smoke_box_0008\segments\DH_SMOKE_0001.20_0001.30_mask.png","E:\Code\Geocore_M0&1_Preprocessing\modules\M1-3_separator_mark\qa\legacy_outputs_20260714\smoke_box_0008\segments\DH_SMOKE_0001.20_0001.30_mask.png","857","857","4B43447D5924CE5DCEF72FBA8045A15D05D865B53B63B45BC89ADD92DFD6021F","4B43447D5924CE5DCEF72FBA8045A15D05D865B53B63B45BC89ADD92DFD6021F","True","True","UNCHANGED"
"M040","M1-3","E:\Code\Geocore_M1-3_separator_mark\outputs\smoke_box_0008\segments\DH_SMOKE_0001.30_0001.40.png","E:\Code\Geocore_M0&1_Preprocessing\modules\M1-3_separator_mark\qa\legacy_outputs_20260714\smoke_box_0008\segments\DH_SMOKE_0001.30_0001.40.png","70495","70495","2896D98C8AF1B34EF0D026E4A467E2C5179AE282FD15CA063FCF7144CDD31330","2896D98C8AF1B34EF0D026E4A467E2C5179AE282FD15CA063FCF7144CDD31330","True","True","UNCHANGED"
"M040","M1-3","E:\Code\Geocore_M1-3_separator_mark\outputs\smoke_box_0008\segments\DH_SMOKE_0001.30_0001.40_mask.png","E:\Code\Geocore_M0&1_Preprocessing\modules\M1-3_separator_mark\qa\legacy_outputs_20260714\smoke_box_0008\segments\DH_SMOKE_0001.30_0001.40_mask.png","907","907","1FC2587E3C924559D1DC572E9B7254ACFD60AC622B585121CE92C32C8BBDE338","1FC2587E3C924559D1DC572E9B7254ACFD60AC622B585121CE92C32C8BBDE338","True","True","UNCHANGED"
"M040","M1-3","E:\Code\Geocore_M1-3_separator_mark\outputs\smoke_box_0008\segments\DH_SMOKE_0001.40_0001.50.png","E:\Code\Geocore_M0&1_Preprocessing\modules\M1-3_separator_mark\qa\legacy_outputs_20260714\smoke_box_0008\segments\DH_SMOKE_0001.40_0001.50.png","65202","65202","6D7CD1C66B1C5460252536E4D3791E8A93B1C38A2069D1BAE2F036AAA4FDDE8F","6D7CD1C66B1C5460252536E4D3791E8A93B1C38A2069D1BAE2F036AAA4FDDE8F","True","True","UNCHANGED"
"M040","M1-3","E:\Code\Geocore_M1-3_separator_mark\outputs\smoke_box_0008\segments\DH_SMOKE_0001.40_0001.50_mask.png","E:\Code\Geocore_M0&1_Preprocessing\modules\M1-3_separator_mark\qa\legacy_outputs_20260714\smoke_box_0008\segments\DH_SMOKE_0001.40_0001.50_mask.png","703","703","2CEE069DA452678792D6B0F5D14FFCAB5420A6D0254FD6CA2EF3A0162EF1B139","2CEE069DA452678792D6B0F5D14FFCAB5420A6D0254FD6CA2EF3A0162EF1B139","True","True","UNCHANGED"
"M040","M1-3","E:\Code\Geocore_M1-3_separator_mark\outputs\smoke_box_0008\segments\DH_SMOKE_0001.50_0001.60.png","E:\Code\Geocore_M0&1_Preprocessing\modules\M1-3_separator_mark\qa\legacy_outputs_20260714\smoke_box_0008\segments\DH_SMOKE_0001.50_0001.60.png","64132","64132","EEA57C5BF04C05677D7D56F019E0FC9D29C3B4930987DEDF60261FE599D0A146","EEA57C5BF04C05677D7D56F019E0FC9D29C3B4930987DEDF60261FE599D0A146","True","True","UNCHANGED"
"M040","M1-3","E:\Code\Geocore_M1-3_separator_mark\outputs\smoke_box_0008\segments\DH_SMOKE_0001.50_0001.60_mask.png","E:\Code\Geocore_M0&1_Preprocessing\modules\M1-3_separator_mark\qa\legacy_outputs_20260714\smoke_box_0008\segments\DH_SMOKE_0001.50_0001.60_mask.png","697","697","0EB54A4744AB8BDF5BCD6BDD5A9012062FA9F8F0C2130ACC50C179A2E74A0228","0EB54A4744AB8BDF5BCD6BDD5A9012062FA9F8F0C2130ACC50C179A2E74A0228","True","True","UNCHANGED"
"M040","M1-3","E:\Code\Geocore_M1-3_separator_mark\outputs\smoke_box_0008\segments\DH_SMOKE_0001.60_0001.70.png","E:\Code\Geocore_M0&1_Preprocessing\modules\M1-3_separator_mark\qa\legacy_outputs_20260714\smoke_box_0008\segments\DH_SMOKE_0001.60_0001.70.png","68270","68270","7FC4A30E13FE61697505D3CEAB580DE02EB796AF4717634741E2956879EE2595","7FC4A30E13FE61697505D3CEAB580DE02EB796AF4717634741E2956879EE2595","True","True","UNCHANGED"
"M040","M1-3","E:\Code\Geocore_M1-3_separator_mark\outputs\smoke_box_0008\segments\DH_SMOKE_0001.60_0001.70_mask.png","E:\Code\Geocore_M0&1_Preprocessing\modules\M1-3_separator_mark\qa\legacy_outputs_20260714\smoke_box_0008\segments\DH_SMOKE_0001.60_0001.70_mask.png","782","782","5EDDB3314EFE9956FE148B84FF186A54C7275CCDAF55552A809433883A84FA0D","5EDDB3314EFE9956FE148B84FF186A54C7275CCDAF55552A809433883A84FA0D","True","True","UNCHANGED"
"M040","M1-3","E:\Code\Geocore_M1-3_separator_mark\outputs\smoke_box_0008\segments\DH_SMOKE_0001.70_0001.80.png","E:\Code\Geocore_M0&1_Preprocessing\modules\M1-3_separator_mark\qa\legacy_outputs_20260714\smoke_box_0008\segments\DH_SMOKE_0001.70_0001.80.png","65496","65496","69DD8D5EDC57A311A774C2CBD6BA1E361124A5F607B1543C2DFF34E90AE141C8","69DD8D5EDC57A311A774C2CBD6BA1E361124A5F607B1543C2DFF34E90AE141C8","True","True","UNCHANGED"
"M040","M1-3","E:\Code\Geocore_M1-3_separator_mark\outputs\smoke_box_0008\segments\DH_SMOKE_0001.70_0001.80_mask.png","E:\Code\Geocore_M0&1_Preprocessing\modules\M1-3_separator_mark\qa\legacy_outputs_20260714\smoke_box_0008\segments\DH_SMOKE_0001.70_0001.80_mask.png","693","693","26A6AE9D59CD92FE77D4BD34B2EAEC56B4F1B2B1023EE9744D498B9D20E4A945","26A6AE9D59CD92FE77D4BD34B2EAEC56B4F1B2B1023EE9744D498B9D20E4A945","True","True","UNCHANGED"
"M040","M1-3","E:\Code\Geocore_M1-3_separator_mark\outputs\smoke_box_0008\segments\DH_SMOKE_0001.80_0001.90.png","E:\Code\Geocore_M0&1_Preprocessing\modules\M1-3_separator_mark\qa\legacy_outputs_20260714\smoke_box_0008\segments\DH_SMOKE_0001.80_0001.90.png","67869","67869","2BF6AD5A9E52DD87C53A0423A2B41798A292DDCFEDDDC94C2BD3A81B8C27913D","2BF6AD5A9E52DD87C53A0423A2B41798A292DDCFEDDDC94C2BD3A81B8C27913D","True","True","UNCHANGED"
"M040","M1-3","E:\Code\Geocore_M1-3_separator_mark\outputs\smoke_box_0008\segments\DH_SMOKE_0001.80_0001.90_mask.png","E:\Code\Geocore_M0&1_Preprocessing\modules\M1-3_separator_mark\qa\legacy_outputs_20260714\smoke_box_0008\segments\DH_SMOKE_0001.80_0001.90_mask.png","909","909","61AE304A7F552BD318D16C98DA8930B8EF9395A52AFD98FEDE6792F21444AF02","61AE304A7F552BD318D16C98DA8930B8EF9395A52AFD98FEDE6792F21444AF02","True","True","UNCHANGED"
"M040","M1-3","E:\Code\Geocore_M1-3_separator_mark\outputs\smoke_box_0008\segments\DH_SMOKE_0001.90_0002.00.png","E:\Code\Geocore_M0&1_Preprocessing\modules\M1-3_separator_mark\qa\legacy_outputs_20260714\smoke_box_0008\segments\DH_SMOKE_0001.90_0002.00.png","67811","67811","21AE8AF7A68D4799C67FCBB2BB9FD9D1D2F5FDEC682D78120CC30AD44148602E","21AE8AF7A68D4799C67FCBB2BB9FD9D1D2F5FDEC682D78120CC30AD44148602E","True","True","UNCHANGED"
"M040","M1-3","E:\Code\Geocore_M1-3_separator_mark\outputs\smoke_box_0008\segments\DH_SMOKE_0001.90_0002.00_mask.png","E:\Code\Geocore_M0&1_Preprocessing\modules\M1-3_separator_mark\qa\legacy_outputs_20260714\smoke_box_0008\segments\DH_SMOKE_0001.90_0002.00_mask.png","804","804","B3A1854FEA25D22C0054634D7B6883AE039BC58A83EC92992C5480B859BD0C92","B3A1854FEA25D22C0054634D7B6883AE039BC58A83EC92992C5480B859BD0C92","True","True","UNCHANGED"
"M040","M1-3","E:\Code\Geocore_M1-3_separator_mark\outputs\smoke_box_0008\segments\DH_SMOKE_0002.00_0002.10.png","E:\Code\Geocore_M0&1_Preprocessing\modules\M1-3_separator_mark\qa\legacy_outputs_20260714\smoke_box_0008\segments\DH_SMOKE_0002.00_0002.10.png","76279","76279","C9DABDC4AE64610A1BD8B98443E57329AF178EF59114D5ABF1123D77A35DD4D5","C9DABDC4AE64610A1BD8B98443E57329AF178EF59114D5ABF1123D77A35DD4D5","True","True","UNCHANGED"
"M040","M1-3","E:\Code\Geocore_M1-3_separator_mark\outputs\smoke_box_0008\segments\DH_SMOKE_0002.00_0002.10_mask.png","E:\Code\Geocore_M0&1_Preprocessing\modules\M1-3_separator_mark\qa\legacy_outputs_20260714\smoke_box_0008\segments\DH_SMOKE_0002.00_0002.10_mask.png","1038","1038","B1B5BC9193A32024BE87BC9D3776BA74500A7BD9A9067F33D01FC9064569E400","B1B5BC9193A32024BE87BC9D3776BA74500A7BD9A9067F33D01FC9064569E400","True","True","UNCHANGED"
"M040","M1-3","E:\Code\Geocore_M1-3_separator_mark\outputs\smoke_box_0008\segments\DH_SMOKE_0002.10_0002.20.png","E:\Code\Geocore_M0&1_Preprocessing\modules\M1-3_separator_mark\qa\legacy_outputs_20260714\smoke_box_0008\segments\DH_SMOKE_0002.10_0002.20.png","70212","70212","C92C729AF8CC747E8D2E1E40D3C6EF38DBAC28E4A988FEEC688C166A26DB9C1A","C92C729AF8CC747E8D2E1E40D3C6EF38DBAC28E4A988FEEC688C166A26DB9C1A","True","True","UNCHANGED"
"M040","M1-3","E:\Code\Geocore_M1-3_separator_mark\outputs\smoke_box_0008\segments\DH_SMOKE_0002.10_0002.20_mask.png","E:\Code\Geocore_M0&1_Preprocessing\modules\M1-3_separator_mark\qa\legacy_outputs_20260714\smoke_box_0008\segments\DH_SMOKE_0002.10_0002.20_mask.png","888","888","596D89A5D081E094183702E441E34B01276C493C6DA79AFF55373A20B053001C","596D89A5D081E094183702E441E34B01276C493C6DA79AFF55373A20B053001C","True","True","UNCHANGED"
"M040","M1-3","E:\Code\Geocore_M1-3_separator_mark\outputs\smoke_box_0008\segments\DH_SMOKE_0002.20_0002.30.png","E:\Code\Geocore_M0&1_Preprocessing\modules\M1-3_separator_mark\qa\legacy_outputs_20260714\smoke_box_0008\segments\DH_SMOKE_0002.20_0002.30.png","69140","69140","3072418051FFE336B604F4CC60213016550DE0239EF36F6B728E8A79D8C5DBAF","3072418051FFE336B604F4CC60213016550DE0239EF36F6B728E8A79D8C5DBAF","True","True","UNCHANGED"
"M040","M1-3","E:\Code\Geocore_M1-3_separator_mark\outputs\smoke_box_0008\segments\DH_SMOKE_0002.20_0002.30_mask.png","E:\Code\Geocore_M0&1_Preprocessing\modules\M1-3_separator_mark\qa\legacy_outputs_20260714\smoke_box_0008\segments\DH_SMOKE_0002.20_0002.30_mask.png","807","807","B1512DCC77AAD2196380214A8124C248CC44B3632943B6AE954B878281E82E37","B1512DCC77AAD2196380214A8124C248CC44B3632943B6AE954B878281E82E37","True","True","UNCHANGED"
"M040","M1-3","E:\Code\Geocore_M1-3_separator_mark\outputs\smoke_box_0008\segments\DH_SMOKE_0002.30_0002.40.png","E:\Code\Geocore_M0&1_Preprocessing\modules\M1-3_separator_mark\qa\legacy_outputs_20260714\smoke_box_0008\segments\DH_SMOKE_0002.30_0002.40.png","67904","67904","AD18A24FE20FD4FBB02D433065DB9C710BEB86138B7292FDB9B9FF2192459D51","AD18A24FE20FD4FBB02D433065DB9C710BEB86138B7292FDB9B9FF2192459D51","True","True","UNCHANGED"
"M040","M1-3","E:\Code\Geocore_M1-3_separator_mark\outputs\smoke_box_0008\segments\DH_SMOKE_0002.30_0002.40_mask.png","E:\Code\Geocore_M0&1_Preprocessing\modules\M1-3_separator_mark\qa\legacy_outputs_20260714\smoke_box_0008\segments\DH_SMOKE_0002.30_0002.40_mask.png","949","949","F9FA14D9451F9913CA53B3583F7ACFA4513DEF4D3B9BF490B190AC12A54BD4AB","F9FA14D9451F9913CA53B3583F7ACFA4513DEF4D3B9BF490B190AC12A54BD4AB","True","True","UNCHANGED"
"M040","M1-3","E:\Code\Geocore_M1-3_separator_mark\outputs\smoke_box_0008\segments\DH_SMOKE_0002.40_0002.50.png","E:\Code\Geocore_M0&1_Preprocessing\modules\M1-3_separator_mark\qa\legacy_outputs_20260714\smoke_box_0008\segments\DH_SMOKE_0002.40_0002.50.png","69919","69919","06BA7BA02ED41CA830C2897D0B4B07F8E1B8E0018DAB3EBD8237DF85767278FF","06BA7BA02ED41CA830C2897D0B4B07F8E1B8E0018DAB3EBD8237DF85767278FF","True","True","UNCHANGED"
"M040","M1-3","E:\Code\Geocore_M1-3_separator_mark\outputs\smoke_box_0008\segments\DH_SMOKE_0002.40_0002.50_mask.png","E:\Code\Geocore_M0&1_Preprocessing\modules\M1-3_separator_mark\qa\legacy_outputs_20260714\smoke_box_0008\segments\DH_SMOKE_0002.40_0002.50_mask.png","1145","1145","4CEB574B9B646E954BE2F45F78AEF8FC6F72113933951FE1998C1C663CD6DFB6","4CEB574B9B646E954BE2F45F78AEF8FC6F72113933951FE1998C1C663CD6DFB6","True","True","UNCHANGED"
"M040","M1-3","E:\Code\Geocore_M1-3_separator_mark\outputs\smoke_box_0008\segments\DH_SMOKE_0002.50_0002.60.png","E:\Code\Geocore_M0&1_Preprocessing\modules\M1-3_separator_mark\qa\legacy_outputs_20260714\smoke_box_0008\segments\DH_SMOKE_0002.50_0002.60.png","69352","69352","11BBA4F840ECAAE5B40AA08162C35BBF157736A0010269814EDBD60BDD791F1C","11BBA4F840ECAAE5B40AA08162C35BBF157736A0010269814EDBD60BDD791F1C","True","True","UNCHANGED"
"M040","M1-3","E:\Code\Geocore_M1-3_separator_mark\outputs\smoke_box_0008\segments\DH_SMOKE_0002.50_0002.60_mask.png","E:\Code\Geocore_M0&1_Preprocessing\modules\M1-3_separator_mark\qa\legacy_outputs_20260714\smoke_box_0008\segments\DH_SMOKE_0002.50_0002.60_mask.png","754","754","78C373149A873316B2D1FA2D1B6E4C57B1A5F3BBB53F1CC4A7DED8AF1C2DBDF8","78C373149A873316B2D1FA2D1B6E4C57B1A5F3BBB53F1CC4A7DED8AF1C2DBDF8","True","True","UNCHANGED"
"M040","M1-3","E:\Code\Geocore_M1-3_separator_mark\outputs\smoke_box_0008\segments\DH_SMOKE_0002.60_0002.70.png","E:\Code\Geocore_M0&1_Preprocessing\modules\M1-3_separator_mark\qa\legacy_outputs_20260714\smoke_box_0008\segments\DH_SMOKE_0002.60_0002.70.png","70649","70649","0555949EFB3C87CD610CA37236AC52EFDB0633A1AD4000BB55F70DF048375FC8","0555949EFB3C87CD610CA37236AC52EFDB0633A1AD4000BB55F70DF048375FC8","True","True","UNCHANGED"
"M040","M1-3","E:\Code\Geocore_M1-3_separator_mark\outputs\smoke_box_0008\segments\DH_SMOKE_0002.60_0002.70_mask.png","E:\Code\Geocore_M0&1_Preprocessing\modules\M1-3_separator_mark\qa\legacy_outputs_20260714\smoke_box_0008\segments\DH_SMOKE_0002.60_0002.70_mask.png","791","791","13BE9239F7658D2D544EB82B39FF3F67B10B50DD9DACF055B37DAC9D0083A3E6","13BE9239F7658D2D544EB82B39FF3F67B10B50DD9DACF055B37DAC9D0083A3E6","True","True","UNCHANGED"
"M040","M1-3","E:\Code\Geocore_M1-3_separator_mark\outputs\smoke_box_0008\segments\DH_SMOKE_0002.70_0002.80.png","E:\Code\Geocore_M0&1_Preprocessing\modules\M1-3_separator_mark\qa\legacy_outputs_20260714\smoke_box_0008\segments\DH_SMOKE_0002.70_0002.80.png","70347","70347","1888E1D12D160B2963882B47DA4761E74E9EABB727F4C48886C07AAF3A56C190","1888E1D12D160B2963882B47DA4761E74E9EABB727F4C48886C07AAF3A56C190","True","True","UNCHANGED"
"M040","M1-3","E:\Code\Geocore_M1-3_separator_mark\outputs\smoke_box_0008\segments\DH_SMOKE_0002.70_0002.80_mask.png","E:\Code\Geocore_M0&1_Preprocessing\modules\M1-3_separator_mark\qa\legacy_outputs_20260714\smoke_box_0008\segments\DH_SMOKE_0002.70_0002.80_mask.png","684","684","6E9036C2912C1E5337DEA163B0116E429DBFAC5188DC65B3115FB714813F37E4","6E9036C2912C1E5337DEA163B0116E429DBFAC5188DC65B3115FB714813F37E4","True","True","UNCHANGED"
"M040","M1-3","E:\Code\Geocore_M1-3_separator_mark\outputs\smoke_box_0008\segments\DH_SMOKE_0002.80_0002.90.png","E:\Code\Geocore_M0&1_Preprocessing\modules\M1-3_separator_mark\qa\legacy_outputs_20260714\smoke_box_0008\segments\DH_SMOKE_0002.80_0002.90.png","67915","67915","565A11AB54BA86627B5B7E690D7F75536D00753DBF79A03CD6F730174387D4AA","565A11AB54BA86627B5B7E690D7F75536D00753DBF79A03CD6F730174387D4AA","True","True","UNCHANGED"
"M040","M1-3","E:\Code\Geocore_M1-3_separator_mark\outputs\smoke_box_0008\segments\DH_SMOKE_0002.80_0002.90_mask.png","E:\Code\Geocore_M0&1_Preprocessing\modules\M1-3_separator_mark\qa\legacy_outputs_20260714\smoke_box_0008\segments\DH_SMOKE_0002.80_0002.90_mask.png","843","843","EA3989326452676C0F50A986A0311E554693788F1F2C16A9E183DB0F4CB73082","EA3989326452676C0F50A986A0311E554693788F1F2C16A9E183DB0F4CB73082","True","True","UNCHANGED"
"M040","M1-3","E:\Code\Geocore_M1-3_separator_mark\outputs\smoke_box_0008\segments\DH_SMOKE_0002.90_0003.00.png","E:\Code\Geocore_M0&1_Preprocessing\modules\M1-3_separator_mark\qa\legacy_outputs_20260714\smoke_box_0008\segments\DH_SMOKE_0002.90_0003.00.png","66136","66136","44E312DA13F59B44FF986D84D08EB29FDCA2A36412A440F4D3E2793F86676549","44E312DA13F59B44FF986D84D08EB29FDCA2A36412A440F4D3E2793F86676549","True","True","UNCHANGED"
"M040","M1-3","E:\Code\Geocore_M1-3_separator_mark\outputs\smoke_box_0008\segments\DH_SMOKE_0002.90_0003.00_mask.png","E:\Code\Geocore_M0&1_Preprocessing\modules\M1-3_separator_mark\qa\legacy_outputs_20260714\smoke_box_0008\segments\DH_SMOKE_0002.90_0003.00_mask.png","1022","1022","64C20BAF981A09623F325BABDCAE108DA72FC23B5C8C6084B7C16AD23C0D0894","64C20BAF981A09623F325BABDCAE108DA72FC23B5C8C6084B7C16AD23C0D0894","True","True","UNCHANGED"
"M040","M1-3","E:\Code\Geocore_M1-3_separator_mark\outputs\smoke_box_0008\segments\DH_SMOKE_0003.00_0003.10.png","E:\Code\Geocore_M0&1_Preprocessing\modules\M1-3_separator_mark\qa\legacy_outputs_20260714\smoke_box_0008\segments\DH_SMOKE_0003.00_0003.10.png","75185","75185","BCED66EA7118FE29A2FD7ADB217569D754AF75C9F3089296E0FC09EBA5EE977E","BCED66EA7118FE29A2FD7ADB217569D754AF75C9F3089296E0FC09EBA5EE977E","True","True","UNCHANGED"
"M040","M1-3","E:\Code\Geocore_M1-3_separator_mark\outputs\smoke_box_0008\segments\DH_SMOKE_0003.00_0003.10_mask.png","E:\Code\Geocore_M0&1_Preprocessing\modules\M1-3_separator_mark\qa\legacy_outputs_20260714\smoke_box_0008\segments\DH_SMOKE_0003.00_0003.10_mask.png","1441","1441","5472150535C30C106D855D6C70C2CA304F5733C2C5CD89F9130AF6B9757A52B8","5472150535C30C106D855D6C70C2CA304F5733C2C5CD89F9130AF6B9757A52B8","True","True","UNCHANGED"
"M040","M1-3","E:\Code\Geocore_M1-3_separator_mark\outputs\smoke_box_0008\segments\DH_SMOKE_0003.10_0003.20.png","E:\Code\Geocore_M0&1_Preprocessing\modules\M1-3_separator_mark\qa\legacy_outputs_20260714\smoke_box_0008\segments\DH_SMOKE_0003.10_0003.20.png","67766","67766","FFDF37E9D3644DDFCF3F04B1237EA197591B9406BD045DF8BEAF99E0E5A04F58","FFDF37E9D3644DDFCF3F04B1237EA197591B9406BD045DF8BEAF99E0E5A04F58","True","True","UNCHANGED"
"M040","M1-3","E:\Code\Geocore_M1-3_separator_mark\outputs\smoke_box_0008\segments\DH_SMOKE_0003.10_0003.20_mask.png","E:\Code\Geocore_M0&1_Preprocessing\modules\M1-3_separator_mark\qa\legacy_outputs_20260714\smoke_box_0008\segments\DH_SMOKE_0003.10_0003.20_mask.png","897","897","ED8FD2E07423100762740F70D9996CAEAAFA8941A2CD1FD921981CF5229AB464","ED8FD2E07423100762740F70D9996CAEAAFA8941A2CD1FD921981CF5229AB464","True","True","UNCHANGED"
"M040","M1-3","E:\Code\Geocore_M1-3_separator_mark\outputs\smoke_box_0008\segments\DH_SMOKE_0003.20_0003.30.png","E:\Code\Geocore_M0&1_Preprocessing\modules\M1-3_separator_mark\qa\legacy_outputs_20260714\smoke_box_0008\segments\DH_SMOKE_0003.20_0003.30.png","67033","67033","D7062B6FDC10FBCDA319976E41C1F0FCBBF126CC37009E934A31BD8027B89324","D7062B6FDC10FBCDA319976E41C1F0FCBBF126CC37009E934A31BD8027B89324","True","True","UNCHANGED"
"M040","M1-3","E:\Code\Geocore_M1-3_separator_mark\outputs\smoke_box_0008\segments\DH_SMOKE_0003.20_0003.30_mask.png","E:\Code\Geocore_M0&1_Preprocessing\modules\M1-3_separator_mark\qa\legacy_outputs_20260714\smoke_box_0008\segments\DH_SMOKE_0003.20_0003.30_mask.png","722","722","FD8320BFFDA0DC4AB6F243AFCD1697C8A7BAFC4AF18C8C04FBD8406EE9B2AC45","FD8320BFFDA0DC4AB6F243AFCD1697C8A7BAFC4AF18C8C04FBD8406EE9B2AC45","True","True","UNCHANGED"
"M040","M1-3","E:\Code\Geocore_M1-3_separator_mark\outputs\smoke_box_0008\segments\DH_SMOKE_0003.30_0003.40.png","E:\Code\Geocore_M0&1_Preprocessing\modules\M1-3_separator_mark\qa\legacy_outputs_20260714\smoke_box_0008\segments\DH_SMOKE_0003.30_0003.40.png","66733","66733","3F23A3013970F8A2DD1D761A76D3A081FB4819C98A0AFD7000869C8B6112779C","3F23A3013970F8A2DD1D761A76D3A081FB4819C98A0AFD7000869C8B6112779C","True","True","UNCHANGED"
"M040","M1-3","E:\Code\Geocore_M1-3_separator_mark\outputs\smoke_box_0008\segments\DH_SMOKE_0003.30_0003.40_mask.png","E:\Code\Geocore_M0&1_Preprocessing\modules\M1-3_separator_mark\qa\legacy_outputs_20260714\smoke_box_0008\segments\DH_SMOKE_0003.30_0003.40_mask.png","798","798","B05FFB9CB69BBA8D0FEE5D7F43DF7F9FD1FA628FB0FD0C5BAB96C90F67CA6BD9","B05FFB9CB69BBA8D0FEE5D7F43DF7F9FD1FA628FB0FD0C5BAB96C90F67CA6BD9","True","True","UNCHANGED"
"M040","M1-3","E:\Code\Geocore_M1-3_separator_mark\outputs\smoke_box_0008\segments\DH_SMOKE_0003.40_0003.50.png","E:\Code\Geocore_M0&1_Preprocessing\modules\M1-3_separator_mark\qa\legacy_outputs_20260714\smoke_box_0008\segments\DH_SMOKE_0003.40_0003.50.png","67974","67974","6273514B2EC8DC69DDDA1B00AEE48DF79716563D50835D1FAB96FF69805462D3","6273514B2EC8DC69DDDA1B00AEE48DF79716563D50835D1FAB96FF69805462D3","True","True","UNCHANGED"
"M040","M1-3","E:\Code\Geocore_M1-3_separator_mark\outputs\smoke_box_0008\segments\DH_SMOKE_0003.40_0003.50_mask.png","E:\Code\Geocore_M0&1_Preprocessing\modules\M1-3_separator_mark\qa\legacy_outputs_20260714\smoke_box_0008\segments\DH_SMOKE_0003.40_0003.50_mask.png","761","761","96ADC384CA838D9B9F84A3E1580E157DF1B906A25BAEEA49D9B3E4297557EF8D","96ADC384CA838D9B9F84A3E1580E157DF1B906A25BAEEA49D9B3E4297557EF8D","True","True","UNCHANGED"
"M040","M1-3","E:\Code\Geocore_M1-3_separator_mark\outputs\smoke_box_0008\segments\DH_SMOKE_0003.50_0003.60.png","E:\Code\Geocore_M0&1_Preprocessing\modules\M1-3_separator_mark\qa\legacy_outputs_20260714\smoke_box_0008\segments\DH_SMOKE_0003.50_0003.60.png","68481","68481","7FF7E739806A9D711E7FC800332754FDA689E9B5DDB2C40A88F4E41F5DA6F8B9","7FF7E739806A9D711E7FC800332754FDA689E9B5DDB2C40A88F4E41F5DA6F8B9","True","True","UNCHANGED"
"M040","M1-3","E:\Code\Geocore_M1-3_separator_mark\outputs\smoke_box_0008\segments\DH_SMOKE_0003.50_0003.60_mask.png","E:\Code\Geocore_M0&1_Preprocessing\modules\M1-3_separator_mark\qa\legacy_outputs_20260714\smoke_box_0008\segments\DH_SMOKE_0003.50_0003.60_mask.png","705","705","F00B832CB5A2113A064A408729FB9867341D01258041E02BD3EB89A465BE5C30","F00B832CB5A2113A064A408729FB9867341D01258041E02BD3EB89A465BE5C30","True","True","UNCHANGED"
"M040","M1-3","E:\Code\Geocore_M1-3_separator_mark\outputs\smoke_box_0008\segments\DH_SMOKE_0003.60_0003.70.png","E:\Code\Geocore_M0&1_Preprocessing\modules\M1-3_separator_mark\qa\legacy_outputs_20260714\smoke_box_0008\segments\DH_SMOKE_0003.60_0003.70.png","66980","66980","FC313E3927DCDE49D1D2D32EC4B155AE2189B5818A3472BC74B0F5EA7D5E9660","FC313E3927DCDE49D1D2D32EC4B155AE2189B5818A3472BC74B0F5EA7D5E9660","True","True","UNCHANGED"
"M040","M1-3","E:\Code\Geocore_M1-3_separator_mark\outputs\smoke_box_0008\segments\DH_SMOKE_0003.60_0003.70_mask.png","E:\Code\Geocore_M0&1_Preprocessing\modules\M1-3_separator_mark\qa\legacy_outputs_20260714\smoke_box_0008\segments\DH_SMOKE_0003.60_0003.70_mask.png","846","846","402CD2E51101BFD7EE1AC3A0795423C18D225FF92E5C2AD2F16AB2446283B02A","402CD2E51101BFD7EE1AC3A0795423C18D225FF92E5C2AD2F16AB2446283B02A","True","True","UNCHANGED"
"M040","M1-3","E:\Code\Geocore_M1-3_separator_mark\outputs\smoke_box_0008\segments\DH_SMOKE_0003.70_0003.80.png","E:\Code\Geocore_M0&1_Preprocessing\modules\M1-3_separator_mark\qa\legacy_outputs_20260714\smoke_box_0008\segments\DH_SMOKE_0003.70_0003.80.png","66196","66196","50D9A6A833F514DD20628EE2333ABA49793E1B3CF02C1F837EDA3CE3A1BF8647","50D9A6A833F514DD20628EE2333ABA49793E1B3CF02C1F837EDA3CE3A1BF8647","True","True","UNCHANGED"
"M040","M1-3","E:\Code\Geocore_M1-3_separator_mark\outputs\smoke_box_0008\segments\DH_SMOKE_0003.70_0003.80_mask.png","E:\Code\Geocore_M0&1_Preprocessing\modules\M1-3_separator_mark\qa\legacy_outputs_20260714\smoke_box_0008\segments\DH_SMOKE_0003.70_0003.80_mask.png","811","811","A754CEF8DFED999ED8714D9F96203BE985BAD820359019B1BD6C48FC11DE85FB","A754CEF8DFED999ED8714D9F96203BE985BAD820359019B1BD6C48FC11DE85FB","True","True","UNCHANGED"
"M040","M1-3","E:\Code\Geocore_M1-3_separator_mark\outputs\smoke_box_0008\segments\DH_SMOKE_0003.80_0003.90.png","E:\Code\Geocore_M0&1_Preprocessing\modules\M1-3_separator_mark\qa\legacy_outputs_20260714\smoke_box_0008\segments\DH_SMOKE_0003.80_0003.90.png","67524","67524","65E08E71116909FA861D93CB4B1181805B48D372AB0EDCF29F1AECA5FF9B6329","65E08E71116909FA861D93CB4B1181805B48D372AB0EDCF29F1AECA5FF9B6329","True","True","UNCHANGED"
"M040","M1-3","E:\Code\Geocore_M1-3_separator_mark\outputs\smoke_box_0008\segments\DH_SMOKE_0003.80_0003.90_mask.png","E:\Code\Geocore_M0&1_Preprocessing\modules\M1-3_separator_mark\qa\legacy_outputs_20260714\smoke_box_0008\segments\DH_SMOKE_0003.80_0003.90_mask.png","677","677","D406AC34E432BD6FF6A2973DC0CEAB6062000846A83A7253A713F9A7F186B9C4","D406AC34E432BD6FF6A2973DC0CEAB6062000846A83A7253A713F9A7F186B9C4","True","True","UNCHANGED"
"M040","M1-3","E:\Code\Geocore_M1-3_separator_mark\outputs\smoke_box_0008\segments\DH_SMOKE_0003.90_0004.00.png","E:\Code\Geocore_M0&1_Preprocessing\modules\M1-3_separator_mark\qa\legacy_outputs_20260714\smoke_box_0008\segments\DH_SMOKE_0003.90_0004.00.png","65739","65739","54C3DC670FCA6B0FADA90E72CFCE1512288E8FEA3DA7A1CA69F75560ED7C6E4B","54C3DC670FCA6B0FADA90E72CFCE1512288E8FEA3DA7A1CA69F75560ED7C6E4B","True","True","UNCHANGED"
"M040","M1-3","E:\Code\Geocore_M1-3_separator_mark\outputs\smoke_box_0008\segments\DH_SMOKE_0003.90_0004.00_mask.png","E:\Code\Geocore_M0&1_Preprocessing\modules\M1-3_separator_mark\qa\legacy_outputs_20260714\smoke_box_0008\segments\DH_SMOKE_0003.90_0004.00_mask.png","985","985","B29B8EDA3A0CB32F271D60C84822C0CBB86042C141C0F9E2B0889A743BAF5A59","B29B8EDA3A0CB32F271D60C84822C0CBB86042C141C0F9E2B0889A743BAF5A59","True","True","UNCHANGED"
"M040","M1-3","E:\Code\Geocore_M1-3_separator_mark\outputs\smoke_box_0008\segments\DH_SMOKE_0004.00_0004.10.png","E:\Code\Geocore_M0&1_Preprocessing\modules\M1-3_separator_mark\qa\legacy_outputs_20260714\smoke_box_0008\segments\DH_SMOKE_0004.00_0004.10.png","66827","66827","6770827EB3265C00D8F9927DA77E4CD1689B7F7B4EFBB41C177AB8E21BB77056","6770827EB3265C00D8F9927DA77E4CD1689B7F7B4EFBB41C177AB8E21BB77056","True","True","UNCHANGED"
"M040","M1-3","E:\Code\Geocore_M1-3_separator_mark\outputs\smoke_box_0008\segments\DH_SMOKE_0004.00_0004.10_mask.png","E:\Code\Geocore_M0&1_Preprocessing\modules\M1-3_separator_mark\qa\legacy_outputs_20260714\smoke_box_0008\segments\DH_SMOKE_0004.00_0004.10_mask.png","856","856","DC2A1B3B757CC9D10FF8AF3F6ED909D9914AE10599FEEC80EAB2454E30EB2244","DC2A1B3B757CC9D10FF8AF3F6ED909D9914AE10599FEEC80EAB2454E30EB2244","True","True","UNCHANGED"
"M040","M1-3","E:\Code\Geocore_M1-3_separator_mark\outputs\smoke_box_0008\segments\DH_SMOKE_0004.10_0004.20.png","E:\Code\Geocore_M0&1_Preprocessing\modules\M1-3_separator_mark\qa\legacy_outputs_20260714\smoke_box_0008\segments\DH_SMOKE_0004.10_0004.20.png","62256","62256","042DB4C017AEC399058090733E52078A679E8D87109F804F44AA27870CE31E0C","042DB4C017AEC399058090733E52078A679E8D87109F804F44AA27870CE31E0C","True","True","UNCHANGED"
"M040","M1-3","E:\Code\Geocore_M1-3_separator_mark\outputs\smoke_box_0008\segments\DH_SMOKE_0004.10_0004.20_mask.png","E:\Code\Geocore_M0&1_Preprocessing\modules\M1-3_separator_mark\qa\legacy_outputs_20260714\smoke_box_0008\segments\DH_SMOKE_0004.10_0004.20_mask.png","722","722","3AA0B380A3412BEA080773F80D355AA9FDF206CCE436BFA4815BDCC550374946","3AA0B380A3412BEA080773F80D355AA9FDF206CCE436BFA4815BDCC550374946","True","True","UNCHANGED"
"M040","M1-3","E:\Code\Geocore_M1-3_separator_mark\outputs\smoke_box_0008\segments\DH_SMOKE_0004.20_0004.30.png","E:\Code\Geocore_M0&1_Preprocessing\modules\M1-3_separator_mark\qa\legacy_outputs_20260714\smoke_box_0008\segments\DH_SMOKE_0004.20_0004.30.png","63356","63356","4C8D274C396BAEC029E4C60072B4A233BFB78698C15F0F03E9582D94CCBEB90E","4C8D274C396BAEC029E4C60072B4A233BFB78698C15F0F03E9582D94CCBEB90E","True","True","UNCHANGED"
"M040","M1-3","E:\Code\Geocore_M1-3_separator_mark\outputs\smoke_box_0008\segments\DH_SMOKE_0004.20_0004.30_mask.png","E:\Code\Geocore_M0&1_Preprocessing\modules\M1-3_separator_mark\qa\legacy_outputs_20260714\smoke_box_0008\segments\DH_SMOKE_0004.20_0004.30_mask.png","1047","1047","E491A2235D563E5611695F2FA600A66D8B80780EE34D2D310885DC91A48E37A6","E491A2235D563E5611695F2FA600A66D8B80780EE34D2D310885DC91A48E37A6","True","True","UNCHANGED"
"M040","M1-3","E:\Code\Geocore_M1-3_separator_mark\outputs\smoke_box_0008\segments\DH_SMOKE_0004.30_0004.40.png","E:\Code\Geocore_M0&1_Preprocessing\modules\M1-3_separator_mark\qa\legacy_outputs_20260714\smoke_box_0008\segments\DH_SMOKE_0004.30_0004.40.png","63275","63275","457019964289A311EE4719718DB2F47A8E5A95FB97515904922EDA7BE229106F","457019964289A311EE4719718DB2F47A8E5A95FB97515904922EDA7BE229106F","True","True","UNCHANGED"
"M040","M1-3","E:\Code\Geocore_M1-3_separator_mark\outputs\smoke_box_0008\segments\DH_SMOKE_0004.30_0004.40_mask.png","E:\Code\Geocore_M0&1_Preprocessing\modules\M1-3_separator_mark\qa\legacy_outputs_20260714\smoke_box_0008\segments\DH_SMOKE_0004.30_0004.40_mask.png","1013","1013","B88C0E52A678AB08595618B201FFC6B3A25F371CDFD8DE2DE46B346F49009A47","B88C0E52A678AB08595618B201FFC6B3A25F371CDFD8DE2DE46B346F49009A47","True","True","UNCHANGED"
"M040","M1-3","E:\Code\Geocore_M1-3_separator_mark\outputs\smoke_box_0008\segments\DH_SMOKE_0004.40_0004.50.png","E:\Code\Geocore_M0&1_Preprocessing\modules\M1-3_separator_mark\qa\legacy_outputs_20260714\smoke_box_0008\segments\DH_SMOKE_0004.40_0004.50.png","60280","60280","9E27CABB234FAA5C47E12BCD58F22B9D06AEF8DEE491879497C777FB84AD8BAE","9E27CABB234FAA5C47E12BCD58F22B9D06AEF8DEE491879497C777FB84AD8BAE","True","True","UNCHANGED"
"M040","M1-3","E:\Code\Geocore_M1-3_separator_mark\outputs\smoke_box_0008\segments\DH_SMOKE_0004.40_0004.50_mask.png","E:\Code\Geocore_M0&1_Preprocessing\modules\M1-3_separator_mark\qa\legacy_outputs_20260714\smoke_box_0008\segments\DH_SMOKE_0004.40_0004.50_mask.png","726","726","57977FCEFC0A5169AE069153D9B0DA784A41DE08C7ABA6EBE14B9941E0072671","57977FCEFC0A5169AE069153D9B0DA784A41DE08C7ABA6EBE14B9941E0072671","True","True","UNCHANGED"
"M040","M1-3","E:\Code\Geocore_M1-3_separator_mark\outputs\smoke_box_0008\segments\DH_SMOKE_0004.50_0004.60.png","E:\Code\Geocore_M0&1_Preprocessing\modules\M1-3_separator_mark\qa\legacy_outputs_20260714\smoke_box_0008\segments\DH_SMOKE_0004.50_0004.60.png","61228","61228","C2D4856A49A8828B3E7848A77009D926ACF98B88CBEA99C1E4CDF697DE603DEC","C2D4856A49A8828B3E7848A77009D926ACF98B88CBEA99C1E4CDF697DE603DEC","True","True","UNCHANGED"
"M040","M1-3","E:\Code\Geocore_M1-3_separator_mark\outputs\smoke_box_0008\segments\DH_SMOKE_0004.50_0004.60_mask.png","E:\Code\Geocore_M0&1_Preprocessing\modules\M1-3_separator_mark\qa\legacy_outputs_20260714\smoke_box_0008\segments\DH_SMOKE_0004.50_0004.60_mask.png","960","960","69A63D970137F1904A89B1491CE4932277B8B49BDC39336E361F88239B1FD3CB","69A63D970137F1904A89B1491CE4932277B8B49BDC39336E361F88239B1FD3CB","True","True","UNCHANGED"
"M040","M1-3","E:\Code\Geocore_M1-3_separator_mark\outputs\smoke_box_0008\segments\DH_SMOKE_0004.60_0004.70.png","E:\Code\Geocore_M0&1_Preprocessing\modules\M1-3_separator_mark\qa\legacy_outputs_20260714\smoke_box_0008\segments\DH_SMOKE_0004.60_0004.70.png","61961","61961","B0B3E8E025FD83B5F20131AF83934A7BEF80C7E15F23063B992F8600DCB2AF08","B0B3E8E025FD83B5F20131AF83934A7BEF80C7E15F23063B992F8600DCB2AF08","True","True","UNCHANGED"
"M040","M1-3","E:\Code\Geocore_M1-3_separator_mark\outputs\smoke_box_0008\segments\DH_SMOKE_0004.60_0004.70_mask.png","E:\Code\Geocore_M0&1_Preprocessing\modules\M1-3_separator_mark\qa\legacy_outputs_20260714\smoke_box_0008\segments\DH_SMOKE_0004.60_0004.70_mask.png","871","871","E828DB1D50F7321B205F8E03A012E41A69690472491E12AE9E48DDC398D69CAD","E828DB1D50F7321B205F8E03A012E41A69690472491E12AE9E48DDC398D69CAD","True","True","UNCHANGED"
"M040","M1-3","E:\Code\Geocore_M1-3_separator_mark\outputs\smoke_box_0008\segments\DH_SMOKE_0004.70_0004.80.png","E:\Code\Geocore_M0&1_Preprocessing\modules\M1-3_separator_mark\qa\legacy_outputs_20260714\smoke_box_0008\segments\DH_SMOKE_0004.70_0004.80.png","59418","59418","828181B44139050F73AE27641F99812F0D996A76E9D78B0837C9F15056BEF18A","828181B44139050F73AE27641F99812F0D996A76E9D78B0837C9F15056BEF18A","True","True","UNCHANGED"
"M040","M1-3","E:\Code\Geocore_M1-3_separator_mark\outputs\smoke_box_0008\segments\DH_SMOKE_0004.70_0004.80_mask.png","E:\Code\Geocore_M0&1_Preprocessing\modules\M1-3_separator_mark\qa\legacy_outputs_20260714\smoke_box_0008\segments\DH_SMOKE_0004.70_0004.80_mask.png","697","697","34DD2D9B7EAE11AE0D62B011E99AA232A7DEC0F01AE68168C850B18743850CCA","34DD2D9B7EAE11AE0D62B011E99AA232A7DEC0F01AE68168C850B18743850CCA","True","True","UNCHANGED"
"M040","M1-3","E:\Code\Geocore_M1-3_separator_mark\outputs\smoke_box_0008\segments\DH_SMOKE_0004.80_0004.90.png","E:\Code\Geocore_M0&1_Preprocessing\modules\M1-3_separator_mark\qa\legacy_outputs_20260714\smoke_box_0008\segments\DH_SMOKE_0004.80_0004.90.png","61039","61039","F64A3122293F26A50F5020099F5723E47ACB450CD0D654FF99FBB7ED01C97EA6","F64A3122293F26A50F5020099F5723E47ACB450CD0D654FF99FBB7ED01C97EA6","True","True","UNCHANGED"
"M040","M1-3","E:\Code\Geocore_M1-3_separator_mark\outputs\smoke_box_0008\segments\DH_SMOKE_0004.80_0004.90_mask.png","E:\Code\Geocore_M0&1_Preprocessing\modules\M1-3_separator_mark\qa\legacy_outputs_20260714\smoke_box_0008\segments\DH_SMOKE_0004.80_0004.90_mask.png","842","842","77EFF72F6FE9AB3A8B9FB4541CB9313A28D05D57E28C82E375E9F0C11944C5F3","77EFF72F6FE9AB3A8B9FB4541CB9313A28D05D57E28C82E375E9F0C11944C5F3","True","True","UNCHANGED"
"M040","M1-3","E:\Code\Geocore_M1-3_separator_mark\outputs\smoke_box_0008\segments\DH_SMOKE_0004.90_0005.00.png","E:\Code\Geocore_M0&1_Preprocessing\modules\M1-3_separator_mark\qa\legacy_outputs_20260714\smoke_box_0008\segments\DH_SMOKE_0004.90_0005.00.png","62734","62734","8A39B2A72108E135F3E55E08625986015418AB31ED4C1D04987F6D02D0860835","8A39B2A72108E135F3E55E08625986015418AB31ED4C1D04987F6D02D0860835","True","True","UNCHANGED"
"M040","M1-3","E:\Code\Geocore_M1-3_separator_mark\outputs\smoke_box_0008\segments\DH_SMOKE_0004.90_0005.00_mask.png","E:\Code\Geocore_M0&1_Preprocessing\modules\M1-3_separator_mark\qa\legacy_outputs_20260714\smoke_box_0008\segments\DH_SMOKE_0004.90_0005.00_mask.png","940","940","B5D98CD493161471A020509770BC3C2837ACE1429DAA11F46A912E73914755CE","B5D98CD493161471A020509770BC3C2837ACE1429DAA11F46A912E73914755CE","True","True","UNCHANGED"
