"MappingId","Module","SourceFile","TargetFile","RelativeWithinMapping","SizeBytes","LastWriteTimeUtc","PreMoveSHA256"
"M001","M0-1","E:\Code\Geocore_M0-1_image_fusion\scripts\diagnose_current_geocorefusion_registration.py","E:\Code\Geocore_M0&1_Preprocessing\modules\M0-1_image_fusion\scripts\legacy_registration_20260717\diagnose_current_geocorefusion_registration.py","diagnose_current_geocorefusion_registration.py","4047","2026-07-17T03:19:00.4179234Z","9456B858890EF9593BE071F88399BFCBFC43F203A6DF7B768219FB093C6C30A9"
"M002","M0-1","E:\Code\Geocore_M0-1_image_fusion\scripts\prototype_local_registration.py","E:\Code\Geocore_M0&1_Preprocessing\modules\M0-1_image_fusion\scripts\legacy_registration_20260717\prototype_local_registration.py","prototype_local_registration.py","9587","2026-07-17T03:30:39.2688969Z","3479320FF34CF49B1D556B913852951BF5909D646D3B566B00F9E4686B25FD54"
"M003","M0-1","E:\Code\Geocore_M0-1_image_fusion\scripts\prototype_tiepoint_registration_v4.py","E:\Code\Geocore_M0&1_Preprocessing\modules\M0-1_image_fusion\scripts\legacy_registration_20260717\prototype_tiepoint_registration_v4.py","prototype_tiepoint_registration_v4.py","19335","2026-07-17T10:37:36.3762741Z","4C288278C13E7D915EF2AB50C81AB624F9E0C4F0284F3DC48899BC0BB6856C36"
"M004","M0-1","E:\Code\Geocore_M0-1_image_fusion\registration_diagnostics\3dssz\metrics.json","E:\Code\Geocore_M0&1_Preprocessing\modules\M0-1_image_fusion\qa\legacy_registration_20260717\registration_diagnostics\3dssz\metrics.json","3dssz\metrics.json","417","2026-07-17T03:20:18.2441766Z","5D9A67E0658D2F5EEB468ED38B0D338CDC6B72D740236A354F3D605C6D8B0831"
"M004","M0-1","E:\Code\Geocore_M0-1_image_fusion\registration_diagnostics\3dssz\nir_roi_affine_only.png","E:\Code\Geocore_M0&1_Preprocessing\modules\M0-1_image_fusion\qa\legacy_registration_20260717\registration_diagnostics\3dssz\nir_roi_affine_only.png","3dssz\nir_roi_affine_only.png","3059100","2026-07-17T03:20:16.8961869Z","74E8D05323CDE2883C7DAC628747467B7C88621361CE4A1AD345C2D4A70DF577"
"M004","M0-1","E:\Code\Geocore_M0-1_image_fusion\registration_diagnostics\3dssz\nir_roi_with_drift.png","E:\Code\Geocore_M0&1_Preprocessing\modules\M0-1_image_fusion\qa\legacy_registration_20260717\registration_diagnostics\3dssz\nir_roi_with_drift.png","3dssz\nir_roi_with_drift.png","3067463","2026-07-17T03:20:16.4304826Z","4F56A6DD0E5E7F813553129865D1C12C07FD316A04DD3F3612F9968B9694CBF5"
"M004","M0-1","E:\Code\Geocore_M0-1_image_fusion\registration_diagnostics\3dssz\swir_roi_affine_only.png","E:\Code\Geocore_M0&1_Preprocessing\modules\M0-1_image_fusion\qa\legacy_registration_20260717\registration_diagnostics\3dssz\swir_roi_affine_only.png","3dssz\swir_roi_affine_only.png","3095498","2026-07-17T03:20:18.0661652Z","D3CEC8A6ED1CC65443021F0F82DEB9767F2E79E57AF9FB6B72C662CC61BCC33E"
"M004","M0-1","E:\Code\Geocore_M0-1_image_fusion\registration_diagnostics\3dssz\swir_roi_with_drift.png","E:\Code\Geocore_M0&1_Preprocessing\modules\M0-1_image_fusion\qa\legacy_registration_20260717\registration_diagnostics\3dssz\swir_roi_with_drift.png","3dssz\swir_roi_with_drift.png","3096764","2026-07-17T03:20:17.5488258Z","96AED275D2CC97B9EAB80419AB86E12BCB1922A0E3C1BEE180B7AC21AAB1C6A6"
"M004","M0-1","E:\Code\Geocore_M0-1_image_fusion\registration_diagnostics\zkh3\metrics.json","E:\Code\Geocore_M0&1_Preprocessing\modules\M0-1_image_fusion\qa\legacy_registration_20260717\registration_diagnostics\zkh3\metrics.json","zkh3\metrics.json","420","2026-07-17T03:20:28.3642276Z","D7D909B13C74288F23A012C264A8B25A5F7AD4990EF1122A994E5D010CA81010"
"M004","M0-1","E:\Code\Geocore_M0-1_image_fusion\registration_diagnostics\zkh3\nir_roi_affine_only.png","E:\Code\Geocore_M0&1_Preprocessing\modules\M0-1_image_fusion\qa\legacy_registration_20260717\registration_diagnostics\zkh3\nir_roi_affine_only.png","zkh3\nir_roi_affine_only.png","3439432","2026-07-17T03:20:27.1906348Z","BFB4979515FC4A5DE95AC7CFDC75FC2C3C347062CFA17DA826165003ACE2E183"
"M004","M0-1","E:\Code\Geocore_M0-1_image_fusion\registration_diagnostics\zkh3\nir_roi_with_drift.png","E:\Code\Geocore_M0&1_Preprocessing\modules\M0-1_image_fusion\qa\legacy_registration_20260717\registration_diagnostics\zkh3\nir_roi_with_drift.png","zkh3\nir_roi_with_drift.png","3451629","2026-07-17T03:20:26.7999121Z","A460686EE106FF15A6AFAD2740D136CC45BC7B4878721B331102944628CD8B0B"
"M004","M0-1","E:\Code\Geocore_M0-1_image_fusion\registration_diagnostics\zkh3\swir_roi_affine_only.png","E:\Code\Geocore_M0&1_Preprocessing\modules\M0-1_image_fusion\qa\legacy_registration_20260717\registration_diagnostics\zkh3\swir_roi_affine_only.png","zkh3\swir_roi_affine_only.png","3471094","2026-07-17T03:20:28.1767908Z","FEAB33101752CD2DCD7EA39EEF450906FC486CA4070E8952A5557824125C4175"
"M004","M0-1","E:\Code\Geocore_M0-1_image_fusion\registration_diagnostics\zkh3\swir_roi_with_drift.png","E:\Code\Geocore_M0&1_Preprocessing\modules\M0-1_image_fusion\qa\legacy_registration_20260717\registration_diagnostics\zkh3\swir_roi_with_drift.png","zkh3\swir_roi_with_drift.png","3474059","2026-07-17T03:20:27.7791566Z","5798C9A05C0286A6CA9C4180105FEBA4C2515B1726D903EE692BB80E5D64FDFB"
"M005","M0-1","E:\Code\Geocore_M0-1_image_fusion\local_registration_prototype\3dssz\metrics.json","E:\Code\Geocore_M0&1_Preprocessing\modules\M0-1_image_fusion\qa\legacy_registration_20260717\local_registration_prototype\3dssz\metrics.json","3dssz\metrics.json","5268","2026-07-17T03:31:23.6899962Z","8ABD0DF5795F1CE3DA395677C9EAECA619611D3B798DAB845F5307F30C97A65E"
"M005","M0-1","E:\Code\Geocore_M0-1_image_fusion\local_registration_prototype\3dssz\nir_after.png","E:\Code\Geocore_M0&1_Preprocessing\modules\M0-1_image_fusion\qa\legacy_registration_20260717\local_registration_prototype\3dssz\nir_after.png","3dssz\nir_after.png","114762","2026-07-17T03:31:23.1547403Z","EED06FDBE45975BE9E9F246FAB4AA148B980D162EEC65D3C7183B47273EBC1DE"
"M005","M0-1","E:\Code\Geocore_M0-1_image_fusion\local_registration_prototype\3dssz\nir_before.png","E:\Code\Geocore_M0&1_Preprocessing\modules\M0-1_image_fusion\qa\legacy_registration_20260717\local_registration_prototype\3dssz\nir_before.png","3dssz\nir_before.png","115289","2026-07-17T03:31:23.1230119Z","8EE2B6DA770702493C5E7F93E442C229C55905C551A026BA72C309C8F3A339F5"
"M005","M0-1","E:\Code\Geocore_M0-1_image_fusion\local_registration_prototype\3dssz\nir_joint_swir_anchor.png","E:\Code\Geocore_M0&1_Preprocessing\modules\M0-1_image_fusion\qa\legacy_registration_20260717\local_registration_prototype\3dssz\nir_joint_swir_anchor.png","3dssz\nir_joint_swir_anchor.png","113332","2026-07-17T03:31:23.6507023Z","A79D211ED2D7F53A8564DE6BAC948B66E3B5225A7611D47D562286DB9C5A698C"
"M005","M0-1","E:\Code\Geocore_M0-1_image_fusion\local_registration_prototype\3dssz\nir_strip_refined.png","E:\Code\Geocore_M0&1_Preprocessing\modules\M0-1_image_fusion\qa\legacy_registration_20260717\local_registration_prototype\3dssz\nir_strip_refined.png","3dssz\nir_strip_refined.png","114576","2026-07-17T03:31:23.1883837Z","162D0B9396F84ED5071A5879CF8DBF5D4F76B7DD5BE2BC993F83FDBB194D4B89"
"M005","M0-1","E:\Code\Geocore_M0-1_image_fusion\local_registration_prototype\3dssz\nir_swir_overlap_joint.png","E:\Code\Geocore_M0&1_Preprocessing\modules\M0-1_image_fusion\qa\legacy_registration_20260717\local_registration_prototype\3dssz\nir_swir_overlap_joint.png","3dssz\nir_swir_overlap_joint.png","117454","2026-07-17T03:31:23.6839788Z","C1B294B608A7B2D81C3B3F8D266E6363C75A6ADB6A85AEDE22A258AB2EFEC2DC"
"M005","M0-1","E:\Code\Geocore_M0-1_image_fusion\local_registration_prototype\3dssz\swir_after.png","E:\Code\Geocore_M0&1_Preprocessing\modules\M0-1_image_fusion\qa\legacy_registration_20260717\local_registration_prototype\3dssz\swir_after.png","3dssz\swir_after.png","115649","2026-07-17T03:31:23.4709605Z","503CE08C9C2CC65B62498EB8F8AACBE36F1A5791FE6C5E0783A92917D10BF4C8"
"M005","M0-1","E:\Code\Geocore_M0-1_image_fusion\local_registration_prototype\3dssz\swir_before.png","E:\Code\Geocore_M0&1_Preprocessing\modules\M0-1_image_fusion\qa\legacy_registration_20260717\local_registration_prototype\3dssz\swir_before.png","3dssz\swir_before.png","115973","2026-07-17T03:31:23.4389406Z","5A7DF03570833F10F03EAE17478E107B5CDEEF0541FFD7C2A3495D36F850F548"
"M005","M0-1","E:\Code\Geocore_M0-1_image_fusion\local_registration_prototype\3dssz\swir_strip_refined.png","E:\Code\Geocore_M0&1_Preprocessing\modules\M0-1_image_fusion\qa\legacy_registration_20260717\local_registration_prototype\3dssz\swir_strip_refined.png","3dssz\swir_strip_refined.png","115649","2026-07-17T03:31:23.5029050Z","503CE08C9C2CC65B62498EB8F8AACBE36F1A5791FE6C5E0783A92917D10BF4C8"
"M005","M0-1","E:\Code\Geocore_M0-1_image_fusion\local_registration_prototype\zkh3\metrics.json","E:\Code\Geocore_M0&1_Preprocessing\modules\M0-1_image_fusion\qa\legacy_registration_20260717\local_registration_prototype\zkh3\metrics.json","zkh3\metrics.json","5168","2026-07-17T03:31:33.5261679Z","2D9E51BF2178805CE4AB96CE72B6819224D3BF9F41F8E136F2911EE81D5A77FD"
"M005","M0-1","E:\Code\Geocore_M0-1_image_fusion\local_registration_prototype\zkh3\nir_after.png","E:\Code\Geocore_M0&1_Preprocessing\modules\M0-1_image_fusion\qa\legacy_registration_20260717\local_registration_prototype\zkh3\nir_after.png","zkh3\nir_after.png","166108","2026-07-17T03:31:31.3498852Z","FE546B28E364BE13D42AFF1B4F149CD7E4F5D32EC36C4EBD5E8E1C5195CBBEF6"
"M005","M0-1","E:\Code\Geocore_M0-1_image_fusion\local_registration_prototype\zkh3\nir_before.png","E:\Code\Geocore_M0&1_Preprocessing\modules\M0-1_image_fusion\qa\legacy_registration_20260717\local_registration_prototype\zkh3\nir_before.png","zkh3\nir_before.png","165276","2026-07-17T03:31:31.3122942Z","34F56BC975DA294961DDAF4051D34C347EE52455ED533C009EC4EA5B8CDB16D8"
"M005","M0-1","E:\Code\Geocore_M0-1_image_fusion\local_registration_prototype\zkh3\nir_joint_swir_anchor.png","E:\Code\Geocore_M0&1_Preprocessing\modules\M0-1_image_fusion\qa\legacy_registration_20260717\local_registration_prototype\zkh3\nir_joint_swir_anchor.png","zkh3\nir_joint_swir_anchor.png","164425","2026-07-17T03:31:33.4756393Z","37582A1A93F48EB14EFFF41052200F261C5DA0D662ADE7CF80D4B9CC31380443"
"M005","M0-1","E:\Code\Geocore_M0-1_image_fusion\local_registration_prototype\zkh3\nir_strip_refined.png","E:\Code\Geocore_M0&1_Preprocessing\modules\M0-1_image_fusion\qa\legacy_registration_20260717\local_registration_prototype\zkh3\nir_strip_refined.png","zkh3\nir_strip_refined.png","166220","2026-07-17T03:31:31.3891774Z","12B75179A2C8D8C5B7390BF76D7431D579ABA70C817A1D0ABC380C8A17F29464"
"M005","M0-1","E:\Code\Geocore_M0-1_image_fusion\local_registration_prototype\zkh3\nir_swir_overlap_joint.png","E:\Code\Geocore_M0&1_Preprocessing\modules\M0-1_image_fusion\qa\legacy_registration_20260717\local_registration_prototype\zkh3\nir_swir_overlap_joint.png","zkh3\nir_swir_overlap_joint.png","162073","2026-07-17T03:31:33.5189315Z","D79F4E03C76FA3DE7F7CD7A2F678E789F82D17D65DC6E884C2EAC8E232815277"
"M005","M0-1","E:\Code\Geocore_M0-1_image_fusion\local_registration_prototype\zkh3\swir_after.png","E:\Code\Geocore_M0&1_Preprocessing\modules\M0-1_image_fusion\qa\legacy_registration_20260717\local_registration_prototype\zkh3\swir_after.png","zkh3\swir_after.png","165938","2026-07-17T03:31:31.9221945Z","85DE9151D966E6418329293E5D627D0845C65A2A5531E8AB7FAF2DD39571E746"
"M005","M0-1","E:\Code\Geocore_M0-1_image_fusion\local_registration_prototype\zkh3\swir_before.png","E:\Code\Geocore_M0&1_Preprocessing\modules\M0-1_image_fusion\qa\legacy_registration_20260717\local_registration_prototype\zkh3\swir_before.png","zkh3\swir_before.png","166017","2026-07-17T03:31:31.8821044Z","514D60FBF028E29162855CBE6E580171D44889ECE4C07E736953D6A610FFA5D5"
"M005","M0-1","E:\Code\Geocore_M0-1_image_fusion\local_registration_prototype\zkh3\swir_strip_refined.png","E:\Code\Geocore_M0&1_Preprocessing\modules\M0-1_image_fusion\qa\legacy_registration_20260717\local_registration_prototype\zkh3\swir_strip_refined.png","zkh3\swir_strip_refined.png","165938","2026-07-17T03:31:31.9569350Z","85DE9151D966E6418329293E5D627D0845C65A2A5531E8AB7FAF2DD39571E746"
"M006","M0-1","E:\Code\Geocore_M0-1_image_fusion\tiepoint_registration_v4\3dssz_direct_rgb\after_joint_rgb_overlay.png","E:\Code\Geocore_M0&1_Preprocessing\modules\M0-1_image_fusion\qa\legacy_registration_20260717\tiepoint_registration_v4\3dssz_direct_rgb\after_joint_rgb_overlay.png","3dssz_direct_rgb\after_joint_rgb_overlay.png","72615","2026-07-17T10:31:29.4750673Z","A4F8D54B12689C82FBA23653DCFA719D54690995E3CB7709554479504989F94F"
"M006","M0-1","E:\Code\Geocore_M0-1_image_fusion\tiepoint_registration_v4\3dssz_direct_rgb\after_nir_rgb_overlay.png","E:\Code\Geocore_M0&1_Preprocessing\modules\M0-1_image_fusion\qa\legacy_registration_20260717\tiepoint_registration_v4\3dssz_direct_rgb\after_nir_rgb_overlay.png","3dssz_direct_rgb\after_nir_rgb_overlay.png","70345","2026-07-17T10:31:29.4942942Z","A924907464A8ECC2B59C0573C985D4E81451B7E40771D012B9B3DB359A5AF640"
"M006","M0-1","E:\Code\Geocore_M0-1_image_fusion\tiepoint_registration_v4\3dssz_direct_rgb\after_swir_rgb_overlay.png","E:\Code\Geocore_M0&1_Preprocessing\modules\M0-1_image_fusion\qa\legacy_registration_20260717\tiepoint_registration_v4\3dssz_direct_rgb\after_swir_rgb_overlay.png","3dssz_direct_rgb\after_swir_rgb_overlay.png","71949","2026-07-17T10:31:29.5140834Z","BD03680BD2107284BB38DEEF4575B6BF40D8197E3617886FF5A20584FECDB759"
"M006","M0-1","E:\Code\Geocore_M0-1_image_fusion\tiepoint_registration_v4\3dssz_direct_rgb\before_joint_rgb_overlay.png","E:\Code\Geocore_M0&1_Preprocessing\modules\M0-1_image_fusion\qa\legacy_registration_20260717\tiepoint_registration_v4\3dssz_direct_rgb\before_joint_rgb_overlay.png","3dssz_direct_rgb\before_joint_rgb_overlay.png","72288","2026-07-17T10:31:29.4540097Z","FBFE98F62D3F18950D2E7FAF705A6DC574A5AF4121D5D9760167E2C7150B2CDF"
"M006","M0-1","E:\Code\Geocore_M0-1_image_fusion\tiepoint_registration_v4\3dssz_direct_rgb\displacement_magnitude.png","E:\Code\Geocore_M0&1_Preprocessing\modules\M0-1_image_fusion\qa\legacy_registration_20260717\tiepoint_registration_v4\3dssz_direct_rgb\displacement_magnitude.png","3dssz_direct_rgb\displacement_magnitude.png","16919","2026-07-17T10:31:29.5340791Z","3E5ED464BFCA3D06B3CA8B450377C6C7F9AF1B9690D719615519BB72FD5FD156"
"M006","M0-1","E:\Code\Geocore_M0-1_image_fusion\tiepoint_registration_v4\3dssz_direct_rgb\report.json","E:\Code\Geocore_M0&1_Preprocessing\modules\M0-1_image_fusion\qa\legacy_registration_20260717\tiepoint_registration_v4\3dssz_direct_rgb\report.json","3dssz_direct_rgb\report.json","58894","2026-07-17T10:31:29.5565332Z","E050FBDD30410C2534D36CEF8A31E9A1B8F3788E0C55A7F8E7887BB5F18F2CAF"
"M006","M0-1","E:\Code\Geocore_M0-1_image_fusion\tiepoint_registration_v4\3dssz_direct_rgb\tie_points.png","E:\Code\Geocore_M0&1_Preprocessing\modules\M0-1_image_fusion\qa\legacy_registration_20260717\tiepoint_registration_v4\3dssz_direct_rgb\tie_points.png","3dssz_direct_rgb\tie_points.png","94410","2026-07-17T10:31:29.5290791Z","1B300153C29B70EFAE55D64856F155E1E979E853BAD8ED1839BE6824C3D51339"
"M006","M0-1","E:\Code\Geocore_M0-1_image_fusion\tiepoint_registration_v4\3dssz_direct_rgb\tie_points_joint_to_rgb.png","E:\Code\Geocore_M0&1_Preprocessing\modules\M0-1_image_fusion\qa\legacy_registration_20260717\tiepoint_registration_v4\3dssz_direct_rgb\tie_points_joint_to_rgb.png","3dssz_direct_rgb\tie_points_joint_to_rgb.png","93222","2026-07-17T10:31:29.3017785Z","CA7812B08C3739E01993D79052E6D3DA8690933DE6BA8C0D66083193ED793861"
"M006","M0-1","E:\Code\Geocore_M0-1_image_fusion\tiepoint_registration_v4\3dssz_direct_rgb\tie_points_nir_to_rgb.png","E:\Code\Geocore_M0&1_Preprocessing\modules\M0-1_image_fusion\qa\legacy_registration_20260717\tiepoint_registration_v4\3dssz_direct_rgb\tie_points_nir_to_rgb.png","3dssz_direct_rgb\tie_points_nir_to_rgb.png","94738","2026-07-17T10:31:25.1234049Z","CE737BC69368F1487AE9F2B2853875289C266752A0C9DCB550D90B10AFBB700D"
"M006","M0-1","E:\Code\Geocore_M0-1_image_fusion\tiepoint_registration_v4\3dssz_direct_rgb\tie_points_swir_to_rgb.png","E:\Code\Geocore_M0&1_Preprocessing\modules\M0-1_image_fusion\qa\legacy_registration_20260717\tiepoint_registration_v4\3dssz_direct_rgb\tie_points_swir_to_rgb.png","3dssz_direct_rgb\tie_points_swir_to_rgb.png","96470","2026-07-17T10:31:21.2171794Z","B097966C6CCD3C867F7F5D46A06633AAA571A18A8D1E91EC1357DC956B2DB6D5"
"M006","M0-1","E:\Code\Geocore_M0-1_image_fusion\tiepoint_registration_v4\3dssz_enhanced\after_joint_rgb_overlay.png","E:\Code\Geocore_M0&1_Preprocessing\modules\M0-1_image_fusion\qa\legacy_registration_20260717\tiepoint_registration_v4\3dssz_enhanced\after_joint_rgb_overlay.png","3dssz_enhanced\after_joint_rgb_overlay.png","72288","2026-07-17T10:23:01.9305420Z","FBFE98F62D3F18950D2E7FAF705A6DC574A5AF4121D5D9760167E2C7150B2CDF"
"M006","M0-1","E:\Code\Geocore_M0-1_image_fusion\tiepoint_registration_v4\3dssz_enhanced\after_nir_rgb_overlay.png","E:\Code\Geocore_M0&1_Preprocessing\modules\M0-1_image_fusion\qa\legacy_registration_20260717\tiepoint_registration_v4\3dssz_enhanced\after_nir_rgb_overlay.png","3dssz_enhanced\after_nir_rgb_overlay.png","70345","2026-07-17T10:23:01.9539953Z","A924907464A8ECC2B59C0573C985D4E81451B7E40771D012B9B3DB359A5AF640"
"M006","M0-1","E:\Code\Geocore_M0-1_image_fusion\tiepoint_registration_v4\3dssz_enhanced\after_swir_rgb_overlay.png","E:\Code\Geocore_M0&1_Preprocessing\modules\M0-1_image_fusion\qa\legacy_registration_20260717\tiepoint_registration_v4\3dssz_enhanced\after_swir_rgb_overlay.png","3dssz_enhanced\after_swir_rgb_overlay.png","70813","2026-07-17T10:23:01.9741009Z","518A92ED277F2FBE3FC8151B5A6162D4C9FFB50D9B4A09EEB3B814F3403C925C"
"M006","M0-1","E:\Code\Geocore_M0-1_image_fusion\tiepoint_registration_v4\3dssz_enhanced\before_joint_rgb_overlay.png","E:\Code\Geocore_M0&1_Preprocessing\modules\M0-1_image_fusion\qa\legacy_registration_20260717\tiepoint_registration_v4\3dssz_enhanced\before_joint_rgb_overlay.png","3dssz_enhanced\before_joint_rgb_overlay.png","72288","2026-07-17T10:23:01.9053946Z","FBFE98F62D3F18950D2E7FAF705A6DC574A5AF4121D5D9760167E2C7150B2CDF"
"M006","M0-1","E:\Code\Geocore_M0-1_image_fusion\tiepoint_registration_v4\3dssz_enhanced\displacement_magnitude.png","E:\Code\Geocore_M0&1_Preprocessing\modules\M0-1_image_fusion\qa\legacy_registration_20260717\tiepoint_registration_v4\3dssz_enhanced\displacement_magnitude.png","3dssz_enhanced\displacement_magnitude.png","14159","2026-07-17T10:23:02.0059596Z","258B6DCCF9B00775F37A7BF48325F18DFE4439B842BDF26A20822EA7F56C7A72"
"M006","M0-1","E:\Code\Geocore_M0-1_image_fusion\tiepoint_registration_v4\3dssz_enhanced\report.json","E:\Code\Geocore_M0&1_Preprocessing\modules\M0-1_image_fusion\qa\legacy_registration_20260717\tiepoint_registration_v4\3dssz_enhanced\report.json","3dssz_enhanced\report.json","9737","2026-07-17T10:23:02.0069067Z","560063D39F502A525E313B657BD5DDC063E41595D5A9495C4298DDDAD0687027"
"M006","M0-1","E:\Code\Geocore_M0-1_image_fusion\tiepoint_registration_v4\3dssz_enhanced\tie_points.png","E:\Code\Geocore_M0&1_Preprocessing\modules\M0-1_image_fusion\qa\legacy_registration_20260717\tiepoint_registration_v4\3dssz_enhanced\tie_points.png","3dssz_enhanced\tie_points.png","90179","2026-07-17T10:23:01.9978475Z","DA8EA873FDA22AACC2A9F7C87B4972B6D936E103CBB283D4B8E4EB75D4852FBE"
"M006","M0-1","E:\Code\Geocore_M0-1_image_fusion\tiepoint_registration_v4\3dssz_enhanced_sequential\after_joint_rgb_overlay.png","E:\Code\Geocore_M0&1_Preprocessing\modules\M0-1_image_fusion\qa\legacy_registration_20260717\tiepoint_registration_v4\3dssz_enhanced_sequential\after_joint_rgb_overlay.png","3dssz_enhanced_sequential\after_joint_rgb_overlay.png","71967","2026-07-17T10:38:20.3405999Z","6BE15D075985B562E0E0CCC7007C6FEEC389A6241BB228E87250D23F8EDBF241"
"M006","M0-1","E:\Code\Geocore_M0-1_image_fusion\tiepoint_registration_v4\3dssz_enhanced_sequential\after_nir_rgb_overlay.png","E:\Code\Geocore_M0&1_Preprocessing\modules\M0-1_image_fusion\qa\legacy_registration_20260717\tiepoint_registration_v4\3dssz_enhanced_sequential\after_nir_rgb_overlay.png","3dssz_enhanced_sequential\after_nir_rgb_overlay.png","70345","2026-07-17T10:38:20.3608333Z","A924907464A8ECC2B59C0573C985D4E81451B7E40771D012B9B3DB359A5AF640"
"M006","M0-1","E:\Code\Geocore_M0-1_image_fusion\tiepoint_registration_v4\3dssz_enhanced_sequential\after_swir_rgb_overlay.png","E:\Code\Geocore_M0&1_Preprocessing\modules\M0-1_image_fusion\qa\legacy_registration_20260717\tiepoint_registration_v4\3dssz_enhanced_sequential\after_swir_rgb_overlay.png","3dssz_enhanced_sequential\after_swir_rgb_overlay.png","71061","2026-07-17T10:38:20.3800878Z","48B3390C3278EF630CE1B6CE106BF7EDD0C485D10B6270472FEE8FA744718D47"
"M006","M0-1","E:\Code\Geocore_M0-1_image_fusion\tiepoint_registration_v4\3dssz_enhanced_sequential\before_joint_rgb_overlay.png","E:\Code\Geocore_M0&1_Preprocessing\modules\M0-1_image_fusion\qa\legacy_registration_20260717\tiepoint_registration_v4\3dssz_enhanced_sequential\before_joint_rgb_overlay.png","3dssz_enhanced_sequential\before_joint_rgb_overlay.png","72288","2026-07-17T10:38:20.3206701Z","FBFE98F62D3F18950D2E7FAF705A6DC574A5AF4121D5D9760167E2C7150B2CDF"
"M006","M0-1","E:\Code\Geocore_M0-1_image_fusion\tiepoint_registration_v4\3dssz_enhanced_sequential\displacement_magnitude.png","E:\Code\Geocore_M0&1_Preprocessing\modules\M0-1_image_fusion\qa\legacy_registration_20260717\tiepoint_registration_v4\3dssz_enhanced_sequential\displacement_magnitude.png","3dssz_enhanced_sequential\displacement_magnitude.png","12830","2026-07-17T10:38:20.3982935Z","D52DDDFFB9F897489A46DCE0899851A3B14E129CE9754C715E9E311FD507C551"
"M006","M0-1","E:\Code\Geocore_M0-1_image_fusion\tiepoint_registration_v4\3dssz_enhanced_sequential\report.json","E:\Code\Geocore_M0&1_Preprocessing\modules\M0-1_image_fusion\qa\legacy_registration_20260717\tiepoint_registration_v4\3dssz_enhanced_sequential\report.json","3dssz_enhanced_sequential\report.json","29702","2026-07-17T10:38:20.4181361Z","4798A3213EFFE76E3D482AB3EA2FB02662D46A16558B1B643DB29B2D4761A424"
"M006","M0-1","E:\Code\Geocore_M0-1_image_fusion\tiepoint_registration_v4\3dssz_enhanced_sequential\tie_points.png","E:\Code\Geocore_M0&1_Preprocessing\modules\M0-1_image_fusion\qa\legacy_registration_20260717\tiepoint_registration_v4\3dssz_enhanced_sequential\tie_points.png","3dssz_enhanced_sequential\tie_points.png","89633","2026-07-17T10:38:20.3943746Z","6083E2FF1A01A1EE85F8359252BE3F0653E36A6FE2EAFDB3050BA1A084174157"
"M006","M0-1","E:\Code\Geocore_M0-1_image_fusion\tiepoint_registration_v4\3dssz_enhanced_sequential\tie_points_joint_to_rgb.png","E:\Code\Geocore_M0&1_Preprocessing\modules\M0-1_image_fusion\qa\legacy_registration_20260717\tiepoint_registration_v4\3dssz_enhanced_sequential\tie_points_joint_to_rgb.png","3dssz_enhanced_sequential\tie_points_joint_to_rgb.png","89948","2026-07-17T10:38:20.1787336Z","4DC43609EBCBE96B82B2CC5DF0EA7EAF40D3E4B1BC0A00B523D700B5F4E3802F"
"M006","M0-1","E:\Code\Geocore_M0-1_image_fusion\tiepoint_registration_v4\3dssz_enhanced_sequential\tie_points_nir_to_rgb.png","E:\Code\Geocore_M0&1_Preprocessing\modules\M0-1_image_fusion\qa\legacy_registration_20260717\tiepoint_registration_v4\3dssz_enhanced_sequential\tie_points_nir_to_rgb.png","3dssz_enhanced_sequential\tie_points_nir_to_rgb.png","90851","2026-07-17T10:38:19.9790497Z","D34E4C635BCAD7111B295798E1BC84771B6A07319580F3DA2CF6D068EE7A1DF6"
"M006","M0-1","E:\Code\Geocore_M0-1_image_fusion\tiepoint_registration_v4\3dssz_enhanced_sequential\tie_points_swir_to_rgb.png","E:\Code\Geocore_M0&1_Preprocessing\modules\M0-1_image_fusion\qa\legacy_registration_20260717\tiepoint_registration_v4\3dssz_enhanced_sequential\tie_points_swir_to_rgb.png","3dssz_enhanced_sequential\tie_points_swir_to_rgb.png","93647","2026-07-17T10:38:19.7986964Z","22F78718404A9E76B184478C40CFEA95F29A1C1F7585408CDFDC6ABAD909719D"
"M006","M0-1","E:\Code\Geocore_M0-1_image_fusion\tiepoint_registration_v4\3dssz_original\after_joint_rgb_overlay.png","E:\Code\Geocore_M0&1_Preprocessing\modules\M0-1_image_fusion\qa\legacy_registration_20260717\tiepoint_registration_v4\3dssz_original\after_joint_rgb_overlay.png","3dssz_original\after_joint_rgb_overlay.png","72288","2026-07-17T10:21:42.4107691Z","FBFE98F62D3F18950D2E7FAF705A6DC574A5AF4121D5D9760167E2C7150B2CDF"
"M006","M0-1","E:\Code\Geocore_M0-1_image_fusion\tiepoint_registration_v4\3dssz_original\after_nir_rgb_overlay.png","E:\Code\Geocore_M0&1_Preprocessing\modules\M0-1_image_fusion\qa\legacy_registration_20260717\tiepoint_registration_v4\3dssz_original\after_nir_rgb_overlay.png","3dssz_original\after_nir_rgb_overlay.png","70345","2026-07-17T10:21:42.4335035Z","A924907464A8ECC2B59C0573C985D4E81451B7E40771D012B9B3DB359A5AF640"
"M006","M0-1","E:\Code\Geocore_M0-1_image_fusion\tiepoint_registration_v4\3dssz_original\after_swir_rgb_overlay.png","E:\Code\Geocore_M0&1_Preprocessing\modules\M0-1_image_fusion\qa\legacy_registration_20260717\tiepoint_registration_v4\3dssz_original\after_swir_rgb_overlay.png","3dssz_original\after_swir_rgb_overlay.png","70813","2026-07-17T10:21:42.4564006Z","518A92ED277F2FBE3FC8151B5A6162D4C9FFB50D9B4A09EEB3B814F3403C925C"
"M006","M0-1","E:\Code\Geocore_M0-1_image_fusion\tiepoint_registration_v4\3dssz_original\before_joint_rgb_overlay.png","E:\Code\Geocore_M0&1_Preprocessing\modules\M0-1_image_fusion\qa\legacy_registration_20260717\tiepoint_registration_v4\3dssz_original\before_joint_rgb_overlay.png","3dssz_original\before_joint_rgb_overlay.png","72288","2026-07-17T10:21:42.3852343Z","FBFE98F62D3F18950D2E7FAF705A6DC574A5AF4121D5D9760167E2C7150B2CDF"
"M006","M0-1","E:\Code\Geocore_M0-1_image_fusion\tiepoint_registration_v4\3dssz_original\displacement_magnitude.png","E:\Code\Geocore_M0&1_Preprocessing\modules\M0-1_image_fusion\qa\legacy_registration_20260717\tiepoint_registration_v4\3dssz_original\displacement_magnitude.png","3dssz_original\displacement_magnitude.png","15159","2026-07-17T10:21:42.4859517Z","1587F80DEF8FBD93E42C60FF54C03481A6FDD0D59D787889B276B8B16A25B84B"
"M006","M0-1","E:\Code\Geocore_M0-1_image_fusion\tiepoint_registration_v4\3dssz_original\report.json","E:\Code\Geocore_M0&1_Preprocessing\modules\M0-1_image_fusion\qa\legacy_registration_20260717\tiepoint_registration_v4\3dssz_original\report.json","3dssz_original\report.json","14366","2026-07-17T10:21:42.4879562Z","3C03E0C02FAF0739BCDD17C85D4CF71A2C540FDD7ED22B798C087DEDC3EA1417"
"M006","M0-1","E:\Code\Geocore_M0-1_image_fusion\tiepoint_registration_v4\3dssz_original\tie_points.png","E:\Code\Geocore_M0&1_Preprocessing\modules\M0-1_image_fusion\qa\legacy_registration_20260717\tiepoint_registration_v4\3dssz_original\tie_points.png","3dssz_original\tie_points.png","92602","2026-07-17T10:21:42.4788996Z","E8EED3A210E762291C19E6FD4AFCD4D6B9C2FA6B75FB20414DEA8C610F3D8F39"
"M006","M0-1","E:\Code\Geocore_M0-1_image_fusion\tiepoint_registration_v4\3dssz_original_narrow\after_joint_rgb_overlay.png","E:\Code\Geocore_M0&1_Preprocessing\modules\M0-1_image_fusion\qa\legacy_registration_20260717\tiepoint_registration_v4\3dssz_original_narrow\after_joint_rgb_overlay.png","3dssz_original_narrow\after_joint_rgb_overlay.png","72288","2026-07-17T10:25:34.7355202Z","FBFE98F62D3F18950D2E7FAF705A6DC574A5AF4121D5D9760167E2C7150B2CDF"
"M006","M0-1","E:\Code\Geocore_M0-1_image_fusion\tiepoint_registration_v4\3dssz_original_narrow\after_nir_rgb_overlay.png","E:\Code\Geocore_M0&1_Preprocessing\modules\M0-1_image_fusion\qa\legacy_registration_20260717\tiepoint_registration_v4\3dssz_original_narrow\after_nir_rgb_overlay.png","3dssz_original_narrow\after_nir_rgb_overlay.png","70345","2026-07-17T10:25:34.7730820Z","A924907464A8ECC2B59C0573C985D4E81451B7E40771D012B9B3DB359A5AF640"
"M006","M0-1","E:\Code\Geocore_M0-1_image_fusion\tiepoint_registration_v4\3dssz_original_narrow\after_swir_rgb_overlay.png","E:\Code\Geocore_M0&1_Preprocessing\modules\M0-1_image_fusion\qa\legacy_registration_20260717\tiepoint_registration_v4\3dssz_original_narrow\after_swir_rgb_overlay.png","3dssz_original_narrow\after_swir_rgb_overlay.png","70813","2026-07-17T10:25:34.8001931Z","518A92ED277F2FBE3FC8151B5A6162D4C9FFB50D9B4A09EEB3B814F3403C925C"
"M006","M0-1","E:\Code\Geocore_M0-1_image_fusion\tiepoint_registration_v4\3dssz_original_narrow\before_joint_rgb_overlay.png","E:\Code\Geocore_M0&1_Preprocessing\modules\M0-1_image_fusion\qa\legacy_registration_20260717\tiepoint_registration_v4\3dssz_original_narrow\before_joint_rgb_overlay.png","3dssz_original_narrow\before_joint_rgb_overlay.png","72288","2026-07-17T10:25:34.7009009Z","FBFE98F62D3F18950D2E7FAF705A6DC574A5AF4121D5D9760167E2C7150B2CDF"
"M006","M0-1","E:\Code\Geocore_M0-1_image_fusion\tiepoint_registration_v4\3dssz_original_narrow\displacement_magnitude.png","E:\Code\Geocore_M0&1_Preprocessing\modules\M0-1_image_fusion\qa\legacy_registration_20260717\tiepoint_registration_v4\3dssz_original_narrow\displacement_magnitude.png","3dssz_original_narrow\displacement_magnitude.png","18691","2026-07-17T10:25:34.8312504Z","C65592F0283DC17F8CBC2B7BE74B74E86A40CB0531C7060BF5E588E369BF103E"
"M006","M0-1","E:\Code\Geocore_M0-1_image_fusion\tiepoint_registration_v4\3dssz_original_narrow\report.json","E:\Code\Geocore_M0&1_Preprocessing\modules\M0-1_image_fusion\qa\legacy_registration_20260717\tiepoint_registration_v4\3dssz_original_narrow\report.json","3dssz_original_narrow\report.json","18629","2026-07-17T10:25:34.8332606Z","6AEC929CBA85F3DBC0B966F6B9B0EEB8CB9495648D8931D22A8AB80BAF862991"
"M006","M0-1","E:\Code\Geocore_M0-1_image_fusion\tiepoint_registration_v4\3dssz_original_narrow\tie_points.png","E:\Code\Geocore_M0&1_Preprocessing\modules\M0-1_image_fusion\qa\legacy_registration_20260717\tiepoint_registration_v4\3dssz_original_narrow\tie_points.png","3dssz_original_narrow\tie_points.png","94818","2026-07-17T10:25:34.8247148Z","B54942368CF98C4438A68D5B70AEBFB8FBB867AC8EE98D4F6D8237B6367095DD"
"M006","M0-1","E:\Code\Geocore_M0-1_image_fusion\tiepoint_registration_v4\3dssz_sequential\after_joint_rgb_overlay.png","E:\Code\Geocore_M0&1_Preprocessing\modules\M0-1_image_fusion\qa\legacy_registration_20260717\tiepoint_registration_v4\3dssz_sequential\after_joint_rgb_overlay.png","3dssz_sequential\after_joint_rgb_overlay.png","72632","2026-07-17T10:27:57.6660867Z","1EA0AAA611BDA11C8DF447F9B03C1B6B47597A81B291FFCFC255F6213D534A32"
"M006","M0-1","E:\Code\Geocore_M0-1_image_fusion\tiepoint_registration_v4\3dssz_sequential\after_nir_rgb_overlay.png","E:\Code\Geocore_M0&1_Preprocessing\modules\M0-1_image_fusion\qa\legacy_registration_20260717\tiepoint_registration_v4\3dssz_sequential\after_nir_rgb_overlay.png","3dssz_sequential\after_nir_rgb_overlay.png","71609","2026-07-17T10:27:57.6921249Z","1E9459CE14094AD33B7BA9DF5460C8AC7E2447C97808DAE934E4BA649140A426"
"M006","M0-1","E:\Code\Geocore_M0-1_image_fusion\tiepoint_registration_v4\3dssz_sequential\after_swir_rgb_overlay.png","E:\Code\Geocore_M0&1_Preprocessing\modules\M0-1_image_fusion\qa\legacy_registration_20260717\tiepoint_registration_v4\3dssz_sequential\after_swir_rgb_overlay.png","3dssz_sequential\after_swir_rgb_overlay.png","71949","2026-07-17T10:27:57.7221779Z","BD03680BD2107284BB38DEEF4575B6BF40D8197E3617886FF5A20584FECDB759"
"M006","M0-1","E:\Code\Geocore_M0-1_image_fusion\tiepoint_registration_v4\3dssz_sequential\before_joint_rgb_overlay.png","E:\Code\Geocore_M0&1_Preprocessing\modules\M0-1_image_fusion\qa\legacy_registration_20260717\tiepoint_registration_v4\3dssz_sequential\before_joint_rgb_overlay.png","3dssz_sequential\before_joint_rgb_overlay.png","72288","2026-07-17T10:27:57.6341993Z","FBFE98F62D3F18950D2E7FAF705A6DC574A5AF4121D5D9760167E2C7150B2CDF"
"M006","M0-1","E:\Code\Geocore_M0-1_image_fusion\tiepoint_registration_v4\3dssz_sequential\displacement_magnitude.png","E:\Code\Geocore_M0&1_Preprocessing\modules\M0-1_image_fusion\qa\legacy_registration_20260717\tiepoint_registration_v4\3dssz_sequential\displacement_magnitude.png","3dssz_sequential\displacement_magnitude.png","17162","2026-07-17T10:27:57.7447660Z","BDA2365E94FF3D6D9C263C2C734221F1EC5DAE57733086F61225740F6A4B62AA"
"M006","M0-1","E:\Code\Geocore_M0-1_image_fusion\tiepoint_registration_v4\3dssz_sequential\report.json","E:\Code\Geocore_M0&1_Preprocessing\modules\M0-1_image_fusion\qa\legacy_registration_20260717\tiepoint_registration_v4\3dssz_sequential\report.json","3dssz_sequential\report.json","62746","2026-07-17T10:27:57.7744780Z","42C15B055F85F396B7C87815F20C62D36A295C1CB65C24659A61D635936B8140"
"M006","M0-1","E:\Code\Geocore_M0-1_image_fusion\tiepoint_registration_v4\3dssz_sequential\tie_points.png","E:\Code\Geocore_M0&1_Preprocessing\modules\M0-1_image_fusion\qa\legacy_registration_20260717\tiepoint_registration_v4\3dssz_sequential\tie_points.png","3dssz_sequential\tie_points.png","93268","2026-07-17T10:27:57.7387614Z","B9D81D36A67D9D994CFE1E5CE3B71234E69D054AD3F860929FD005E149FFB000"
"M006","M0-1","E:\Code\Geocore_M0-1_image_fusion\tiepoint_registration_v4\3dssz_sequential\tie_points_joint_to_rgb.png","E:\Code\Geocore_M0&1_Preprocessing\modules\M0-1_image_fusion\qa\legacy_registration_20260717\tiepoint_registration_v4\3dssz_sequential\tie_points_joint_to_rgb.png","3dssz_sequential\tie_points_joint_to_rgb.png","92308","2026-07-17T10:27:57.4352610Z","2041C38B13BCF149CA516A7026EA75D5E1390CB4D214127F05B46F0AE1C0D9B7"
"M006","M0-1","E:\Code\Geocore_M0-1_image_fusion\tiepoint_registration_v4\3dssz_sequential\tie_points_nir_to_swir.png","E:\Code\Geocore_M0&1_Preprocessing\modules\M0-1_image_fusion\qa\legacy_registration_20260717\tiepoint_registration_v4\3dssz_sequential\tie_points_nir_to_swir.png","3dssz_sequential\tie_points_nir_to_swir.png","75578","2026-07-17T10:27:53.7456711Z","8D32C71AB402EEB6E4F2C4A00A6BB7C394F56FB48F8F499AC67F39AD9E9697D4"
"M006","M0-1","E:\Code\Geocore_M0-1_image_fusion\tiepoint_registration_v4\3dssz_sequential\tie_points_swir_to_rgb.png","E:\Code\Geocore_M0&1_Preprocessing\modules\M0-1_image_fusion\qa\legacy_registration_20260717\tiepoint_registration_v4\3dssz_sequential\tie_points_swir_to_rgb.png","3dssz_sequential\tie_points_swir_to_rgb.png","96470","2026-07-17T10:27:50.0283090Z","B097966C6CCD3C867F7F5D46A06633AAA571A18A8D1E91EC1357DC956B2DB6D5"
"M006","M0-1","E:\Code\Geocore_M0-1_image_fusion\tiepoint_registration_v4\3dssz_swir_shared\after_joint_rgb_overlay.png","E:\Code\Geocore_M0&1_Preprocessing\modules\M0-1_image_fusion\qa\legacy_registration_20260717\tiepoint_registration_v4\3dssz_swir_shared\after_joint_rgb_overlay.png","3dssz_swir_shared\after_joint_rgb_overlay.png","72409","2026-07-17T10:33:21.8642410Z","4A5BCF3EA623183847A4B278CAB80884DFDCDFCB3E3ED1D25E6E606B2BF88107"
"M006","M0-1","E:\Code\Geocore_M0-1_image_fusion\tiepoint_registration_v4\3dssz_swir_shared\after_nir_rgb_overlay.png","E:\Code\Geocore_M0&1_Preprocessing\modules\M0-1_image_fusion\qa\legacy_registration_20260717\tiepoint_registration_v4\3dssz_swir_shared\after_nir_rgb_overlay.png","3dssz_swir_shared\after_nir_rgb_overlay.png","71653","2026-07-17T10:33:21.8842401Z","AEAD822A3F35F73992B3FF4FEA3C35BB88AABFAA3A59CE1EB5DDF9AE25C30D6B"
"M006","M0-1","E:\Code\Geocore_M0-1_image_fusion\tiepoint_registration_v4\3dssz_swir_shared\after_swir_rgb_overlay.png","E:\Code\Geocore_M0&1_Preprocessing\modules\M0-1_image_fusion\qa\legacy_registration_20260717\tiepoint_registration_v4\3dssz_swir_shared\after_swir_rgb_overlay.png","3dssz_swir_shared\after_swir_rgb_overlay.png","71949","2026-07-17T10:33:21.9027606Z","BD03680BD2107284BB38DEEF4575B6BF40D8197E3617886FF5A20584FECDB759"
"M006","M0-1","E:\Code\Geocore_M0-1_image_fusion\tiepoint_registration_v4\3dssz_swir_shared\before_joint_rgb_overlay.png","E:\Code\Geocore_M0&1_Preprocessing\modules\M0-1_image_fusion\qa\legacy_registration_20260717\tiepoint_registration_v4\3dssz_swir_shared\before_joint_rgb_overlay.png","3dssz_swir_shared\before_joint_rgb_overlay.png","72288","2026-07-17T10:33:21.8439847Z","FBFE98F62D3F18950D2E7FAF705A6DC574A5AF4121D5D9760167E2C7150B2CDF"
"M006","M0-1","E:\Code\Geocore_M0-1_image_fusion\tiepoint_registration_v4\3dssz_swir_shared\displacement_magnitude.png","E:\Code\Geocore_M0&1_Preprocessing\modules\M0-1_image_fusion\qa\legacy_registration_20260717\tiepoint_registration_v4\3dssz_swir_shared\displacement_magnitude.png","3dssz_swir_shared\displacement_magnitude.png","15339","2026-07-17T10:33:21.9221395Z","F77012125A700897ADDEE433BDEC952AD9686F323BDEFE2A24C2ED151C7D8CE8"
"M006","M0-1","E:\Code\Geocore_M0-1_image_fusion\tiepoint_registration_v4\3dssz_swir_shared\report.json","E:\Code\Geocore_M0&1_Preprocessing\modules\M0-1_image_fusion\qa\legacy_registration_20260717\tiepoint_registration_v4\3dssz_swir_shared\report.json","3dssz_swir_shared\report.json","59764","2026-07-17T10:33:21.9453370Z","42D8B23C16D1AB17F55111EB2A4F673310523370215F46F9C326CA7F53592EA2"
"M006","M0-1","E:\Code\Geocore_M0-1_image_fusion\tiepoint_registration_v4\3dssz_swir_shared\tie_points.png","E:\Code\Geocore_M0&1_Preprocessing\modules\M0-1_image_fusion\qa\legacy_registration_20260717\tiepoint_registration_v4\3dssz_swir_shared\tie_points.png","3dssz_swir_shared\tie_points.png","92950","2026-07-17T10:33:21.9171409Z","7350725D3D65A47AE1FEFA82E449204CE3902B12C436CDE57AE98849839C0495"
"M006","M0-1","E:\Code\Geocore_M0-1_image_fusion\tiepoint_registration_v4\3dssz_swir_shared\tie_points_joint_to_rgb.png","E:\Code\Geocore_M0&1_Preprocessing\modules\M0-1_image_fusion\qa\legacy_registration_20260717\tiepoint_registration_v4\3dssz_swir_shared\tie_points_joint_to_rgb.png","3dssz_swir_shared\tie_points_joint_to_rgb.png","92150","2026-07-17T10:33:21.6981247Z","3D86F1F5538C8877B7895646DBD19CE7FE6CF0ED2391EFD0F3570A0A2858C108"
"M006","M0-1","E:\Code\Geocore_M0-1_image_fusion\tiepoint_registration_v4\3dssz_swir_shared\tie_points_nir_to_rgb.png","E:\Code\Geocore_M0&1_Preprocessing\modules\M0-1_image_fusion\qa\legacy_registration_20260717\tiepoint_registration_v4\3dssz_swir_shared\tie_points_nir_to_rgb.png","3dssz_swir_shared\tie_points_nir_to_rgb.png","95116","2026-07-17T10:33:18.7642348Z","33658CB2326B796727BAFCB9A79BD987BDFD16B0A2842322AFC5066BAAB9507F"
"M006","M0-1","E:\Code\Geocore_M0-1_image_fusion\tiepoint_registration_v4\3dssz_swir_shared\tie_points_swir_to_rgb.png","E:\Code\Geocore_M0&1_Preprocessing\modules\M0-1_image_fusion\qa\legacy_registration_20260717\tiepoint_registration_v4\3dssz_swir_shared\tie_points_swir_to_rgb.png","3dssz_swir_shared\tie_points_swir_to_rgb.png","96470","2026-07-17T10:33:15.8217221Z","B097966C6CCD3C867F7F5D46A06633AAA571A18A8D1E91EC1357DC956B2DB6D5"
"M006","M0-1","E:\Code\Geocore_M0-1_image_fusion\tiepoint_registration_v4\zkh3_enhanced_sequential\after_joint_rgb_overlay.png","E:\Code\Geocore_M0&1_Preprocessing\modules\M0-1_image_fusion\qa\legacy_registration_20260717\tiepoint_registration_v4\zkh3_enhanced_sequential\after_joint_rgb_overlay.png","zkh3_enhanced_sequential\after_joint_rgb_overlay.png","100748","2026-07-17T10:40:10.0492541Z","BC9A842B38C979D34B7B95C3167EEA2B4D60EE70C39160B6428ED89D5B1E90D2"
"M006","M0-1","E:\Code\Geocore_M0-1_image_fusion\tiepoint_registration_v4\zkh3_enhanced_sequential\after_nir_rgb_overlay.png","E:\Code\Geocore_M0&1_Preprocessing\modules\M0-1_image_fusion\qa\legacy_registration_20260717\tiepoint_registration_v4\zkh3_enhanced_sequential\after_nir_rgb_overlay.png","zkh3_enhanced_sequential\after_nir_rgb_overlay.png","100797","2026-07-17T10:40:10.0638181Z","CF36B068A8FB83AF849AE9DCDF00723EB69892ABA709DC57EFFA2DD8B1689D36"
"M006","M0-1","E:\Code\Geocore_M0-1_image_fusion\tiepoint_registration_v4\zkh3_enhanced_sequential\after_swir_rgb_overlay.png","E:\Code\Geocore_M0&1_Preprocessing\modules\M0-1_image_fusion\qa\legacy_registration_20260717\tiepoint_registration_v4\zkh3_enhanced_sequential\after_swir_rgb_overlay.png","zkh3_enhanced_sequential\after_swir_rgb_overlay.png","101018","2026-07-17T10:40:10.0783249Z","D61E0D7E01581E4BC36307AE0303C75E9A35188AA680A55D6E058600BE348376"
"M006","M0-1","E:\Code\Geocore_M0-1_image_fusion\tiepoint_registration_v4\zkh3_enhanced_sequential\before_joint_rgb_overlay.png","E:\Code\Geocore_M0&1_Preprocessing\modules\M0-1_image_fusion\qa\legacy_registration_20260717\tiepoint_registration_v4\zkh3_enhanced_sequential\before_joint_rgb_overlay.png","zkh3_enhanced_sequential\before_joint_rgb_overlay.png","101168","2026-07-17T10:40:10.0340085Z","B8400C354114909D38FB155C85E88579A804EBFDB7A19E5F89260C4D9799D04B"
"M006","M0-1","E:\Code\Geocore_M0-1_image_fusion\tiepoint_registration_v4\zkh3_enhanced_sequential\displacement_magnitude.png","E:\Code\Geocore_M0&1_Preprocessing\modules\M0-1_image_fusion\qa\legacy_registration_20260717\tiepoint_registration_v4\zkh3_enhanced_sequential\displacement_magnitude.png","zkh3_enhanced_sequential\displacement_magnitude.png","15331","2026-07-17T10:40:10.0991464Z","E6736BF1B53922C39DDBBEA44DCFBA354A65AE2B07704D6FC6C0CF21A6664CF5"
"M006","M0-1","E:\Code\Geocore_M0-1_image_fusion\tiepoint_registration_v4\zkh3_enhanced_sequential\report.json","E:\Code\Geocore_M0&1_Preprocessing\modules\M0-1_image_fusion\qa\legacy_registration_20260717\tiepoint_registration_v4\zkh3_enhanced_sequential\report.json","zkh3_enhanced_sequential\report.json","61835","2026-07-17T10:40:10.1216875Z","E3745FD96CDF2956B593F1AE732B89B85401E677AB345000D0F70015C3892E97"
"M006","M0-1","E:\Code\Geocore_M0-1_image_fusion\tiepoint_registration_v4\zkh3_enhanced_sequential\tie_points.png","E:\Code\Geocore_M0&1_Preprocessing\modules\M0-1_image_fusion\qa\legacy_registration_20260717\tiepoint_registration_v4\zkh3_enhanced_sequential\tie_points.png","zkh3_enhanced_sequential\tie_points.png","126534","2026-07-17T10:40:10.0939480Z","F32B45DA15B3AA5ABE94D5B38B36F0BDE529A7B7D817B1B2B25A9F167B438988"
"M006","M0-1","E:\Code\Geocore_M0-1_image_fusion\tiepoint_registration_v4\zkh3_enhanced_sequential\tie_points_joint_to_rgb.png","E:\Code\Geocore_M0&1_Preprocessing\modules\M0-1_image_fusion\qa\legacy_registration_20260717\tiepoint_registration_v4\zkh3_enhanced_sequential\tie_points_joint_to_rgb.png","zkh3_enhanced_sequential\tie_points_joint_to_rgb.png","130559","2026-07-17T10:40:09.8937998Z","05124BDFA3F67A0C7CEF07E8DF484795C153FF0FDA81489E069AB873FF3595AA"
"M006","M0-1","E:\Code\Geocore_M0-1_image_fusion\tiepoint_registration_v4\zkh3_enhanced_sequential\tie_points_nir_to_rgb.png","E:\Code\Geocore_M0&1_Preprocessing\modules\M0-1_image_fusion\qa\legacy_registration_20260717\tiepoint_registration_v4\zkh3_enhanced_sequential\tie_points_nir_to_rgb.png","zkh3_enhanced_sequential\tie_points_nir_to_rgb.png","133613","2026-07-17T10:40:09.6939505Z","8077420E7D0C59DE887E47A18B3F763640BD1A0AD4785019DED26609FE755D37"
"M006","M0-1","E:\Code\Geocore_M0-1_image_fusion\tiepoint_registration_v4\zkh3_enhanced_sequential\tie_points_swir_to_rgb.png","E:\Code\Geocore_M0&1_Preprocessing\modules\M0-1_image_fusion\qa\legacy_registration_20260717\tiepoint_registration_v4\zkh3_enhanced_sequential\tie_points_swir_to_rgb.png","zkh3_enhanced_sequential\tie_points_swir_to_rgb.png","134220","2026-07-17T10:40:09.5023961Z","C228A282E0035E985BE7BAA80CE9A2386BF8ABA82C932B61B80A7A133261072B"
"M007","M0-1","E:\Code\Geocore_M0-1_image_fusion\roi_outputs\alignment_diagnosis_ZKH3_132_140\nir_native_struct.png","E:\Code\Geocore_M0&1_Preprocessing\modules\M0-1_image_fusion\qa\legacy_registration_20260717\alignment_diagnosis_ZKH3_132_140\nir_native_struct.png","nir_native_struct.png","843061","2026-06-16T00:51:11.8853496Z","2C1B5D9FE1657AA2F9B1806D9EA47DF9F4F9921F27CA6D1ACA0F5BBF8F68BDEF"
"M007","M0-1","E:\Code\Geocore_M0-1_image_fusion\roi_outputs\alignment_diagnosis_ZKH3_132_140\overlay_full_scene_rgb_nir.png","E:\Code\Geocore_M0&1_Preprocessing\modules\M0-1_image_fusion\qa\legacy_registration_20260717\alignment_diagnosis_ZKH3_132_140\overlay_full_scene_rgb_nir.png","overlay_full_scene_rgb_nir.png","2683046","2026-06-16T00:51:12.2930769Z","00E49D44AF69952D46635D8C5182572309A87DE317AA6979F9FC2A12A85C70EE"
"M007","M0-1","E:\Code\Geocore_M0-1_image_fusion\roi_outputs\alignment_diagnosis_ZKH3_132_140\overlay_full_scene_rgb_swir.png","E:\Code\Geocore_M0&1_Preprocessing\modules\M0-1_image_fusion\qa\legacy_registration_20260717\alignment_diagnosis_ZKH3_132_140\overlay_full_scene_rgb_swir.png","overlay_full_scene_rgb_swir.png","2764830","2026-06-16T00:51:12.4425305Z","9ED198986AE1815E9778A210E4469C289D3252452C6A57026A2F171166CF72E9"
"M007","M0-1","E:\Code\Geocore_M0-1_image_fusion\roi_outputs\alignment_diagnosis_ZKH3_132_140\overlay_top_left_native_rgb_nir.png","E:\Code\Geocore_M0&1_Preprocessing\modules\M0-1_image_fusion\qa\legacy_registration_20260717\alignment_diagnosis_ZKH3_132_140\overlay_top_left_native_rgb_nir.png","overlay_top_left_native_rgb_nir.png","2247190","2026-06-16T00:51:12.5864380Z","51725A621F156713C3C4AD3BBAF2E992C2DAB023F8695BBD788C6630B9004204"
"M007","M0-1","E:\Code\Geocore_M0-1_image_fusion\roi_outputs\alignment_diagnosis_ZKH3_132_140\overlay_top_left_native_rgb_swir.png","E:\Code\Geocore_M0&1_Preprocessing\modules\M0-1_image_fusion\qa\legacy_registration_20260717\alignment_diagnosis_ZKH3_132_140\overlay_top_left_native_rgb_swir.png","overlay_top_left_native_rgb_swir.png","2352314","2026-06-16T00:51:12.7345058Z","EAB65F565AC0A2AD9D777EFEE9C1C603D1DB4850A47435ED02C187FB35CF4C63"
"M007","M0-1","E:\Code\Geocore_M0-1_image_fusion\roi_outputs\alignment_diagnosis_ZKH3_132_140\rgb_downsample_8x.png","E:\Code\Geocore_M0&1_Preprocessing\modules\M0-1_image_fusion\qa\legacy_registration_20260717\alignment_diagnosis_ZKH3_132_140\rgb_downsample_8x.png","rgb_downsample_8x.png","522823","2026-06-16T00:51:11.8345453Z","F95235A190289BA0EFBB207B788B70BCD5D5AB87F0F9DF9837385EB38538EE9B"
"M007","M0-1","E:\Code\Geocore_M0-1_image_fusion\roi_outputs\alignment_diagnosis_ZKH3_132_140\swir_native_struct.png","E:\Code\Geocore_M0&1_Preprocessing\modules\M0-1_image_fusion\qa\legacy_registration_20260717\alignment_diagnosis_ZKH3_132_140\swir_native_struct.png","swir_native_struct.png","895879","2026-06-16T00:51:11.9347018Z","AD9BA9B62FD3C0AAB414A46D01F6A2DA8E7DA08CA0C3C1C61FBD238B232F1A68"
"M008","M0-1","E:\Code\Geocore_M0-1_image_fusion\roi_outputs\ZKH3_132_140_roi_768x512_final_hsi_rgb_warp\aligned_envi\NIR_aligned_roi.dat","E:\Code\Geocore_M0&1_Preprocessing\modules\M0-1_image_fusion\assets\legacy_zkh3_132_140\aligned_envi\NIR_aligned_roi.dat","NIR_aligned_roi.dat","16462116","2026-06-16T01:42:28.6688582Z","C079DCDC3B3B15F45C16E193A9CD1699F01388156621812BCC528E89F4F5E0C6"
"M008","M0-1","E:\Code\Geocore_M0-1_image_fusion\roi_outputs\ZKH3_132_140_roi_768x512_final_hsi_rgb_warp\aligned_envi\NIR_aligned_roi.hdr","E:\Code\Geocore_M0&1_Preprocessing\modules\M0-1_image_fusion\assets\legacy_zkh3_132_140\aligned_envi\NIR_aligned_roi.hdr","NIR_aligned_roi.hdr","3100","2026-06-16T01:42:28.6698687Z","55BF30F83F7019A5F0DE35AE2784E685E192342B57EAB098425C39AF214FA88A"
"M008","M0-1","E:\Code\Geocore_M0-1_image_fusion\roi_outputs\ZKH3_132_140_roi_768x512_final_hsi_rgb_warp\aligned_envi\RGB_aligned_roi.dat","E:\Code\Geocore_M0&1_Preprocessing\modules\M0-1_image_fusion\assets\legacy_zkh3_132_140\aligned_envi\RGB_aligned_roi.dat","RGB_aligned_roi.dat","1179648","2026-06-16T01:42:28.6576752Z","459EB97728580881B4631FC0F8A8A4BC16773D4F181E7C8F237A9048401DE5C8"
"M008","M0-1","E:\Code\Geocore_M0-1_image_fusion\roi_outputs\ZKH3_132_140_roi_768x512_final_hsi_rgb_warp\aligned_envi\RGB_aligned_roi.hdr","E:\Code\Geocore_M0&1_Preprocessing\modules\M0-1_image_fusion\assets\legacy_zkh3_132_140\aligned_envi\RGB_aligned_roi.hdr","RGB_aligned_roi.hdr","190","2026-06-16T01:42:28.6576752Z","7D0FCD31DF6A4F83FE8BD33FA0A688129C841D47CAEB8F9F360DB3E7A7AE4DA1"
"M008","M0-1","E:\Code\Geocore_M0-1_image_fusion\roi_outputs\ZKH3_132_140_roi_768x512_final_hsi_rgb_warp\aligned_envi\SWIR_aligned_roi.dat","E:\Code\Geocore_M0&1_Preprocessing\modules\M0-1_image_fusion\assets\legacy_zkh3_132_140\aligned_envi\SWIR_aligned_roi.dat","SWIR_aligned_roi.dat","10234512","2026-06-16T01:42:28.6753973Z","252B5F62C89D734A92BFC468F777D5B849468469CCBD56DF0D679963D9DCAE05"
"M008","M0-1","E:\Code\Geocore_M0-1_image_fusion\roi_outputs\ZKH3_132_140_roi_768x512_final_hsi_rgb_warp\aligned_envi\SWIR_aligned_roi.hdr","E:\Code\Geocore_M0&1_Preprocessing\modules\M0-1_image_fusion\assets\legacy_zkh3_132_140\aligned_envi\SWIR_aligned_roi.hdr","SWIR_aligned_roi.hdr","2090","2026-06-16T01:42:28.6753973Z","3E1A51763456A86553C6C693372234E09A0D7FA31115A5C4E42C4A0B8529F5D5"
"M009","M0-1","E:\Code\Geocore_M0-1_image_fusion\roi_outputs\ZKH3_132_140_roi_768x512_final_hsi_rgb_warp\fusion_v2_comparison\compare_falsecolor_2200_1600_850.png","E:\Code\Geocore_M0&1_Preprocessing\modules\M0-1_image_fusion\qa\legacy_registration_20260717\fusion_v2_comparison\compare_falsecolor_2200_1600_850.png","compare_falsecolor_2200_1600_850.png","3283623","2026-06-16T06:44:28.7960570Z","31930B1D3B4A5C5F4D7B24E9460571C225B446D180E5F702F844B084C5FC96AB"
"M009","M0-1","E:\Code\Geocore_M0-1_image_fusion\roi_outputs\ZKH3_132_140_roi_768x512_final_hsi_rgb_warp\fusion_v2_comparison\compare_falsecolor_2350_1900_970.png","E:\Code\Geocore_M0&1_Preprocessing\modules\M0-1_image_fusion\qa\legacy_registration_20260717\fusion_v2_comparison\compare_falsecolor_2350_1900_970.png","compare_falsecolor_2350_1900_970.png","3282386","2026-06-16T06:44:28.9250413Z","995AD8087086D65FA3827B1391B9814F2753C11DB4DF358D204F8B4E796DC669"
"M009","M0-1","E:\Code\Geocore_M0-1_image_fusion\roi_outputs\ZKH3_132_140_roi_768x512_final_hsi_rgb_warp\fusion_v2_comparison\compare_mean_selected_bands.png","E:\Code\Geocore_M0&1_Preprocessing\modules\M0-1_image_fusion\qa\legacy_registration_20260717\fusion_v2_comparison\compare_mean_selected_bands.png","compare_mean_selected_bands.png","2124878","2026-06-16T06:44:29.0276918Z","CCB612BE578F3EB63CE0E49B53F9093EE4E9090EF4B82D2CB551BA5FC7F8D84E"
"M009","M0-1","E:\Code\Geocore_M0-1_image_fusion\roi_outputs\ZKH3_132_140_roi_768x512_final_hsi_rgb_warp\fusion_v2_comparison\fusion_v2_spatial_metrics.json","E:\Code\Geocore_M0&1_Preprocessing\modules\M0-1_image_fusion\qa\legacy_registration_20260717\fusion_v2_comparison\fusion_v2_spatial_metrics.json","fusion_v2_spatial_metrics.json","7126","2026-06-16T06:44:29.0286987Z","1A358A1F0090CE76FBB7CB39E2DF3DFE5E71BC9B46908DB2357E22F9F3BE73B9"
"M010","M0-1","E:\Code\Geocore_M0-1_image_fusion\roi_outputs\ZKH3_132_140_roi_768x512_final_hsi_rgb_warp\previews\global_nir_preview_with_roi.png","E:\Code\Geocore_M0&1_Preprocessing\modules\M0-1_image_fusion\qa\legacy_registration_20260717\roi_previews\global_nir_preview_with_roi.png","global_nir_preview_with_roi.png","680500","2026-06-16T01:42:29.0058292Z","39990F278572EB9BC9C962646EAC44CD0F55A5A90F80CDDECB1619401EE9D180"
"M010","M0-1","E:\Code\Geocore_M0-1_image_fusion\roi_outputs\ZKH3_132_140_roi_768x512_final_hsi_rgb_warp\previews\global_rgb_preview_with_roi.png","E:\Code\Geocore_M0&1_Preprocessing\modules\M0-1_image_fusion\qa\legacy_registration_20260717\roi_previews\global_rgb_preview_with_roi.png","global_rgb_preview_with_roi.png","887556","2026-06-16T01:42:28.9498785Z","0AE406ADACF5369E33F2187E2EB832EDF88D434E2C4EDDC92D8ACF58FB34C578"
"M010","M0-1","E:\Code\Geocore_M0-1_image_fusion\roi_outputs\ZKH3_132_140_roi_768x512_final_hsi_rgb_warp\previews\global_swir_preview_with_roi.png","E:\Code\Geocore_M0&1_Preprocessing\modules\M0-1_image_fusion\qa\legacy_registration_20260717\roi_previews\global_swir_preview_with_roi.png","global_swir_preview_with_roi.png","719014","2026-06-16T01:42:29.0622047Z","926A9CBE8AB47D52C0D5EBDA55454EB851A253E0D4F3E4ECDF08C5BC6324FDC8"
"M010","M0-1","E:\Code\Geocore_M0-1_image_fusion\roi_outputs\ZKH3_132_140_roi_768x512_final_hsi_rgb_warp\previews\roi_nir_registered.png","E:\Code\Geocore_M0&1_Preprocessing\modules\M0-1_image_fusion\qa\legacy_registration_20260717\roi_previews\roi_nir_registered.png","roi_nir_registered.png","112649","2026-06-16T01:42:28.7591873Z","3A29A2350BCD7492A61DCE6E12440D5164D288D6D7681CD7844C7C6CC7684B08"
"M010","M0-1","E:\Code\Geocore_M0-1_image_fusion\roi_outputs\ZKH3_132_140_roi_768x512_final_hsi_rgb_warp\previews\roi_overlay_nir_swir.png","E:\Code\Geocore_M0&1_Preprocessing\modules\M0-1_image_fusion\qa\legacy_registration_20260717\roi_previews\roi_overlay_nir_swir.png","roi_overlay_nir_swir.png","25382","2026-06-16T01:42:28.9091050Z","CB2BB2B43736372C9E5502C084A2E95991E1D5FE0B2C446F415118F041F402F9"
"M010","M0-1","E:\Code\Geocore_M0-1_image_fusion\roi_outputs\ZKH3_132_140_roi_768x512_final_hsi_rgb_warp\previews\roi_overlay_rgb_nir.png","E:\Code\Geocore_M0&1_Preprocessing\modules\M0-1_image_fusion\qa\legacy_registration_20260717\roi_previews\roi_overlay_rgb_nir.png","roi_overlay_rgb_nir.png","566879","2026-06-16T01:42:28.8405585Z","698F0466DA67E93A013FC79EB54FE9FA171CF10B6C7284FFDD6B6ABC1655D43D"
"M010","M0-1","E:\Code\Geocore_M0-1_image_fusion\roi_outputs\ZKH3_132_140_roi_768x512_final_hsi_rgb_warp\previews\roi_overlay_rgb_swir.png","E:\Code\Geocore_M0&1_Preprocessing\modules\M0-1_image_fusion\qa\legacy_registration_20260717\roi_previews\roi_overlay_rgb_swir.png","roi_overlay_rgb_swir.png","570050","2026-06-16T01:42:28.8922269Z","905E112EF379968BF03662847A6AEFAB1C5C666B737DCEBB199DDFF81599ED56"
"M010","M0-1","E:\Code\Geocore_M0-1_image_fusion\roi_outputs\ZKH3_132_140_roi_768x512_final_hsi_rgb_warp\previews\roi_rgb.png","E:\Code\Geocore_M0&1_Preprocessing\modules\M0-1_image_fusion\qa\legacy_registration_20260717\roi_previews\roi_rgb.png","roi_rgb.png","474542","2026-06-16T01:42:28.7271893Z","7E7CE59CCA0E34DE80C9D9A7673D62A7751094EC0BB32B44F4BA8FD2FAC6F19E"
"M010","M0-1","E:\Code\Geocore_M0-1_image_fusion\roi_outputs\ZKH3_132_140_roi_768x512_final_hsi_rgb_warp\previews\roi_swir_registered.png","E:\Code\Geocore_M0&1_Preprocessing\modules\M0-1_image_fusion\qa\legacy_registration_20260717\roi_previews\roi_swir_registered.png","roi_swir_registered.png","115247","2026-06-16T01:42:28.7877700Z","1BF65E84D624C932CE16DC1E6A2A0AF0409F572BF2841C53DB291DF9B7E173C7"
"M011","M0-1","E:\Code\Geocore_M0-1_image_fusion\roi_outputs\ZKH3_132_140_roi_768x512_final_hsi_rgb_warp\tiepoint_sessions\joint_hsi_to_rgb_lowres_final\session.json","E:\Code\Geocore_M0&1_Preprocessing\modules\M0-1_image_fusion\qa\legacy_registration_20260717\tiepoint_sessions\joint_hsi_to_rgb_lowres_final\session.json","joint_hsi_to_rgb_lowres_final\session.json","20255","2026-06-16T06:13:01.0462209Z","676996C6D0DE04DBECE3658EB5635D65A1EC47F617AB9AC90702FA6E9A8EB118"
"M011","M0-1","E:\Code\Geocore_M0-1_image_fusion\roi_outputs\ZKH3_132_140_roi_768x512_final_hsi_rgb_warp\tiepoint_sessions\joint_hsi_to_rgb_lowres_final\previews\joint_hsi_to_rgb_lowres_final_context_moving_points.png","E:\Code\Geocore_M0&1_Preprocessing\modules\M0-1_image_fusion\qa\legacy_registration_20260717\tiepoint_sessions\joint_hsi_to_rgb_lowres_final\previews\joint_hsi_to_rgb_lowres_final_context_moving_points.png","joint_hsi_to_rgb_lowres_final\previews\joint_hsi_to_rgb_lowres_final_context_moving_points.png","329218","2026-06-16T06:13:01.3308999Z","C32F825AF3F0402C7E3FCF18DA4B30F93E5E1045E44832A88CF0C65BDC5222DE"
"M011","M0-1","E:\Code\Geocore_M0-1_image_fusion\roi_outputs\ZKH3_132_140_roi_768x512_final_hsi_rgb_warp\tiepoint_sessions\joint_hsi_to_rgb_lowres_final\previews\joint_hsi_to_rgb_lowres_final_context_reference_points.png","E:\Code\Geocore_M0&1_Preprocessing\modules\M0-1_image_fusion\qa\legacy_registration_20260717\tiepoint_sessions\joint_hsi_to_rgb_lowres_final\previews\joint_hsi_to_rgb_lowres_final_context_reference_points.png","joint_hsi_to_rgb_lowres_final\previews\joint_hsi_to_rgb_lowres_final_context_reference_points.png","387519","2026-06-16T06:13:01.3019609Z","2F808ADE50744E37D877726DE958889A0A4D160DA6D28ED8B59AF37A3601E306"
"M011","M0-1","E:\Code\Geocore_M0-1_image_fusion\roi_outputs\ZKH3_132_140_roi_768x512_final_hsi_rgb_warp\tiepoint_sessions\joint_hsi_to_rgb_lowres_final\previews\joint_hsi_to_rgb_lowres_final_context_side_by_side.png","E:\Code\Geocore_M0&1_Preprocessing\modules\M0-1_image_fusion\qa\legacy_registration_20260717\tiepoint_sessions\joint_hsi_to_rgb_lowres_final\previews\joint_hsi_to_rgb_lowres_final_context_side_by_side.png","joint_hsi_to_rgb_lowres_final\previews\joint_hsi_to_rgb_lowres_final_context_side_by_side.png","726104","2026-06-16T06:13:01.2651735Z","16A57E22C6E67853E8544E980C5ABE6957F20FA077EAF93773751FBF5133914D"
"M012","M0-1","E:\Code\Geocore_M0-1_image_fusion\roi_outputs\ZKH3_132_140_roi_768x512_final_hsi_rgb_warp\roi_manifest.json","E:\Code\Geocore_M0&1_Preprocessing\modules\M0-1_image_fusion\qa\legacy_registration_20260717\roi_manifest.json","roi_manifest.json","43427","2026-06-16T01:42:29.0654781Z","90446A154A24FB089CB8D362BB483EA7574D039459301D72A0ED0E94226B334C"
"M013","M0-1","E:\Code\Geocore_M0-1_image_fusion\roi_outputs\ZKH3_132_140_roi_768x512_final_hsi_rgb_warp\fusion_v2_classical\manifest.json","E:\Code\Geocore_M0&1_Preprocessing\modules\M0-1_image_fusion\qa\legacy_registration_20260717\fusion_v2_classical\manifest.json","manifest.json","1421","2026-06-16T06:37:44.6937154Z","4578D716248D8824B25089F0DEA68BB95D2076E13CC77BC32BD72E29A1B027FC"
"M014","M0-1","E:\Code\Geocore_M0-1_image_fusion\roi_outputs\ZKH3_132_140_roi_768x512_final_hsi_rgb_warp\fusion_v2_classical\metadata\band_metadata.csv","E:\Code\Geocore_M0&1_Preprocessing\modules\M0-1_image_fusion\qa\legacy_registration_20260717\fusion_v2_classical\metadata\band_metadata.csv","band_metadata.csv","31429","2026-06-16T06:37:44.6393530Z","C045098BC15FD2F7903E080EAD62481C49F015A346282B84285CC07DDF47645C"
"M014","M0-1","E:\Code\Geocore_M0-1_image_fusion\roi_outputs\ZKH3_132_140_roi_768x512_final_hsi_rgb_warp\fusion_v2_classical\metadata\input_metadata.json","E:\Code\Geocore_M0&1_Preprocessing\modules\M0-1_image_fusion\qa\legacy_registration_20260717\fusion_v2_classical\metadata\input_metadata.json","input_metadata.json","1272","2026-06-16T06:37:44.6405230Z","62B9D2E5E81AE73293718897358CD4BA336E0B60432E3965DE69F27A39069CA9"
"M014","M0-1","E:\Code\Geocore_M0-1_image_fusion\roi_outputs\ZKH3_132_140_roi_768x512_final_hsi_rgb_warp\fusion_v2_classical\metadata\processing_config.json","E:\Code\Geocore_M0&1_Preprocessing\modules\M0-1_image_fusion\qa\legacy_registration_20260717\fusion_v2_classical\metadata\processing_config.json","processing_config.json","619","2026-06-16T06:37:44.6405230Z","9E48EFF056432851D0EE4A5260CD54E3CD1864914F736DA1C00BD9D1CD31C01C"
"M014","M0-1","E:\Code\Geocore_M0-1_image_fusion\roi_outputs\ZKH3_132_140_roi_768x512_final_hsi_rgb_warp\fusion_v2_classical\metadata\registration_model.json","E:\Code\Geocore_M0&1_Preprocessing\modules\M0-1_image_fusion\qa\legacy_registration_20260717\fusion_v2_classical\metadata\registration_model.json","registration_model.json","439","2026-06-16T06:37:44.6405230Z","928856FE02936C5F764E7082B4A068D43E7E0848DDFA60D726A3409120BE6164"
"M014","M0-1","E:\Code\Geocore_M0-1_image_fusion\roi_outputs\ZKH3_132_140_roi_768x512_final_hsi_rgb_warp\fusion_v2_classical\metadata\spectral_stitch_model.json","E:\Code\Geocore_M0&1_Preprocessing\modules\M0-1_image_fusion\qa\legacy_registration_20260717\fusion_v2_classical\metadata\spectral_stitch_model.json","spectral_stitch_model.json","9735","2026-06-16T06:37:44.6400208Z","0DE1C79BEAEDA466523CD3D4D3837FF7380790B0B14E3CA8B28E2EF7007A0276"
"M015","M0-1","E:\Code\Geocore_M0-1_image_fusion\roi_outputs\ZKH3_132_140_roi_768x512_final_hsi_rgb_warp\fusion_v2_classical\metrics\quality_report.json","E:\Code\Geocore_M0&1_Preprocessing\modules\M0-1_image_fusion\qa\legacy_registration_20260717\fusion_v2_classical\metrics\quality_report.json","quality_report.json","1053","2026-06-16T06:37:44.6927227Z","29757969A4E6222AA6B46518C2D47CFB387023AAD55F3975640C5886E0CA8F52"
"M016","M0-1","E:\Code\Geocore_M0-1_image_fusion\roi_outputs\ZKH3_132_140_roi_768x512_final_hsi_rgb_warp\fusion_v2_classical\previews\preview_falsecolor_2200_1600_850_v2.png","E:\Code\Geocore_M0&1_Preprocessing\modules\M0-1_image_fusion\qa\legacy_registration_20260717\fusion_v2_classical\previews\preview_falsecolor_2200_1600_850_v2.png","preview_falsecolor_2200_1600_850_v2.png","817554","2026-06-16T06:44:28.2306652Z","917A203C1E157F35824520D1D3C95BF3741DE10AB11BE20D97BC043A00E0FF9B"
"M016","M0-1","E:\Code\Geocore_M0-1_image_fusion\roi_outputs\ZKH3_132_140_roi_768x512_final_hsi_rgb_warp\fusion_v2_classical\previews\preview_falsecolor_2350_1900_970_v2.png","E:\Code\Geocore_M0&1_Preprocessing\modules\M0-1_image_fusion\qa\legacy_registration_20260717\fusion_v2_classical\previews\preview_falsecolor_2350_1900_970_v2.png","preview_falsecolor_2350_1900_970_v2.png","821572","2026-06-16T06:44:28.2567780Z","D3920AA50FB2F28806B707012561C2BAAD7D98880AE2CFF261038200C5FBE73A"
"M016","M0-1","E:\Code\Geocore_M0-1_image_fusion\roi_outputs\ZKH3_132_140_roi_768x512_final_hsi_rgb_warp\fusion_v2_classical\previews\preview_mean_selected_bands_v2.png","E:\Code\Geocore_M0&1_Preprocessing\modules\M0-1_image_fusion\qa\legacy_registration_20260717\fusion_v2_classical\previews\preview_mean_selected_bands_v2.png","preview_mean_selected_bands_v2.png","290170","2026-06-16T06:44:28.2733431Z","ADC1EB399F4948B227C1AD5A543FFF0AC3E339E5B41F2F4A87A586B4C7E8A769"
"M016","M0-1","E:\Code\Geocore_M0-1_image_fusion\roi_outputs\ZKH3_132_140_roi_768x512_final_hsi_rgb_warp\fusion_v2_classical\previews\preview_rgb.png","E:\Code\Geocore_M0&1_Preprocessing\modules\M0-1_image_fusion\qa\legacy_registration_20260717\fusion_v2_classical\previews\preview_rgb.png","preview_rgb.png","474542","2026-06-16T06:37:44.6927227Z","7E7CE59CCA0E34DE80C9D9A7673D62A7751094EC0BB32B44F4BA8FD2FAC6F19E"
"M017","M0-1","E:\Code\Geocore_M0-1_image_fusion\roi_outputs\ZKH3_132_140_roi_768x512_final_hsi_rgb_warp\fusion_v2_deep_unsupervised\manifest.json","E:\Code\Geocore_M0&1_Preprocessing\modules\M0-1_image_fusion\qa\legacy_registration_20260717\fusion_v2_deep_unsupervised\manifest.json","manifest.json","1429","2026-06-16T06:43:28.4319762Z","382D838D68C0CB636C67930D13F3603D9295EBD67985881E3CA31A59F3829486"
"M018","M0-1","E:\Code\Geocore_M0-1_image_fusion\roi_outputs\ZKH3_132_140_roi_768x512_final_hsi_rgb_warp\fusion_v2_deep_unsupervised\metadata\band_metadata.csv","E:\Code\Geocore_M0&1_Preprocessing\modules\M0-1_image_fusion\qa\legacy_registration_20260717\fusion_v2_deep_unsupervised\metadata\band_metadata.csv","band_metadata.csv","31429","2026-06-16T06:43:28.3799580Z","C045098BC15FD2F7903E080EAD62481C49F015A346282B84285CC07DDF47645C"
"M018","M0-1","E:\Code\Geocore_M0-1_image_fusion\roi_outputs\ZKH3_132_140_roi_768x512_final_hsi_rgb_warp\fusion_v2_deep_unsupervised\metadata\input_metadata.json","E:\Code\Geocore_M0&1_Preprocessing\modules\M0-1_image_fusion\qa\legacy_registration_20260717\fusion_v2_deep_unsupervised\metadata\input_metadata.json","input_metadata.json","1272","2026-06-16T06:43:28.3809580Z","62B9D2E5E81AE73293718897358CD4BA336E0B60432E3965DE69F27A39069CA9"
"M018","M0-1","E:\Code\Geocore_M0-1_image_fusion\roi_outputs\ZKH3_132_140_roi_768x512_final_hsi_rgb_warp\fusion_v2_deep_unsupervised\metadata\processing_config.json","E:\Code\Geocore_M0&1_Preprocessing\modules\M0-1_image_fusion\qa\legacy_registration_20260717\fusion_v2_deep_unsupervised\metadata\processing_config.json","processing_config.json","627","2026-06-16T06:43:28.3809580Z","500845ECBB784BE7066003645264E9F58CB5F5F7E4165AFAE1D3C07CC7A3FAEE"
"M018","M0-1","E:\Code\Geocore_M0-1_image_fusion\roi_outputs\ZKH3_132_140_roi_768x512_final_hsi_rgb_warp\fusion_v2_deep_unsupervised\metadata\registration_model.json","E:\Code\Geocore_M0&1_Preprocessing\modules\M0-1_image_fusion\qa\legacy_registration_20260717\fusion_v2_deep_unsupervised\metadata\registration_model.json","registration_model.json","439","2026-06-16T06:43:28.3809580Z","928856FE02936C5F764E7082B4A068D43E7E0848DDFA60D726A3409120BE6164"
"M018","M0-1","E:\Code\Geocore_M0-1_image_fusion\roi_outputs\ZKH3_132_140_roi_768x512_final_hsi_rgb_warp\fusion_v2_deep_unsupervised\metadata\spectral_stitch_model.json","E:\Code\Geocore_M0&1_Preprocessing\modules\M0-1_image_fusion\qa\legacy_registration_20260717\fusion_v2_deep_unsupervised\metadata\spectral_stitch_model.json","spectral_stitch_model.json","9735","2026-06-16T06:43:28.3809580Z","0DE1C79BEAEDA466523CD3D4D3837FF7380790B0B14E3CA8B28E2EF7007A0276"
"M019","M0-1","E:\Code\Geocore_M0-1_image_fusion\roi_outputs\ZKH3_132_140_roi_768x512_final_hsi_rgb_warp\fusion_v2_deep_unsupervised\metrics\quality_report.json","E:\Code\Geocore_M0&1_Preprocessing\modules\M0-1_image_fusion\qa\legacy_registration_20260717\fusion_v2_deep_unsupervised\metrics\quality_report.json","quality_report.json","1060","2026-06-16T06:43:28.4319762Z","198EB207E1435EC7442C83C009D55A87829EF0FFC4238FFE46D5EAA45A2AAA48"
"M020","M0-1","E:\Code\Geocore_M0-1_image_fusion\roi_outputs\ZKH3_132_140_roi_768x512_final_hsi_rgb_warp\fusion_v2_deep_unsupervised\previews\preview_falsecolor_2200_1600_850_v2.png","E:\Code\Geocore_M0&1_Preprocessing\modules\M0-1_image_fusion\qa\legacy_registration_20260717\fusion_v2_deep_unsupervised\previews\preview_falsecolor_2200_1600_850_v2.png","preview_falsecolor_2200_1600_850_v2.png","810274","2026-06-16T06:44:28.6044763Z","7016D102BA1FDCF8D17347D2005C62F4753E67377AF5830FDF2F3FBB9A156F6D"
"M020","M0-1","E:\Code\Geocore_M0-1_image_fusion\roi_outputs\ZKH3_132_140_roi_768x512_final_hsi_rgb_warp\fusion_v2_deep_unsupervised\previews\preview_falsecolor_2350_1900_970_v2.png","E:\Code\Geocore_M0&1_Preprocessing\modules\M0-1_image_fusion\qa\legacy_registration_20260717\fusion_v2_deep_unsupervised\previews\preview_falsecolor_2350_1900_970_v2.png","preview_falsecolor_2350_1900_970_v2.png","806434","2026-06-16T06:44:28.6301566Z","AD99843AEB9BB886C126B791151C73768FC0DF8BA5404DADDA21AC81C76F5A2E"
"M020","M0-1","E:\Code\Geocore_M0-1_image_fusion\roi_outputs\ZKH3_132_140_roi_768x512_final_hsi_rgb_warp\fusion_v2_deep_unsupervised\previews\preview_mean_selected_bands_v2.png","E:\Code\Geocore_M0&1_Preprocessing\modules\M0-1_image_fusion\qa\legacy_registration_20260717\fusion_v2_deep_unsupervised\previews\preview_mean_selected_bands_v2.png","preview_mean_selected_bands_v2.png","284684","2026-06-16T06:44:28.6466471Z","187DEAF714F6ABACC990B601BFB04EB5D9A3BAB57C74501CF49219DC0A4655B6"
"M020","M0-1","E:\Code\Geocore_M0-1_image_fusion\roi_outputs\ZKH3_132_140_roi_768x512_final_hsi_rgb_warp\fusion_v2_deep_unsupervised\previews\preview_rgb.png","E:\Code\Geocore_M0&1_Preprocessing\modules\M0-1_image_fusion\qa\legacy_registration_20260717\fusion_v2_deep_unsupervised\previews\preview_rgb.png","preview_rgb.png","474542","2026-06-16T06:43:28.4319762Z","7E7CE59CCA0E34DE80C9D9A7673D62A7751094EC0BB32B44F4BA8FD2FAC6F19E"
"M021","M0-1","E:\Code\Geocore_M0-1_image_fusion\roi_outputs\ZKH3_132_140_roi_768x512_final_hsi_rgb_warp\fusion_v2_fast_preview\manifest.json","E:\Code\Geocore_M0&1_Preprocessing\modules\M0-1_image_fusion\qa\legacy_registration_20260717\fusion_v2_fast_preview\manifest.json","manifest.json","1424","2026-06-16T06:37:25.7518010Z","1EBB1D0D0AE4EBB22425D8E2E540E209254CB70CF0A8A8461009D8872E9BF9DB"
"M022","M0-1","E:\Code\Geocore_M0-1_image_fusion\roi_outputs\ZKH3_132_140_roi_768x512_final_hsi_rgb_warp\fusion_v2_fast_preview\metadata\band_metadata.csv","E:\Code\Geocore_M0&1_Preprocessing\modules\M0-1_image_fusion\qa\legacy_registration_20260717\fusion_v2_fast_preview\metadata\band_metadata.csv","band_metadata.csv","31429","2026-06-16T06:37:25.6973508Z","C045098BC15FD2F7903E080EAD62481C49F015A346282B84285CC07DDF47645C"
"M022","M0-1","E:\Code\Geocore_M0-1_image_fusion\roi_outputs\ZKH3_132_140_roi_768x512_final_hsi_rgb_warp\fusion_v2_fast_preview\metadata\input_metadata.json","E:\Code\Geocore_M0&1_Preprocessing\modules\M0-1_image_fusion\qa\legacy_registration_20260717\fusion_v2_fast_preview\metadata\input_metadata.json","input_metadata.json","1272","2026-06-16T06:37:25.6993255Z","62B9D2E5E81AE73293718897358CD4BA336E0B60432E3965DE69F27A39069CA9"
"M022","M0-1","E:\Code\Geocore_M0-1_image_fusion\roi_outputs\ZKH3_132_140_roi_768x512_final_hsi_rgb_warp\fusion_v2_fast_preview\metadata\processing_config.json","E:\Code\Geocore_M0&1_Preprocessing\modules\M0-1_image_fusion\qa\legacy_registration_20260717\fusion_v2_fast_preview\metadata\processing_config.json","processing_config.json","622","2026-06-16T06:37:25.6993255Z","30FA7BD31C8116680B29A8170A64D81EB445A5AF4C7475A04BE12A5748AE14B9"
"M022","M0-1","E:\Code\Geocore_M0-1_image_fusion\roi_outputs\ZKH3_132_140_roi_768x512_final_hsi_rgb_warp\fusion_v2_fast_preview\metadata\registration_model.json","E:\Code\Geocore_M0&1_Preprocessing\modules\M0-1_image_fusion\qa\legacy_registration_20260717\fusion_v2_fast_preview\metadata\registration_model.json","registration_model.json","439","2026-06-16T06:37:25.6993255Z","928856FE02936C5F764E7082B4A068D43E7E0848DDFA60D726A3409120BE6164"
"M022","M0-1","E:\Code\Geocore_M0-1_image_fusion\roi_outputs\ZKH3_132_140_roi_768x512_final_hsi_rgb_warp\fusion_v2_fast_preview\metadata\spectral_stitch_model.json","E:\Code\Geocore_M0&1_Preprocessing\modules\M0-1_image_fusion\qa\legacy_registration_20260717\fusion_v2_fast_preview\metadata\spectral_stitch_model.json","spectral_stitch_model.json","9735","2026-06-16T06:37:25.6988532Z","0DE1C79BEAEDA466523CD3D4D3837FF7380790B0B14E3CA8B28E2EF7007A0276"
"M023","M0-1","E:\Code\Geocore_M0-1_image_fusion\roi_outputs\ZKH3_132_140_roi_768x512_final_hsi_rgb_warp\fusion_v2_fast_preview\metrics\quality_report.json","E:\Code\Geocore_M0&1_Preprocessing\modules\M0-1_image_fusion\qa\legacy_registration_20260717\fusion_v2_fast_preview\metrics\quality_report.json","quality_report.json","1043","2026-06-16T06:37:25.7518010Z","A20ACAF4CD2C678E8BA4451C8EB927F1364BFDC8EFF64BFEC44AAFF747B7B61D"
"M024","M0-1","E:\Code\Geocore_M0-1_image_fusion\roi_outputs\ZKH3_132_140_roi_768x512_final_hsi_rgb_warp\fusion_v2_fast_preview\previews\preview_falsecolor_2200_1600_850_v2.png","E:\Code\Geocore_M0&1_Preprocessing\modules\M0-1_image_fusion\qa\legacy_registration_20260717\fusion_v2_fast_preview\previews\preview_falsecolor_2200_1600_850_v2.png","preview_falsecolor_2200_1600_850_v2.png","720308","2026-06-16T06:44:27.8578432Z","B358226CDF3E5F3CC059EA3D7208CA3EFE2EE48246E36F72A331417B8652800B"
"M024","M0-1","E:\Code\Geocore_M0-1_image_fusion\roi_outputs\ZKH3_132_140_roi_768x512_final_hsi_rgb_warp\fusion_v2_fast_preview\previews\preview_falsecolor_2350_1900_970_v2.png","E:\Code\Geocore_M0&1_Preprocessing\modules\M0-1_image_fusion\qa\legacy_registration_20260717\fusion_v2_fast_preview\previews\preview_falsecolor_2350_1900_970_v2.png","preview_falsecolor_2350_1900_970_v2.png","717629","2026-06-16T06:44:27.8809644Z","FE583132CD8B666BE7A13B1B4FF4D88D7F5B1A3BB2FC37799CE885ADBA19543F"
"M024","M0-1","E:\Code\Geocore_M0-1_image_fusion\roi_outputs\ZKH3_132_140_roi_768x512_final_hsi_rgb_warp\fusion_v2_fast_preview\previews\preview_mean_selected_bands_v2.png","E:\Code\Geocore_M0&1_Preprocessing\modules\M0-1_image_fusion\qa\legacy_registration_20260717\fusion_v2_fast_preview\previews\preview_mean_selected_bands_v2.png","preview_mean_selected_bands_v2.png","260399","2026-06-16T06:44:27.8966107Z","E00DA3F662E85CEE5937C3C2EC58507B15F2CBE98C933CBD15CC384B2B660273"
"M024","M0-1","E:\Code\Geocore_M0-1_image_fusion\roi_outputs\ZKH3_132_140_roi_768x512_final_hsi_rgb_warp\fusion_v2_fast_preview\previews\preview_rgb.png","E:\Code\Geocore_M0&1_Preprocessing\modules\M0-1_image_fusion\qa\legacy_registration_20260717\fusion_v2_fast_preview\previews\preview_rgb.png","preview_rgb.png","474542","2026-06-16T06:37:25.7508025Z","7E7CE59CCA0E34DE80C9D9A7673D62A7751094EC0BB32B44F4BA8FD2FAC6F19E"
"M025","M0-1","E:\Code\Geocore_M0-1_image_fusion\roi_outputs\ZKH3_132_140_roi_768x512_final_hsi_rgb_warp\fusion_v2_upsample_only\manifest.json","E:\Code\Geocore_M0&1_Preprocessing\modules\M0-1_image_fusion\qa\legacy_registration_20260717\fusion_v2_upsample_only\manifest.json","manifest.json","1425","2026-06-16T06:37:13.9179713Z","420A0DD8CC312B4093B6AC744020D7311BBB8EF37BC5DEA3942C1CC547138D03"
"M026","M0-1","E:\Code\Geocore_M0-1_image_fusion\roi_outputs\ZKH3_132_140_roi_768x512_final_hsi_rgb_warp\fusion_v2_upsample_only\metadata\band_metadata.csv","E:\Code\Geocore_M0&1_Preprocessing\modules\M0-1_image_fusion\qa\legacy_registration_20260717\fusion_v2_upsample_only\metadata\band_metadata.csv","band_metadata.csv","31429","2026-06-16T06:37:13.8641899Z","C045098BC15FD2F7903E080EAD62481C49F015A346282B84285CC07DDF47645C"
"M026","M0-1","E:\Code\Geocore_M0-1_image_fusion\roi_outputs\ZKH3_132_140_roi_768x512_final_hsi_rgb_warp\fusion_v2_upsample_only\metadata\input_metadata.json","E:\Code\Geocore_M0&1_Preprocessing\modules\M0-1_image_fusion\qa\legacy_registration_20260717\fusion_v2_upsample_only\metadata\input_metadata.json","input_metadata.json","1272","2026-06-16T06:37:13.8651964Z","62B9D2E5E81AE73293718897358CD4BA336E0B60432E3965DE69F27A39069CA9"
"M026","M0-1","E:\Code\Geocore_M0-1_image_fusion\roi_outputs\ZKH3_132_140_roi_768x512_final_hsi_rgb_warp\fusion_v2_upsample_only\metadata\processing_config.json","E:\Code\Geocore_M0&1_Preprocessing\modules\M0-1_image_fusion\qa\legacy_registration_20260717\fusion_v2_upsample_only\metadata\processing_config.json","processing_config.json","623","2026-06-16T06:37:13.8651964Z","E628E9A6BD5021AB7F95E7A59973A8CC275AAD85457F88B57504F26EBB3AEA8B"
"M026","M0-1","E:\Code\Geocore_M0-1_image_fusion\roi_outputs\ZKH3_132_140_roi_768x512_final_hsi_rgb_warp\fusion_v2_upsample_only\metadata\registration_model.json","E:\Code\Geocore_M0&1_Preprocessing\modules\M0-1_image_fusion\qa\legacy_registration_20260717\fusion_v2_upsample_only\metadata\registration_model.json","registration_model.json","439","2026-06-16T06:37:13.8661964Z","928856FE02936C5F764E7082B4A068D43E7E0848DDFA60D726A3409120BE6164"
"M026","M0-1","E:\Code\Geocore_M0-1_image_fusion\roi_outputs\ZKH3_132_140_roi_768x512_final_hsi_rgb_warp\fusion_v2_upsample_only\metadata\spectral_stitch_model.json","E:\Code\Geocore_M0&1_Preprocessing\modules\M0-1_image_fusion\qa\legacy_registration_20260717\fusion_v2_upsample_only\metadata\spectral_stitch_model.json","spectral_stitch_model.json","9735","2026-06-16T06:37:13.8651964Z","0DE1C79BEAEDA466523CD3D4D3837FF7380790B0B14E3CA8B28E2EF7007A0276"
"M027","M0-1","E:\Code\Geocore_M0-1_image_fusion\roi_outputs\ZKH3_132_140_roi_768x512_final_hsi_rgb_warp\fusion_v2_upsample_only\metrics\quality_report.json","E:\Code\Geocore_M0&1_Preprocessing\modules\M0-1_image_fusion\qa\legacy_registration_20260717\fusion_v2_upsample_only\metrics\quality_report.json","quality_report.json","1060","2026-06-16T06:37:13.9179713Z","3ED78D4183AF5E64CBAA01D14E7B0C82E6DB4A8646EBBDA512069427CB3C89AF"
"M028","M0-1","E:\Code\Geocore_M0-1_image_fusion\roi_outputs\ZKH3_132_140_roi_768x512_final_hsi_rgb_warp\fusion_v2_upsample_only\previews\preview_falsecolor_2200_1600_850_v2.png","E:\Code\Geocore_M0&1_Preprocessing\modules\M0-1_image_fusion\qa\legacy_registration_20260717\fusion_v2_upsample_only\previews\preview_falsecolor_2200_1600_850_v2.png","preview_falsecolor_2200_1600_850_v2.png","357586","2026-06-16T06:44:27.4761054Z","41E0A5715E0C31A915ECB142176E9DE611354A255542564449EAA1ECE694B578"
"M028","M0-1","E:\Code\Geocore_M0-1_image_fusion\roi_outputs\ZKH3_132_140_roi_768x512_final_hsi_rgb_warp\fusion_v2_upsample_only\previews\preview_falsecolor_2350_1900_970_v2.png","E:\Code\Geocore_M0&1_Preprocessing\modules\M0-1_image_fusion\qa\legacy_registration_20260717\fusion_v2_upsample_only\previews\preview_falsecolor_2350_1900_970_v2.png","preview_falsecolor_2350_1900_970_v2.png","360240","2026-06-16T06:44:27.5076256Z","7621099A6384D9AFB5D91BABF2985D7F118BEA645D6630AB048905BB161721C8"
"M028","M0-1","E:\Code\Geocore_M0-1_image_fusion\roi_outputs\ZKH3_132_140_roi_768x512_final_hsi_rgb_warp\fusion_v2_upsample_only\previews\preview_mean_selected_bands_v2.png","E:\Code\Geocore_M0&1_Preprocessing\modules\M0-1_image_fusion\qa\legacy_registration_20260717\fusion_v2_upsample_only\previews\preview_mean_selected_bands_v2.png","preview_mean_selected_bands_v2.png","110873","2026-06-16T06:44:27.5261541Z","BB2B0D1BFBD9CCA217C23646A812953B34594AF35EAB996E1E3C226B93BC7CFC"
"M028","M0-1","E:\Code\Geocore_M0-1_image_fusion\roi_outputs\ZKH3_132_140_roi_768x512_final_hsi_rgb_warp\fusion_v2_upsample_only\previews\preview_rgb.png","E:\Code\Geocore_M0&1_Preprocessing\modules\M0-1_image_fusion\qa\legacy_registration_20260717\fusion_v2_upsample_only\previews\preview_rgb.png","preview_rgb.png","474542","2026-06-16T06:37:13.9179713Z","7E7CE59CCA0E34DE80C9D9A7673D62A7751094EC0BB32B44F4BA8FD2FAC6F19E"
"M029","M1-1","E:\Code\Geocore_M1-1_rotation_correction\RGB-20230909_141858-00000.dat","E:\Code\Geocore_M0&1_Preprocessing\modules\M1-1_rotation_correction\assets\legacy_rgb_20230909\RGB-20230909_141858-00000.dat","RGB-20230909_141858-00000.dat","138117120","2023-09-09T06:25:02.0000000Z","E9F0DAD9D993ADC8EC8EF48C560D36400371B2EF386EB7678B7A436179356333"
"M030","M1-1","E:\Code\Geocore_M1-1_rotation_correction\RGB-20230909_141858-00000.hdr","E:\Code\Geocore_M0&1_Preprocessing\modules\M1-1_rotation_correction\assets\legacy_rgb_20230909\RGB-20230909_141858-00000.hdr","RGB-20230909_141858-00000.hdr","459","2023-09-09T06:25:02.0000000Z","4E960D4241822DE68C18CA41D97769F7FD8D733D9C8753C9BBD4209F40D97C33"
"M031","M1-1","E:\Code\Geocore_M1-1_rotation_correction\outputs\debug\angle_scan_preview.jpg","E:\Code\Geocore_M0&1_Preprocessing\modules\M1-1_rotation_correction\qa\legacy_outputs_20260714\debug\angle_scan_preview.jpg","debug\angle_scan_preview.jpg","278394","2026-06-14T05:45:03.8728915Z","4CC8186681C70832CA20FE07B3131CDE32DE959C4029178C6DEE40029D510AD8"
"M031","M1-1","E:\Code\Geocore_M1-1_rotation_correction\outputs\debug\boxes_pairing_try.jpg","E:\Code\Geocore_M0&1_Preprocessing\modules\M1-1_rotation_correction\qa\legacy_outputs_20260714\debug\boxes_pairing_try.jpg","debug\boxes_pairing_try.jpg","922173","2026-06-13T18:49:21.8029471Z","A476AD046CCDC8F70F450D0981E2F65CEB62DE617A648E16752AE93E3CBBD9AC"
"M031","M1-1","E:\Code\Geocore_M1-1_rotation_correction\outputs\debug\edge_peaks.jpg","E:\Code\Geocore_M0&1_Preprocessing\modules\M1-1_rotation_correction\qa\legacy_outputs_20260714\debug\edge_peaks.jpg","debug\edge_peaks.jpg","923063","2026-06-13T18:46:17.7713968Z","AC2A82BF8F9B720C730BC333EE3E7830BB96CE2F4A5FFFF039B35C6197F3C4DD"
"M031","M1-1","E:\Code\Geocore_M1-1_rotation_correction\outputs\debug\raw_preview.jpg","E:\Code\Geocore_M0&1_Preprocessing\modules\M1-1_rotation_correction\qa\legacy_outputs_20260714\debug\raw_preview.jpg","debug\raw_preview.jpg","481737","2026-06-13T18:43:50.9086429Z","6BC1024E27CBF89419447605F24ADA6704E1FC724D5D51DE4886072548BF0147"
"M031","M1-1","E:\Code\Geocore_M1-1_rotation_correction\outputs\debug\scan_all_contact.jpg","E:\Code\Geocore_M0&1_Preprocessing\modules\M1-1_rotation_correction\qa\legacy_outputs_20260714\debug\scan_all_contact.jpg","debug\scan_all_contact.jpg","452309","2026-06-14T05:46:36.5430075Z","DC2278CA2F74A8E68736D2D8A7DBA97DE13D87B6BC34B61A7D01BF7838CBA88F"
"M031","M1-1","E:\Code\Geocore_M1-1_rotation_correction\outputs\debug\seg_overlay_try.jpg","E:\Code\Geocore_M0&1_Preprocessing\modules\M1-1_rotation_correction\qa\legacy_outputs_20260714\debug\seg_overlay_try.jpg","debug\seg_overlay_try.jpg","926203","2026-06-13T18:45:16.6315508Z","42763F591E97D82CE499069EE5A9E6181C39A5EB8EDE3B54C2E392C9EC73CCD2"
"M031","M1-1","E:\Code\Geocore_M1-1_rotation_correction\outputs\m1_1\metadata.json","E:\Code\Geocore_M0&1_Preprocessing\modules\M1-1_rotation_correction\qa\legacy_outputs_20260714\m1_1\metadata.json","m1_1\metadata.json","11867","2026-06-14T05:48:33.0509704Z","B1F054FD189D6730657D04241E0F3DEFCE1A34418ABA676766904917D5AB21CF"
"M031","M1-1","E:\Code\Geocore_M1-1_rotation_correction\outputs\m1_1\qa_report.md","E:\Code\Geocore_M0&1_Preprocessing\modules\M1-1_rotation_correction\qa\legacy_outputs_20260714\m1_1\qa_report.md","m1_1\qa_report.md","1406","2026-06-14T05:48:33.0509704Z","01D21F92A7C23C2CA844E1FAD11EAA1679A127D0C0CA3277222FED0CD3926DFB"
"M031","M1-1","E:\Code\Geocore_M1-1_rotation_correction\outputs\m1_1\corrected_boxes\box_0001.png","E:\Code\Geocore_M0&1_Preprocessing\modules\M1-1_rotation_correction\qa\legacy_outputs_20260714\m1_1\corrected_boxes\box_0001.png","m1_1\corrected_boxes\box_0001.png","3466845","2026-06-14T05:48:22.9743005Z","B3EC4EF2EE051E3951ED7BC7834215287AC915268F786BA7E954CECA9155BC3A"
"M031","M1-1","E:\Code\Geocore_M1-1_rotation_correction\outputs\m1_1\corrected_boxes\box_0002.png","E:\Code\Geocore_M0&1_Preprocessing\modules\M1-1_rotation_correction\qa\legacy_outputs_20260714\m1_1\corrected_boxes\box_0002.png","m1_1\corrected_boxes\box_0002.png","3599068","2026-06-14T05:48:24.2384804Z","2A808240C9F1C23A5D9DA4117EABC1D02AF1FB5A07170C4E68773F4363211AB4"
"M031","M1-1","E:\Code\Geocore_M1-1_rotation_correction\outputs\m1_1\corrected_boxes\box_0003.png","E:\Code\Geocore_M0&1_Preprocessing\modules\M1-1_rotation_correction\qa\legacy_outputs_20260714\m1_1\corrected_boxes\box_0003.png","m1_1\corrected_boxes\box_0003.png","3504987","2026-06-14T05:48:25.4698843Z","8418DCFEB62EFFD6D1127E9D5B18FF6503C652657569A2814A1587B87B5B93D6"
"M031","M1-1","E:\Code\Geocore_M1-1_rotation_correction\outputs\m1_1\corrected_boxes\box_0004.png","E:\Code\Geocore_M0&1_Preprocessing\modules\M1-1_rotation_correction\qa\legacy_outputs_20260714\m1_1\corrected_boxes\box_0004.png","m1_1\corrected_boxes\box_0004.png","3616854","2026-06-14T05:48:26.6810523Z","ADBC8959F3ECA221C24D5D9A23AD62CC0D8D15545DF5BEEE0D6A090D13EEDAAF"
"M031","M1-1","E:\Code\Geocore_M1-1_rotation_correction\outputs\m1_1\corrected_boxes\box_0005.png","E:\Code\Geocore_M0&1_Preprocessing\modules\M1-1_rotation_correction\qa\legacy_outputs_20260714\m1_1\corrected_boxes\box_0005.png","m1_1\corrected_boxes\box_0005.png","3884844","2026-06-14T05:48:27.8919678Z","8C60384F74FCB2E97CB8E917729AE94F28A8DDEA823EF9480594DF3755E89EB1"
"M031","M1-1","E:\Code\Geocore_M1-1_rotation_correction\outputs\m1_1\corrected_boxes\box_0006.png","E:\Code\Geocore_M0&1_Preprocessing\modules\M1-1_rotation_correction\qa\legacy_outputs_20260714\m1_1\corrected_boxes\box_0006.png","m1_1\corrected_boxes\box_0006.png","4071718","2026-06-14T05:48:29.1941186Z","939A66F38733EFAD1084B8AFD33A868597CE8BAFE500B18399C0A9BB69016887"
"M031","M1-1","E:\Code\Geocore_M1-1_rotation_correction\outputs\m1_1\corrected_boxes\box_0007.png","E:\Code\Geocore_M0&1_Preprocessing\modules\M1-1_rotation_correction\qa\legacy_outputs_20260714\m1_1\corrected_boxes\box_0007.png","m1_1\corrected_boxes\box_0007.png","3766156","2026-06-14T05:48:30.3960240Z","3690F1440EBC4DFC794DA6214C224225FD5BBE437ED549FA3504206F37BED417"
"M031","M1-1","E:\Code\Geocore_M1-1_rotation_correction\outputs\m1_1\corrected_boxes\box_0008.png","E:\Code\Geocore_M0&1_Preprocessing\modules\M1-1_rotation_correction\qa\legacy_outputs_20260714\m1_1\corrected_boxes\box_0008.png","m1_1\corrected_boxes\box_0008.png","3609003","2026-06-14T05:48:31.5658759Z","65860E8C6DA4D55FEC44644D5B804D8D64282BCE5F9018E8FEC456395C69E092"
"M031","M1-1","E:\Code\Geocore_M1-1_rotation_correction\outputs\m1_1\corrected_boxes\box_0009.png","E:\Code\Geocore_M0&1_Preprocessing\modules\M1-1_rotation_correction\qa\legacy_outputs_20260714\m1_1\corrected_boxes\box_0009.png","m1_1\corrected_boxes\box_0009.png","3579853","2026-06-14T05:48:32.7554322Z","B544D0BBC39F772AEA8CA1F50BAE64CD59A71C09EBEBFDCF60AAA6EE30EA0A9B"
"M031","M1-1","E:\Code\Geocore_M1-1_rotation_correction\outputs\m1_1\masks\box_0001_mask.png","E:\Code\Geocore_M0&1_Preprocessing\modules\M1-1_rotation_correction\qa\legacy_outputs_20260714\m1_1\masks\box_0001_mask.png","m1_1\masks\box_0001_mask.png","8106","2026-06-14T05:48:22.9846131Z","98E6D3EC2842EB76E03DDCC25710FBD018DCE23F307D1BFF85561F7CDBDC8DAC"
"M031","M1-1","E:\Code\Geocore_M1-1_rotation_correction\outputs\m1_1\masks\box_0002_mask.png","E:\Code\Geocore_M0&1_Preprocessing\modules\M1-1_rotation_correction\qa\legacy_outputs_20260714\m1_1\masks\box_0002_mask.png","m1_1\masks\box_0002_mask.png","8024","2026-06-14T05:48:24.2487784Z","FFDD9BD6F07BE193322D7400A16BC8884FFEAE61CA27807654C52D710488DF6C"
"M031","M1-1","E:\Code\Geocore_M1-1_rotation_correction\outputs\m1_1\masks\box_0003_mask.png","E:\Code\Geocore_M0&1_Preprocessing\modules\M1-1_rotation_correction\qa\legacy_outputs_20260714\m1_1\masks\box_0003_mask.png","m1_1\masks\box_0003_mask.png","7746","2026-06-14T05:48:25.4795801Z","0678EE167D8C1087DE29ED60C0C5DED192F975029D212E3432887F1C6B1855C9"
"M031","M1-1","E:\Code\Geocore_M1-1_rotation_correction\outputs\m1_1\masks\box_0004_mask.png","E:\Code\Geocore_M0&1_Preprocessing\modules\M1-1_rotation_correction\qa\legacy_outputs_20260714\m1_1\masks\box_0004_mask.png","m1_1\masks\box_0004_mask.png","8044","2026-06-14T05:48:26.6916925Z","9A9D752C98A7F9C94F795338D37F697208DBEC212A08088A0BC2CF40E0CEB02D"
"M031","M1-1","E:\Code\Geocore_M1-1_rotation_correction\outputs\m1_1\masks\box_0005_mask.png","E:\Code\Geocore_M0&1_Preprocessing\modules\M1-1_rotation_correction\qa\legacy_outputs_20260714\m1_1\masks\box_0005_mask.png","m1_1\masks\box_0005_mask.png","8822","2026-06-14T05:48:27.9030722Z","8A6BF075688905B68F761BF5B0F86AA7BA1D761274C52C11744D619D81241DA6"
"M031","M1-1","E:\Code\Geocore_M1-1_rotation_correction\outputs\m1_1\masks\box_0006_mask.png","E:\Code\Geocore_M0&1_Preprocessing\modules\M1-1_rotation_correction\qa\legacy_outputs_20260714\m1_1\masks\box_0006_mask.png","m1_1\masks\box_0006_mask.png","9071","2026-06-14T05:48:29.2050743Z","0848A2D8740093441A8C2CC692D8E973F4C25B827EC07102DB32E93916FE256E"
"M031","M1-1","E:\Code\Geocore_M1-1_rotation_correction\outputs\m1_1\masks\box_0007_mask.png","E:\Code\Geocore_M0&1_Preprocessing\modules\M1-1_rotation_correction\qa\legacy_outputs_20260714\m1_1\masks\box_0007_mask.png","m1_1\masks\box_0007_mask.png","8915","2026-06-14T05:48:30.4076455Z","9D2B723E0211BF30AEDE9DF4D72D40658D62F61459497E16F383BAA2FB69C560"
"M031","M1-1","E:\Code\Geocore_M1-1_rotation_correction\outputs\m1_1\masks\box_0008_mask.png","E:\Code\Geocore_M0&1_Preprocessing\modules\M1-1_rotation_correction\qa\legacy_outputs_20260714\m1_1\masks\box_0008_mask.png","m1_1\masks\box_0008_mask.png","7494","2026-06-14T05:48:31.5740391Z","390D4A8135D1E899335A552E0C2E2E848DE043BE3253A163FA30824A194B349B"
"M031","M1-1","E:\Code\Geocore_M1-1_rotation_correction\outputs\m1_1\masks\box_0009_mask.png","E:\Code\Geocore_M0&1_Preprocessing\modules\M1-1_rotation_correction\qa\legacy_outputs_20260714\m1_1\masks\box_0009_mask.png","m1_1\masks\box_0009_mask.png","7830","2026-06-14T05:48:32.7640984Z","94029618FB0313DBFB1180692C647F890DFB63D044621743EB5FD0364F581676"
"M031","M1-1","E:\Code\Geocore_M1-1_rotation_correction\outputs\m1_1\previews\box_0001_before_after.jpg","E:\Code\Geocore_M0&1_Preprocessing\modules\M1-1_rotation_correction\qa\legacy_outputs_20260714\m1_1\previews\box_0001_before_after.jpg","m1_1\previews\box_0001_before_after.jpg","226132","2026-06-14T05:48:23.2809278Z","2976C651EA524689995327B7A9E909FFA9F931FECD07BE9B6D60391CA17280A7"
"M031","M1-1","E:\Code\Geocore_M1-1_rotation_correction\outputs\m1_1\previews\box_0002_before_after.jpg","E:\Code\Geocore_M0&1_Preprocessing\modules\M1-1_rotation_correction\qa\legacy_outputs_20260714\m1_1\previews\box_0002_before_after.jpg","m1_1\previews\box_0002_before_after.jpg","226726","2026-06-14T05:48:24.5543054Z","BBC361D28F79C16FE88EED61EBA867E4E9B6C4FD095F30B5BD3D0D545F2A2BA4"
"M031","M1-1","E:\Code\Geocore_M1-1_rotation_correction\outputs\m1_1\previews\box_0003_before_after.jpg","E:\Code\Geocore_M0&1_Preprocessing\modules\M1-1_rotation_correction\qa\legacy_outputs_20260714\m1_1\previews\box_0003_before_after.jpg","m1_1\previews\box_0003_before_after.jpg","246494","2026-06-14T05:48:25.7886649Z","C5D9A0F092A562A468465E386893628CDEFCADAD84AA86022A0B89579CDACAC5"
"M031","M1-1","E:\Code\Geocore_M1-1_rotation_correction\outputs\m1_1\previews\box_0004_before_after.jpg","E:\Code\Geocore_M0&1_Preprocessing\modules\M1-1_rotation_correction\qa\legacy_outputs_20260714\m1_1\previews\box_0004_before_after.jpg","m1_1\previews\box_0004_before_after.jpg","242237","2026-06-14T05:48:26.9885174Z","221A4D551046593BA7D70AC172E086388A511047374B219A6DFFE854E14461D6"
"M031","M1-1","E:\Code\Geocore_M1-1_rotation_correction\outputs\m1_1\previews\box_0005_before_after.jpg","E:\Code\Geocore_M0&1_Preprocessing\modules\M1-1_rotation_correction\qa\legacy_outputs_20260714\m1_1\previews\box_0005_before_after.jpg","m1_1\previews\box_0005_before_after.jpg","208300","2026-06-14T05:48:28.1877422Z","F3B679E1A0CA5B925084A3A06DD6B1AD8E34295164091BA1ED3C2BEA5B752520"
"M031","M1-1","E:\Code\Geocore_M1-1_rotation_correction\outputs\m1_1\previews\box_0006_before_after.jpg","E:\Code\Geocore_M0&1_Preprocessing\modules\M1-1_rotation_correction\qa\legacy_outputs_20260714\m1_1\previews\box_0006_before_after.jpg","m1_1\previews\box_0006_before_after.jpg","216117","2026-06-14T05:48:29.5417479Z","A0019C5C1979B7A51C17A0C7EAFED3E13813B10C51BE5933A72F1CA12DB2819E"
"M031","M1-1","E:\Code\Geocore_M1-1_rotation_correction\outputs\m1_1\previews\box_0007_before_after.jpg","E:\Code\Geocore_M0&1_Preprocessing\modules\M1-1_rotation_correction\qa\legacy_outputs_20260714\m1_1\previews\box_0007_before_after.jpg","m1_1\previews\box_0007_before_after.jpg","255541","2026-06-14T05:48:30.7239317Z","5666FFA47190E63FAC8303D9F84003677585494B13677AD95C9AD617CBDC3621"
"M031","M1-1","E:\Code\Geocore_M1-1_rotation_correction\outputs\m1_1\previews\box_0008_before_after.jpg","E:\Code\Geocore_M0&1_Preprocessing\modules\M1-1_rotation_correction\qa\legacy_outputs_20260714\m1_1\previews\box_0008_before_after.jpg","m1_1\previews\box_0008_before_after.jpg","258319","2026-06-14T05:48:31.8623059Z","B8B08B1C30F768C0CD9C0260B7C82258AE918F07BD4FCA3DCE0BE2171AC9A642"
"M031","M1-1","E:\Code\Geocore_M1-1_rotation_correction\outputs\m1_1\previews\box_0009_before_after.jpg","E:\Code\Geocore_M0&1_Preprocessing\modules\M1-1_rotation_correction\qa\legacy_outputs_20260714\m1_1\previews\box_0009_before_after.jpg","m1_1\previews\box_0009_before_after.jpg","221336","2026-06-14T05:48:33.0506146Z","37AE0E4138D963B0E1859720E23BF70215A8BF6AF3F4D3389E5D29007EF849DA"
"M031","M1-1","E:\Code\Geocore_M1-1_rotation_correction\outputs\m1_1\previews\corrected_boxes_contact_sheet.jpg","E:\Code\Geocore_M0&1_Preprocessing\modules\M1-1_rotation_correction\qa\legacy_outputs_20260714\m1_1\previews\corrected_boxes_contact_sheet.jpg","m1_1\previews\corrected_boxes_contact_sheet.jpg","342534","2026-06-13T19:01:50.7122787Z","1C257FE321720A23213B764D33C11B289E518068CE7B78B77A49BD6C23E01E58"
"M031","M1-1","E:\Code\Geocore_M1-1_rotation_correction\outputs\m1_1\previews\strip_detection_overlay.jpg","E:\Code\Geocore_M0&1_Preprocessing\modules\M1-1_rotation_correction\qa\legacy_outputs_20260714\m1_1\previews\strip_detection_overlay.jpg","m1_1\previews\strip_detection_overlay.jpg","939621","2026-06-14T05:48:22.0058340Z","0C5309F1E3300AB1CC152B86CD08163C1A21FE0DD2FBF9AFA8A95FBC7283400A"
"M031","M1-1","E:\Code\Geocore_M1-1_rotation_correction\outputs\m1_1\review_sources\box_0001_source.jpg","E:\Code\Geocore_M0&1_Preprocessing\modules\M1-1_rotation_correction\qa\legacy_outputs_20260714\m1_1\review_sources\box_0001_source.jpg","m1_1\review_sources\box_0001_source.jpg","377289","2026-06-14T05:48:23.0097502Z","052E628108B49C0F8172C0B3152505B9EA8BB9D64376B28077184BD34DBC2648"
"M031","M1-1","E:\Code\Geocore_M1-1_rotation_correction\outputs\m1_1\review_sources\box_0002_source.jpg","E:\Code\Geocore_M0&1_Preprocessing\modules\M1-1_rotation_correction\qa\legacy_outputs_20260714\m1_1\review_sources\box_0002_source.jpg","m1_1\review_sources\box_0002_source.jpg","407930","2026-06-14T05:48:24.2743020Z","14A35BF6675E1CB74CD48A6089F5091A06C750BEB89E31CD06608DC2A8037E71"
"M031","M1-1","E:\Code\Geocore_M1-1_rotation_correction\outputs\m1_1\review_sources\box_0003_source.jpg","E:\Code\Geocore_M0&1_Preprocessing\modules\M1-1_rotation_correction\qa\legacy_outputs_20260714\m1_1\review_sources\box_0003_source.jpg","m1_1\review_sources\box_0003_source.jpg","407340","2026-06-14T05:48:25.5038392Z","112CCF7D524B9825C7556CD54287965C73DD436B9489F0593282BFA6F99F02E6"
"M031","M1-1","E:\Code\Geocore_M1-1_rotation_correction\outputs\m1_1\review_sources\box_0004_source.jpg","E:\Code\Geocore_M0&1_Preprocessing\modules\M1-1_rotation_correction\qa\legacy_outputs_20260714\m1_1\review_sources\box_0004_source.jpg","m1_1\review_sources\box_0004_source.jpg","419919","2026-06-14T05:48:26.7168818Z","F36FC7EC5F28DDB8DC2E2917906CCDD3297CAF79B39B59F091A660A19644D7D2"
"M031","M1-1","E:\Code\Geocore_M1-1_rotation_correction\outputs\m1_1\review_sources\box_0005_source.jpg","E:\Code\Geocore_M0&1_Preprocessing\modules\M1-1_rotation_correction\qa\legacy_outputs_20260714\m1_1\review_sources\box_0005_source.jpg","m1_1\review_sources\box_0005_source.jpg","459299","2026-06-14T05:48:27.9297169Z","0D3E4F11D9A5647092ADC63F35C901AE03F537956E18DC1C2656D8C0A5472052"
"M031","M1-1","E:\Code\Geocore_M1-1_rotation_correction\outputs\m1_1\review_sources\box_0006_source.jpg","E:\Code\Geocore_M0&1_Preprocessing\modules\M1-1_rotation_correction\qa\legacy_outputs_20260714\m1_1\review_sources\box_0006_source.jpg","m1_1\review_sources\box_0006_source.jpg","471613","2026-06-14T05:48:29.2337185Z","1A75B6CDD491789D2F612327554B3AA67314C7D0D267DD143ADB1E952AFA12C8"
"M031","M1-1","E:\Code\Geocore_M1-1_rotation_correction\outputs\m1_1\review_sources\box_0007_source.jpg","E:\Code\Geocore_M0&1_Preprocessing\modules\M1-1_rotation_correction\qa\legacy_outputs_20260714\m1_1\review_sources\box_0007_source.jpg","m1_1\review_sources\box_0007_source.jpg","445334","2026-06-14T05:48:30.4330744Z","4DC4486A2B33251E50EE543A9A8091E6B3DD0B405B14D89E7BBFFB7C1C5DDC38"
"M031","M1-1","E:\Code\Geocore_M1-1_rotation_correction\outputs\m1_1\review_sources\box_0008_source.jpg","E:\Code\Geocore_M0&1_Preprocessing\modules\M1-1_rotation_correction\qa\legacy_outputs_20260714\m1_1\review_sources\box_0008_source.jpg","m1_1\review_sources\box_0008_source.jpg","450698","2026-06-14T05:48:31.5994988Z","AF1ADF39448F3DB632A3FFB63CED621F00B256F93A04BEE530A49372E9F508A6"
"M031","M1-1","E:\Code\Geocore_M1-1_rotation_correction\outputs\m1_1\review_sources\box_0009_source.jpg","E:\Code\Geocore_M0&1_Preprocessing\modules\M1-1_rotation_correction\qa\legacy_outputs_20260714\m1_1\review_sources\box_0009_source.jpg","m1_1\review_sources\box_0009_source.jpg","421818","2026-06-14T05:48:32.7895749Z","BF77FDBFD87CAEB51360456693818219AFA8D82EC1BEB8FB7C828E81ABD41F30"
"M032","M1-2","E:\Code\Geocore_M1-2_foreground_mask\models\core_mask_unet_v1\model_card.md","E:\Code\Geocore_M0&1_Preprocessing\modules\M1-2_foreground_mask\models\core_mask_unet_v1\model_card.md","core_mask_unet_v1\model_card.md","651","2026-06-13T17:31:02.4060025Z","E00679AA6922E611E3BB2503CFFABE1030A1FFAFE70C33D241A4C5026E9FA7E2"
"M032","M1-2","E:\Code\Geocore_M1-2_foreground_mask\models\core_mask_unet_v1\model_manifest.json","E:\Code\Geocore_M0&1_Preprocessing\modules\M1-2_foreground_mask\models\core_mask_unet_v1\model_manifest.json","core_mask_unet_v1\model_manifest.json","727","2026-06-13T17:43:10.2427904Z","524B72BE20046F07A7A1667661EB315977607E98B615C2E5F0E4BB379A88ED66"
"M032","M1-2","E:\Code\Geocore_M1-2_foreground_mask\models\core_mask_unet_v1\weights.pth","E:\Code\Geocore_M0&1_Preprocessing\modules\M1-2_foreground_mask\models\core_mask_unet_v1\weights.pth","core_mask_unet_v1\weights.pth","69130371","2025-12-20T12:07:12.0000000Z","11A5A76FBFC7C70B935EBABB139520FA342D878A5D0C0586F6245BB97DD1E55B"
"M032","M1-2","E:\Code\Geocore_M1-2_foreground_mask\models\core_mask_unet_v2\model_card.md","E:\Code\Geocore_M0&1_Preprocessing\modules\M1-2_foreground_mask\models\core_mask_unet_v2\model_card.md","core_mask_unet_v2\model_card.md","192","2026-06-14T08:13:32.7413934Z","0712D832836692F5C93A6C73EA0DF5BFF1C0E3ED160CA76055C260BED878FAD0"
"M032","M1-2","E:\Code\Geocore_M1-2_foreground_mask\models\core_mask_unet_v2\model_manifest.json","E:\Code\Geocore_M0&1_Preprocessing\modules\M1-2_foreground_mask\models\core_mask_unet_v2\model_manifest.json","core_mask_unet_v2\model_manifest.json","1186","2026-06-14T08:13:32.7413934Z","3645FE6585FDFC6C61CC273719AF694255572822344C624FDA5DE1DD0D41634E"
"M032","M1-2","E:\Code\Geocore_M1-2_foreground_mask\models\core_mask_unet_v2\train_history.json","E:\Code\Geocore_M0&1_Preprocessing\modules\M1-2_foreground_mask\models\core_mask_unet_v2\train_history.json","core_mask_unet_v2\train_history.json","6447","2026-06-14T08:13:32.7423936Z","B44265C0336AA2BE28F423F5C6229CA2132673254349AC2280F4A4AA881FF924"
"M032","M1-2","E:\Code\Geocore_M1-2_foreground_mask\models\core_mask_unet_v2\weights.pth","E:\Code\Geocore_M0&1_Preprocessing\modules\M1-2_foreground_mask\models\core_mask_unet_v2\weights.pth","core_mask_unet_v2\weights.pth","69127459","2026-06-14T08:13:32.7413934Z","4D80403128F64FA51C2CF44A3B0D761BC10566A92DDE34FCAE48741B666C3918"
"M033","M1-2","E:\Code\Geocore_M1-2_foreground_mask\datasets\core_mask_v2\prepare_report.json","E:\Code\Geocore_M0&1_Preprocessing\modules\M1-2_foreground_mask\datasets\core_mask_v2\prepare_report.json","core_mask_v2\prepare_report.json","720","2026-06-14T08:04:57.9259296Z","FC04FEFC361F017BE92DFC3C6293516F799874D5AB7EE8F3A5FC7EA94C410E9D"
"M033","M1-2","E:\Code\Geocore_M1-2_foreground_mask\datasets\core_mask_v2\images\box_0001.png","E:\Code\Geocore_M0&1_Preprocessing\modules\M1-2_foreground_mask\datasets\core_mask_v2\images\box_0001.png","core_mask_v2\images\box_0001.png","3466845","2026-06-14T05:48:22.9743005Z","B3EC4EF2EE051E3951ED7BC7834215287AC915268F786BA7E954CECA9155BC3A"
"M033","M1-2","E:\Code\Geocore_M1-2_foreground_mask\datasets\core_mask_v2\images\box_0001.png.aux.xml","E:\Code\Geocore_M0&1_Preprocessing\modules\M1-2_foreground_mask\datasets\core_mask_v2\images\box_0001.png.aux.xml","core_mask_v2\images\box_0001.png.aux.xml","209","2026-06-14T06:42:20.6218618Z","EC88652A8F5386F99B2A494E8BDED78B9A09A94E9F7B1DADE55D34278555533B"
"M033","M1-2","E:\Code\Geocore_M1-2_foreground_mask\datasets\core_mask_v2\images\box_0001.png.ovr","E:\Code\Geocore_M0&1_Preprocessing\modules\M1-2_foreground_mask\datasets\core_mask_v2\images\box_0001.png.ovr","core_mask_v2\images\box_0001.png.ovr","1804899","2026-06-14T06:42:20.6188567Z","3DCE5950EF5E6EE7A4B0EC703E32196A7F221C8F6615105E2A6ECC978FC80999"
"M033","M1-2","E:\Code\Geocore_M1-2_foreground_mask\datasets\core_mask_v2\images\box_0002.png","E:\Code\Geocore_M0&1_Preprocessing\modules\M1-2_foreground_mask\datasets\core_mask_v2\images\box_0002.png","core_mask_v2\images\box_0002.png","3599068","2026-06-14T05:48:24.2384804Z","2A808240C9F1C23A5D9DA4117EABC1D02AF1FB5A07170C4E68773F4363211AB4"
"M033","M1-2","E:\Code\Geocore_M1-2_foreground_mask\datasets\core_mask_v2\images\box_0002.png.aux.xml","E:\Code\Geocore_M0&1_Preprocessing\modules\M1-2_foreground_mask\datasets\core_mask_v2\images\box_0002.png.aux.xml","core_mask_v2\images\box_0002.png.aux.xml","209","2026-06-14T07:19:00.3681389Z","EC88652A8F5386F99B2A494E8BDED78B9A09A94E9F7B1DADE55D34278555533B"
"M033","M1-2","E:\Code\Geocore_M1-2_foreground_mask\datasets\core_mask_v2\images\box_0002.png.ovr","E:\Code\Geocore_M0&1_Preprocessing\modules\M1-2_foreground_mask\datasets\core_mask_v2\images\box_0002.png.ovr","core_mask_v2\images\box_0002.png.ovr","1889934","2026-06-14T07:19:00.3649250Z","7F377560D5F2B2E067FEF9CB838E706A5F1F3A9F40EF8F4F6048052E88C2C5B3"
"M033","M1-2","E:\Code\Geocore_M1-2_foreground_mask\datasets\core_mask_v2\masks\box_0001.png","E:\Code\Geocore_M0&1_Preprocessing\modules\M1-2_foreground_mask\datasets\core_mask_v2\masks\box_0001.png","core_mask_v2\masks\box_0001.png","20546","2026-06-14T08:04:56.8341668Z","37616659595118FB68C8359F348A639DBD3FA6463EAEC3FC4FA0B4EBCA5E60D6"
"M033","M1-2","E:\Code\Geocore_M1-2_foreground_mask\datasets\core_mask_v2\masks\box_0002.png","E:\Code\Geocore_M0&1_Preprocessing\modules\M1-2_foreground_mask\datasets\core_mask_v2\masks\box_0002.png","core_mask_v2\masks\box_0002.png","24701","2026-06-14T08:04:57.4178346Z","081097EDFD5CAE5DA256D848F0E1E27F739B86FE187D24B4B08F38864B02B3FC"
"M033","M1-2","E:\Code\Geocore_M1-2_foreground_mask\datasets\core_mask_v2\overlays\box_0001_overlay.png","E:\Code\Geocore_M0&1_Preprocessing\modules\M1-2_foreground_mask\datasets\core_mask_v2\overlays\box_0001_overlay.png","core_mask_v2\overlays\box_0001_overlay.png","3122774","2026-06-14T08:04:57.3449404Z","30DC0EF836CA0045F14B4A154D0DF8FA02AB59AD42A7088AA400DE4FD989D474"
"M033","M1-2","E:\Code\Geocore_M1-2_foreground_mask\datasets\core_mask_v2\overlays\box_0002_overlay.png","E:\Code\Geocore_M0&1_Preprocessing\modules\M1-2_foreground_mask\datasets\core_mask_v2\overlays\box_0002_overlay.png","core_mask_v2\overlays\box_0002_overlay.png","3229205","2026-06-14T08:04:57.9209736Z","202E6CEE234C09A4E767386A5B36E0AED9B10258EC12BA3EEE53270790F8CE09"
"M033","M1-2","E:\Code\Geocore_M1-2_foreground_mask\datasets\core_mask_v2\shp\box_0001.cpg","E:\Code\Geocore_M0&1_Preprocessing\modules\M1-2_foreground_mask\datasets\core_mask_v2\shp\box_0001.cpg","core_mask_v2\shp\box_0001.cpg","5","2026-06-14T07:16:56.2168717Z","3AD3031F5503A4404AF825262EE8232CC04D4EA6683D42C5DD0A2F2A27AC9824"
"M033","M1-2","E:\Code\Geocore_M1-2_foreground_mask\datasets\core_mask_v2\shp\box_0001.dbf","E:\Code\Geocore_M0&1_Preprocessing\modules\M1-2_foreground_mask\datasets\core_mask_v2\shp\box_0001.dbf","core_mask_v2\shp\box_0001.dbf","458","2026-06-14T07:16:56.2168717Z","0995109A9720C30D2A067C2DC2ACCCBDED2CD91475057AD88DC24100C5ABDFE9"
"M033","M1-2","E:\Code\Geocore_M1-2_foreground_mask\datasets\core_mask_v2\shp\box_0001.sbn","E:\Code\Geocore_M0&1_Preprocessing\modules\M1-2_foreground_mask\datasets\core_mask_v2\shp\box_0001.sbn","core_mask_v2\shp\box_0001.sbn","668","2026-06-14T07:16:56.2188715Z","1E4283513EFB3B02CDCB2774C95312B00D21B86C156175E45CC72523E8E8D34E"
"M033","M1-2","E:\Code\Geocore_M1-2_foreground_mask\datasets\core_mask_v2\shp\box_0001.sbx","E:\Code\Geocore_M0&1_Preprocessing\modules\M1-2_foreground_mask\datasets\core_mask_v2\shp\box_0001.sbx","core_mask_v2\shp\box_0001.sbx","164","2026-06-14T07:16:56.2188715Z","BF23054D90E26E97A085B390F0F0B4DA392784FD2260A0F453D6B904F892CCD7"
"M033","M1-2","E:\Code\Geocore_M1-2_foreground_mask\datasets\core_mask_v2\shp\box_0001.shp","E:\Code\Geocore_M0&1_Preprocessing\modules\M1-2_foreground_mask\datasets\core_mask_v2\shp\box_0001.shp","core_mask_v2\shp\box_0001.shp","27444","2026-06-14T07:16:56.2178725Z","76C8D75473A204930D18C0E0C3AA807C6B4407C62FDC5CABDD8C5174D6A59661"
"M033","M1-2","E:\Code\Geocore_M1-2_foreground_mask\datasets\core_mask_v2\shp\box_0001.shx","E:\Code\Geocore_M0&1_Preprocessing\modules\M1-2_foreground_mask\datasets\core_mask_v2\shp\box_0001.shx","core_mask_v2\shp\box_0001.shx","548","2026-06-14T07:16:56.2178725Z","851F68E39B5726B8D67C84157E827C30297466AFB3DEA2F0BEE7BBD0BD85D9C5"
"M033","M1-2","E:\Code\Geocore_M1-2_foreground_mask\datasets\core_mask_v2\shp\box_0002.cpg","E:\Code\Geocore_M0&1_Preprocessing\modules\M1-2_foreground_mask\datasets\core_mask_v2\shp\box_0002.cpg","core_mask_v2\shp\box_0002.cpg","5","2026-06-14T07:42:32.4962647Z","3AD3031F5503A4404AF825262EE8232CC04D4EA6683D42C5DD0A2F2A27AC9824"
"M033","M1-2","E:\Code\Geocore_M1-2_foreground_mask\datasets\core_mask_v2\shp\box_0002.dbf","E:\Code\Geocore_M0&1_Preprocessing\modules\M1-2_foreground_mask\datasets\core_mask_v2\shp\box_0002.dbf","core_mask_v2\shp\box_0002.dbf","591","2026-06-14T07:42:32.4962647Z","302A1456379855F8345098D8C55198C63218B6EC659B696FB8FB7B3C3784F31C"
"M033","M1-2","E:\Code\Geocore_M1-2_foreground_mask\datasets\core_mask_v2\shp\box_0002.sbn","E:\Code\Geocore_M0&1_Preprocessing\modules\M1-2_foreground_mask\datasets\core_mask_v2\shp\box_0002.sbn","core_mask_v2\shp\box_0002.sbn","900","2026-06-14T07:42:32.4994842Z","73D401313EC86C3DA668650DEDFA6E4E0E7C7D25298FADB948A0C7AAFB3858A5"
"M033","M1-2","E:\Code\Geocore_M1-2_foreground_mask\datasets\core_mask_v2\shp\box_0002.sbx","E:\Code\Geocore_M0&1_Preprocessing\modules\M1-2_foreground_mask\datasets\core_mask_v2\shp\box_0002.sbx","core_mask_v2\shp\box_0002.sbx","196","2026-06-14T07:42:32.4994842Z","CC27C6D46375755D6262125A00AD1E9E7B53F5EBD8F4B336EA287D9415E24090"
"M033","M1-2","E:\Code\Geocore_M1-2_foreground_mask\datasets\core_mask_v2\shp\box_0002.shp","E:\Code\Geocore_M0&1_Preprocessing\modules\M1-2_foreground_mask\datasets\core_mask_v2\shp\box_0002.shp","core_mask_v2\shp\box_0002.shp","30540","2026-06-14T07:42:32.4962647Z","28293733BBFBDB9C5F7A67DA3091BADBDEB44B4E60A5284C31D34416DAF40B52"
"M033","M1-2","E:\Code\Geocore_M1-2_foreground_mask\datasets\core_mask_v2\shp\box_0002.shx","E:\Code\Geocore_M0&1_Preprocessing\modules\M1-2_foreground_mask\datasets\core_mask_v2\shp\box_0002.shx","core_mask_v2\shp\box_0002.shx","700","2026-06-14T07:42:32.4962647Z","6569B870AF08B205D99C331E3F6FF1535B0BCD66A38BC14EE73C84FAEAF45A15"
"M033","M1-2","E:\Code\Geocore_M1-2_foreground_mask\datasets\core_mask_v2\splits\test.txt","E:\Code\Geocore_M0&1_Preprocessing\modules\M1-2_foreground_mask\datasets\core_mask_v2\splits\test.txt","core_mask_v2\splits\test.txt","40","2026-06-14T08:04:57.9259296Z","489AF1E256F2ABFC53D8EE6D477BB384C966B42FECF390830684E22590196F99"
"M033","M1-2","E:\Code\Geocore_M1-2_foreground_mask\datasets\core_mask_v2\splits\train.txt","E:\Code\Geocore_M0&1_Preprocessing\modules\M1-2_foreground_mask\datasets\core_mask_v2\splits\train.txt","core_mask_v2\splits\train.txt","40","2026-06-14T08:04:57.9259296Z","E4DF8F031C2C38D4B60A04A2E164CFC6D0707425FC995C96716630C8B9B1612A"
"M033","M1-2","E:\Code\Geocore_M1-2_foreground_mask\datasets\core_mask_v2\splits\val.txt","E:\Code\Geocore_M0&1_Preprocessing\modules\M1-2_foreground_mask\datasets\core_mask_v2\splits\val.txt","core_mask_v2\splits\val.txt","0","2026-06-14T08:04:57.9259296Z","E3B0C44298FC1C149AFBF4C8996FB92427AE41E4649B934CA495991B7852B855"
"M033","M1-2","E:\Code\Geocore_M1-2_foreground_mask\datasets\corrected_boxes\box_0001.png","E:\Code\Geocore_M0&1_Preprocessing\modules\M1-2_foreground_mask\datasets\corrected_boxes\box_0001.png","corrected_boxes\box_0001.png","3466845","2026-06-14T05:48:22.9743005Z","B3EC4EF2EE051E3951ED7BC7834215287AC915268F786BA7E954CECA9155BC3A"
"M033","M1-2","E:\Code\Geocore_M1-2_foreground_mask\datasets\corrected_boxes\box_0002.png","E:\Code\Geocore_M0&1_Preprocessing\modules\M1-2_foreground_mask\datasets\corrected_boxes\box_0002.png","corrected_boxes\box_0002.png","3599068","2026-06-14T05:48:24.2384804Z","2A808240C9F1C23A5D9DA4117EABC1D02AF1FB5A07170C4E68773F4363211AB4"
"M033","M1-2","E:\Code\Geocore_M1-2_foreground_mask\datasets\corrected_boxes\box_0003.png","E:\Code\Geocore_M0&1_Preprocessing\modules\M1-2_foreground_mask\datasets\corrected_boxes\box_0003.png","corrected_boxes\box_0003.png","3504987","2026-06-14T05:48:25.4698843Z","8418DCFEB62EFFD6D1127E9D5B18FF6503C652657569A2814A1587B87B5B93D6"
"M033","M1-2","E:\Code\Geocore_M1-2_foreground_mask\datasets\corrected_boxes\box_0004.png","E:\Code\Geocore_M0&1_Preprocessing\modules\M1-2_foreground_mask\datasets\corrected_boxes\box_0004.png","corrected_boxes\box_0004.png","3616854","2026-06-14T05:48:26.6810523Z","ADBC8959F3ECA221C24D5D9A23AD62CC0D8D15545DF5BEEE0D6A090D13EEDAAF"
"M033","M1-2","E:\Code\Geocore_M1-2_foreground_mask\datasets\corrected_boxes\box_0005.png","E:\Code\Geocore_M0&1_Preprocessing\modules\M1-2_foreground_mask\datasets\corrected_boxes\box_0005.png","corrected_boxes\box_0005.png","3884844","2026-06-14T05:48:27.8919678Z","8C60384F74FCB2E97CB8E917729AE94F28A8DDEA823EF9480594DF3755E89EB1"
"M033","M1-2","E:\Code\Geocore_M1-2_foreground_mask\datasets\corrected_boxes\box_0006.png","E:\Code\Geocore_M0&1_Preprocessing\modules\M1-2_foreground_mask\datasets\corrected_boxes\box_0006.png","corrected_boxes\box_0006.png","4071718","2026-06-14T05:48:29.1941186Z","939A66F38733EFAD1084B8AFD33A868597CE8BAFE500B18399C0A9BB69016887"
"M033","M1-2","E:\Code\Geocore_M1-2_foreground_mask\datasets\corrected_boxes\box_0007.png","E:\Code\Geocore_M0&1_Preprocessing\modules\M1-2_foreground_mask\datasets\corrected_boxes\box_0007.png","corrected_boxes\box_0007.png","3766156","2026-06-14T05:48:30.3960240Z","3690F1440EBC4DFC794DA6214C224225FD5BBE437ED549FA3504206F37BED417"
"M033","M1-2","E:\Code\Geocore_M1-2_foreground_mask\datasets\corrected_boxes\box_0008.png","E:\Code\Geocore_M0&1_Preprocessing\modules\M1-2_foreground_mask\datasets\corrected_boxes\box_0008.png","corrected_boxes\box_0008.png","3609003","2026-06-14T05:48:31.5658759Z","65860E8C6DA4D55FEC44644D5B804D8D64282BCE5F9018E8FEC456395C69E092"
"M033","M1-2","E:\Code\Geocore_M1-2_foreground_mask\datasets\corrected_boxes\box_0009.png","E:\Code\Geocore_M0&1_Preprocessing\modules\M1-2_foreground_mask\datasets\corrected_boxes\box_0009.png","corrected_boxes\box_0009.png","3579853","2026-06-14T05:48:32.7554322Z","B544D0BBC39F772AEA8CA1F50BAE64CD59A71C09EBEBFDCF60AAA6EE30EA0A9B"
"M034","M1-2","E:\Code\Geocore_M1-2_foreground_mask\outputs\core_mask_v2_corrected_boxes\batch_summary.json","E:\Code\Geocore_M0&1_Preprocessing\modules\M1-2_foreground_mask\qa\legacy_outputs_20260714\core_mask_v2_corrected_boxes\batch_summary.json","core_mask_v2_corrected_boxes\batch_summary.json","10519","2026-06-14T08:15:07.6705516Z","AAFB673098BCC68E505D19B6F09374E89C7C3E0B81B69F2E867E0F179EBA67DB"
"M034","M1-2","E:\Code\Geocore_M1-2_foreground_mask\outputs\core_mask_v2_corrected_boxes\overlay_contact_sheet.jpg","E:\Code\Geocore_M0&1_Preprocessing\modules\M1-2_foreground_mask\qa\legacy_outputs_20260714\core_mask_v2_corrected_boxes\overlay_contact_sheet.jpg","core_mask_v2_corrected_boxes\overlay_contact_sheet.jpg","308668","2026-06-14T08:19:30.5961400Z","312FAA24EDB1DC0BD78F73D3C5CF0512EC1C78CD263B943CA29F305D4B9EC887"
"M034","M1-2","E:\Code\Geocore_M1-2_foreground_mask\outputs\core_mask_v2_corrected_boxes\box_0001\contours.json","E:\Code\Geocore_M0&1_Preprocessing\modules\M1-2_foreground_mask\qa\legacy_outputs_20260714\core_mask_v2_corrected_boxes\box_0001\contours.json","core_mask_v2_corrected_boxes\box_0001\contours.json","1907537","2026-06-14T08:14:42.6710462Z","A7AA601DF0809095A5C3A440C8CB77F2F122441492A430768AC537C4F42C304D"
"M034","M1-2","E:\Code\Geocore_M1-2_foreground_mask\outputs\core_mask_v2_corrected_boxes\box_0001\mask.png","E:\Code\Geocore_M0&1_Preprocessing\modules\M1-2_foreground_mask\qa\legacy_outputs_20260714\core_mask_v2_corrected_boxes\box_0001\mask.png","core_mask_v2_corrected_boxes\box_0001\mask.png","29789","2026-06-14T08:14:42.0813650Z","B6F661A551B35C80A75AA82415CFABD718AED1FED217D224F768D1F199E316C7"
"M034","M1-2","E:\Code\Geocore_M1-2_foreground_mask\outputs\core_mask_v2_corrected_boxes\box_0001\mask.tif","E:\Code\Geocore_M0&1_Preprocessing\modules\M1-2_foreground_mask\qa\legacy_outputs_20260714\core_mask_v2_corrected_boxes\box_0001\mask.tif","core_mask_v2_corrected_boxes\box_0001\mask.tif","30235","2026-06-14T08:14:42.0908937Z","4CD7664B6D9293A31E23BD099856F11C3AEFB54E8F1D57E11BF5784D2F1B943F"
"M034","M1-2","E:\Code\Geocore_M1-2_foreground_mask\outputs\core_mask_v2_corrected_boxes\box_0001\metadata.json","E:\Code\Geocore_M0&1_Preprocessing\modules\M1-2_foreground_mask\qa\legacy_outputs_20260714\core_mask_v2_corrected_boxes\box_0001\metadata.json","core_mask_v2_corrected_boxes\box_0001\metadata.json","430","2026-06-14T08:14:42.6730523Z","459283062165667089E8F5FDE2945E4B4255487C848DBD7819A91A771320E2CD"
"M034","M1-2","E:\Code\Geocore_M1-2_foreground_mask\outputs\core_mask_v2_corrected_boxes\box_0001\overlay.png","E:\Code\Geocore_M0&1_Preprocessing\modules\M1-2_foreground_mask\qa\legacy_outputs_20260714\core_mask_v2_corrected_boxes\box_0001\overlay.png","core_mask_v2_corrected_boxes\box_0001\overlay.png","3141781","2026-06-14T08:14:42.5959834Z","AF56C94FC80B5D81034B41722A8C5802147F4EA792888DA4E5A2B6411A329B68"
"M034","M1-2","E:\Code\Geocore_M1-2_foreground_mask\outputs\core_mask_v2_corrected_boxes\box_0001\probability.tif","E:\Code\Geocore_M0&1_Preprocessing\modules\M1-2_foreground_mask\qa\legacy_outputs_20260714\core_mask_v2_corrected_boxes\box_0001\probability.tif","core_mask_v2_corrected_boxes\box_0001\probability.tif","633645","2026-06-14T08:14:42.1373136Z","EE607A6C4FE5F4EDC829C2F4AA18854182BEC60C9F4F7CED85B44CAEE2EBC97C"
"M034","M1-2","E:\Code\Geocore_M1-2_foreground_mask\outputs\core_mask_v2_corrected_boxes\box_0002\contours.json","E:\Code\Geocore_M0&1_Preprocessing\modules\M1-2_foreground_mask\qa\legacy_outputs_20260714\core_mask_v2_corrected_boxes\box_0002\contours.json","core_mask_v2_corrected_boxes\box_0002\contours.json","1055671","2026-06-14T08:14:45.5219777Z","35B31601A46FB2EBD57058652F934D08138E60CCB0FB86B053C8DF9C9252B785"
"M034","M1-2","E:\Code\Geocore_M1-2_foreground_mask\outputs\core_mask_v2_corrected_boxes\box_0002\mask.png","E:\Code\Geocore_M0&1_Preprocessing\modules\M1-2_foreground_mask\qa\legacy_outputs_20260714\core_mask_v2_corrected_boxes\box_0002\mask.png","core_mask_v2_corrected_boxes\box_0002\mask.png","33748","2026-06-14T08:14:44.9651565Z","645886C4A7C5DA169422CB0B9A6377A5C8A599E188391111E5BB9FA9F2ED26EA"
"M034","M1-2","E:\Code\Geocore_M1-2_foreground_mask\outputs\core_mask_v2_corrected_boxes\box_0002\mask.tif","E:\Code\Geocore_M0&1_Preprocessing\modules\M1-2_foreground_mask\qa\legacy_outputs_20260714\core_mask_v2_corrected_boxes\box_0002\mask.tif","core_mask_v2_corrected_boxes\box_0002\mask.tif","31544","2026-06-14T08:14:44.9747249Z","F1B99EBF0531335FC184E673B922CE70651F4B9A080F2900F39D25C2CA3C0FC1"
"M034","M1-2","E:\Code\Geocore_M1-2_foreground_mask\outputs\core_mask_v2_corrected_boxes\box_0002\metadata.json","E:\Code\Geocore_M0&1_Preprocessing\modules\M1-2_foreground_mask\qa\legacy_outputs_20260714\core_mask_v2_corrected_boxes\box_0002\metadata.json","core_mask_v2_corrected_boxes\box_0002\metadata.json","430","2026-06-14T08:14:45.5239780Z","2F6191B200D321153CB3E9478C7466E9C83A2C2B631277F3AE41DBB7CC945611"
"M034","M1-2","E:\Code\Geocore_M1-2_foreground_mask\outputs\core_mask_v2_corrected_boxes\box_0002\overlay.png","E:\Code\Geocore_M0&1_Preprocessing\modules\M1-2_foreground_mask\qa\legacy_outputs_20260714\core_mask_v2_corrected_boxes\box_0002\overlay.png","core_mask_v2_corrected_boxes\box_0002\overlay.png","3250351","2026-06-14T08:14:45.4798760Z","09D7FFFD26FAF759163BF7430DF76704F13EA30385BBB400665A6EC8B38E2268"
"M034","M1-2","E:\Code\Geocore_M1-2_foreground_mask\outputs\core_mask_v2_corrected_boxes\box_0002\probability.tif","E:\Code\Geocore_M0&1_Preprocessing\modules\M1-2_foreground_mask\qa\legacy_outputs_20260714\core_mask_v2_corrected_boxes\box_0002\probability.tif","core_mask_v2_corrected_boxes\box_0002\probability.tif","657191","2026-06-14T08:14:45.0221504Z","DE2E6B7CACAB20E889973D052B1EF1A593E72803D68A8904257DFDDAEFAC1341"
"M034","M1-2","E:\Code\Geocore_M1-2_foreground_mask\outputs\core_mask_v2_corrected_boxes\box_0003\contours.json","E:\Code\Geocore_M0&1_Preprocessing\modules\M1-2_foreground_mask\qa\legacy_outputs_20260714\core_mask_v2_corrected_boxes\box_0003\contours.json","core_mask_v2_corrected_boxes\box_0003\contours.json","994796","2026-06-14T08:14:48.2671383Z","108863D2FA0FE949BD1E2B00F0873AEFD833A1E9432D0B55AD766C139185B54E"
"M034","M1-2","E:\Code\Geocore_M1-2_foreground_mask\outputs\core_mask_v2_corrected_boxes\box_0003\mask.png","E:\Code\Geocore_M0&1_Preprocessing\modules\M1-2_foreground_mask\qa\legacy_outputs_20260714\core_mask_v2_corrected_boxes\box_0003\mask.png","core_mask_v2_corrected_boxes\box_0003\mask.png","36290","2026-06-14T08:14:47.7197416Z","2B5673C06F2D996C90468841F45F298CC6152CCC262B39E531DE6E2A52D257FC"
"M034","M1-2","E:\Code\Geocore_M1-2_foreground_mask\outputs\core_mask_v2_corrected_boxes\box_0003\mask.tif","E:\Code\Geocore_M0&1_Preprocessing\modules\M1-2_foreground_mask\qa\legacy_outputs_20260714\core_mask_v2_corrected_boxes\box_0003\mask.tif","core_mask_v2_corrected_boxes\box_0003\mask.tif","34332","2026-06-14T08:14:47.7289394Z","EA610FFDE63DD15814C864A7EABADCB7C5A07C164D318370032FBD6C6BC4406C"
"M034","M1-2","E:\Code\Geocore_M1-2_foreground_mask\outputs\core_mask_v2_corrected_boxes\box_0003\metadata.json","E:\Code\Geocore_M0&1_Preprocessing\modules\M1-2_foreground_mask\qa\legacy_outputs_20260714\core_mask_v2_corrected_boxes\box_0003\metadata.json","core_mask_v2_corrected_boxes\box_0003\metadata.json","429","2026-06-14T08:14:48.2681372Z","D4C06FC075BB9291C1A38AC6D3DED0C94EFB1347F09E3D5B225D2D4715BD61E9"
"M034","M1-2","E:\Code\Geocore_M1-2_foreground_mask\outputs\core_mask_v2_corrected_boxes\box_0003\overlay.png","E:\Code\Geocore_M0&1_Preprocessing\modules\M1-2_foreground_mask\qa\legacy_outputs_20260714\core_mask_v2_corrected_boxes\box_0003\overlay.png","core_mask_v2_corrected_boxes\box_0003\overlay.png","3163856","2026-06-14T08:14:48.2205155Z","48F7AFD7A813D1E939F3C25DE02EFF0CFBCEFEE14DC2AA642A51EBC262B662A8"
"M034","M1-2","E:\Code\Geocore_M1-2_foreground_mask\outputs\core_mask_v2_corrected_boxes\box_0003\probability.tif","E:\Code\Geocore_M0&1_Preprocessing\modules\M1-2_foreground_mask\qa\legacy_outputs_20260714\core_mask_v2_corrected_boxes\box_0003\probability.tif","core_mask_v2_corrected_boxes\box_0003\probability.tif","712344","2026-06-14T08:14:47.7755870Z","CBEEC93F3FA5F55F276216A48D9A6A022ED4F691E2020E2E70D3AE05FA95BB04"
"M034","M1-2","E:\Code\Geocore_M1-2_foreground_mask\outputs\core_mask_v2_corrected_boxes\box_0004\contours.json","E:\Code\Geocore_M0&1_Preprocessing\modules\M1-2_foreground_mask\qa\legacy_outputs_20260714\core_mask_v2_corrected_boxes\box_0004\contours.json","core_mask_v2_corrected_boxes\box_0004\contours.json","1627625","2026-06-14T08:14:52.0401448Z","D4C9CE2360B5FD5ABD0159425F74560AC05F7BDB1EFD212B1A847DE2113E693A"
"M034","M1-2","E:\Code\Geocore_M1-2_foreground_mask\outputs\core_mask_v2_corrected_boxes\box_0004\mask.png","E:\Code\Geocore_M0&1_Preprocessing\modules\M1-2_foreground_mask\qa\legacy_outputs_20260714\core_mask_v2_corrected_boxes\box_0004\mask.png","core_mask_v2_corrected_boxes\box_0004\mask.png","42678","2026-06-14T08:14:51.4668439Z","473242A39AE63EF17E0751497C7C19D92A8FA9466FB21704F6E47D3488E55B1D"
"M034","M1-2","E:\Code\Geocore_M1-2_foreground_mask\outputs\core_mask_v2_corrected_boxes\box_0004\mask.tif","E:\Code\Geocore_M0&1_Preprocessing\modules\M1-2_foreground_mask\qa\legacy_outputs_20260714\core_mask_v2_corrected_boxes\box_0004\mask.tif","core_mask_v2_corrected_boxes\box_0004\mask.tif","38936","2026-06-14T08:14:51.4775308Z","C60258C76BC32431E2B1D51731717304284CD6325A76E42075F033C808F90241"
"M034","M1-2","E:\Code\Geocore_M1-2_foreground_mask\outputs\core_mask_v2_corrected_boxes\box_0004\metadata.json","E:\Code\Geocore_M0&1_Preprocessing\modules\M1-2_foreground_mask\qa\legacy_outputs_20260714\core_mask_v2_corrected_boxes\box_0004\metadata.json","core_mask_v2_corrected_boxes\box_0004\metadata.json","429","2026-06-14T08:14:52.0421380Z","3A629EB8C1E44E0986BBC4E23B58147492C8ABA7AD19A8318ADD54FB2CFE41A2"
"M034","M1-2","E:\Code\Geocore_M1-2_foreground_mask\outputs\core_mask_v2_corrected_boxes\box_0004\overlay.png","E:\Code\Geocore_M0&1_Preprocessing\modules\M1-2_foreground_mask\qa\legacy_outputs_20260714\core_mask_v2_corrected_boxes\box_0004\overlay.png","core_mask_v2_corrected_boxes\box_0004\overlay.png","3257609","2026-06-14T08:14:51.9738179Z","2B58988217461BEF5C7CEF711180DFB3FE8435523989BDC8B9C7F603787F66D9"
"M034","M1-2","E:\Code\Geocore_M1-2_foreground_mask\outputs\core_mask_v2_corrected_boxes\box_0004\probability.tif","E:\Code\Geocore_M0&1_Preprocessing\modules\M1-2_foreground_mask\qa\legacy_outputs_20260714\core_mask_v2_corrected_boxes\box_0004\probability.tif","core_mask_v2_corrected_boxes\box_0004\probability.tif","762663","2026-06-14T08:14:51.5237194Z","88FE4ADB3EF301E5202D58F948876471525FFF857E264466486368C4900BB9CA"
"M034","M1-2","E:\Code\Geocore_M1-2_foreground_mask\outputs\core_mask_v2_corrected_boxes\box_0005\contours.json","E:\Code\Geocore_M0&1_Preprocessing\modules\M1-2_foreground_mask\qa\legacy_outputs_20260714\core_mask_v2_corrected_boxes\box_0005\contours.json","core_mask_v2_corrected_boxes\box_0005\contours.json","559709","2026-06-14T08:14:54.7668798Z","78BCD7C156379C76DDA06463C5559E67C5F8DDF5EBB7D5A55DB6EC7364757A81"
"M034","M1-2","E:\Code\Geocore_M1-2_foreground_mask\outputs\core_mask_v2_corrected_boxes\box_0005\mask.png","E:\Code\Geocore_M0&1_Preprocessing\modules\M1-2_foreground_mask\qa\legacy_outputs_20260714\core_mask_v2_corrected_boxes\box_0005\mask.png","core_mask_v2_corrected_boxes\box_0005\mask.png","36444","2026-06-14T08:14:54.2193867Z","D7E4FC3B50680721074C50E9D344250BC3A0F72D1ADAD2401DE83DD375C9A504"
"M034","M1-2","E:\Code\Geocore_M1-2_foreground_mask\outputs\core_mask_v2_corrected_boxes\box_0005\mask.tif","E:\Code\Geocore_M0&1_Preprocessing\modules\M1-2_foreground_mask\qa\legacy_outputs_20260714\core_mask_v2_corrected_boxes\box_0005\mask.tif","core_mask_v2_corrected_boxes\box_0005\mask.tif","33192","2026-06-14T08:14:54.2292999Z","6664920E824327BED8842FB3E6A79D3B54B0BCA20CBFCF30040C01A231C5B57C"
"M034","M1-2","E:\Code\Geocore_M1-2_foreground_mask\outputs\core_mask_v2_corrected_boxes\box_0005\metadata.json","E:\Code\Geocore_M0&1_Preprocessing\modules\M1-2_foreground_mask\qa\legacy_outputs_20260714\core_mask_v2_corrected_boxes\box_0005\metadata.json","core_mask_v2_corrected_boxes\box_0005\metadata.json","429","2026-06-14T08:14:54.7688698Z","39977F5BA490D81121C7FDEAF596A423A85A7127B5A239D3B0215917F49C6236"
"M034","M1-2","E:\Code\Geocore_M1-2_foreground_mask\outputs\core_mask_v2_corrected_boxes\box_0005\overlay.png","E:\Code\Geocore_M0&1_Preprocessing\modules\M1-2_foreground_mask\qa\legacy_outputs_20260714\core_mask_v2_corrected_boxes\box_0005\overlay.png","core_mask_v2_corrected_boxes\box_0005\overlay.png","3461895","2026-06-14T08:14:54.7382308Z","AEFDCBE366B534153A0BCD8370E2FCD30871958CDDD3F1218D154A9D2B2B47EE"
"M034","M1-2","E:\Code\Geocore_M1-2_foreground_mask\outputs\core_mask_v2_corrected_boxes\box_0005\probability.tif","E:\Code\Geocore_M0&1_Preprocessing\modules\M1-2_foreground_mask\qa\legacy_outputs_20260714\core_mask_v2_corrected_boxes\box_0005\probability.tif","core_mask_v2_corrected_boxes\box_0005\probability.tif","707144","2026-06-14T08:14:54.2764006Z","F2DCE291481C36B44FC1A9C3F1621F6C9E2577EE1AF7D7263764E9A7910833D9"
"M034","M1-2","E:\Code\Geocore_M1-2_foreground_mask\outputs\core_mask_v2_corrected_boxes\box_0006\contours.json","E:\Code\Geocore_M0&1_Preprocessing\modules\M1-2_foreground_mask\qa\legacy_outputs_20260714\core_mask_v2_corrected_boxes\box_0006\contours.json","core_mask_v2_corrected_boxes\box_0006\contours.json","1293352","2026-06-14T08:14:58.7024847Z","79C3578E000D737C4B48DD75359EFC64A3402CBA1B566C101C8DD2F0563311D5"
"M034","M1-2","E:\Code\Geocore_M1-2_foreground_mask\outputs\core_mask_v2_corrected_boxes\box_0006\mask.png","E:\Code\Geocore_M0&1_Preprocessing\modules\M1-2_foreground_mask\qa\legacy_outputs_20260714\core_mask_v2_corrected_boxes\box_0006\mask.png","core_mask_v2_corrected_boxes\box_0006\mask.png","41443","2026-06-14T08:14:58.0830151Z","42EAAF21DEFD0F2C015ED9D2E18D152DF396B4ECC85C86683BF27019598CF395"
"M034","M1-2","E:\Code\Geocore_M1-2_foreground_mask\outputs\core_mask_v2_corrected_boxes\box_0006\mask.tif","E:\Code\Geocore_M0&1_Preprocessing\modules\M1-2_foreground_mask\qa\legacy_outputs_20260714\core_mask_v2_corrected_boxes\box_0006\mask.tif","core_mask_v2_corrected_boxes\box_0006\mask.tif","37217","2026-06-14T08:14:58.0949484Z","D60FFAF934B52A50780E0487A47311ED4DE86BA546A18B4EDE857FE0D973E251"
"M034","M1-2","E:\Code\Geocore_M1-2_foreground_mask\outputs\core_mask_v2_corrected_boxes\box_0006\metadata.json","E:\Code\Geocore_M0&1_Preprocessing\modules\M1-2_foreground_mask\qa\legacy_outputs_20260714\core_mask_v2_corrected_boxes\box_0006\metadata.json","core_mask_v2_corrected_boxes\box_0006\metadata.json","429","2026-06-14T08:14:58.7049934Z","2852EE1F17950414A6F83283DC3D2305F2ABB02A2FF45D4110348D2A8DA5FD08"
"M034","M1-2","E:\Code\Geocore_M1-2_foreground_mask\outputs\core_mask_v2_corrected_boxes\box_0006\overlay.png","E:\Code\Geocore_M0&1_Preprocessing\modules\M1-2_foreground_mask\qa\legacy_outputs_20260714\core_mask_v2_corrected_boxes\box_0006\overlay.png","core_mask_v2_corrected_boxes\box_0006\overlay.png","3747165","2026-06-14T08:14:58.6488479Z","497AC0E4DC9CB11DCA623A53A149AA0F972265EF240CC79034CEC53C5F47F494"
"M034","M1-2","E:\Code\Geocore_M1-2_foreground_mask\outputs\core_mask_v2_corrected_boxes\box_0006\probability.tif","E:\Code\Geocore_M0&1_Preprocessing\modules\M1-2_foreground_mask\qa\legacy_outputs_20260714\core_mask_v2_corrected_boxes\box_0006\probability.tif","core_mask_v2_corrected_boxes\box_0006\probability.tif","786316","2026-06-14T08:14:58.1465815Z","105C20CB4F52C8E9E3D6453B5D7A4B35116E1D5F430744EE053CB1D9FDF23A8C"
"M034","M1-2","E:\Code\Geocore_M1-2_foreground_mask\outputs\core_mask_v2_corrected_boxes\box_0007\contours.json","E:\Code\Geocore_M0&1_Preprocessing\modules\M1-2_foreground_mask\qa\legacy_outputs_20260714\core_mask_v2_corrected_boxes\box_0007\contours.json","core_mask_v2_corrected_boxes\box_0007\contours.json","847517","2026-06-14T08:15:02.0873330Z","A235B15529D4B2AAC3C99AF88A36F3029E81AC8500DE7D620E49D1E6C22114F1"
"M034","M1-2","E:\Code\Geocore_M1-2_foreground_mask\outputs\core_mask_v2_corrected_boxes\box_0007\mask.png","E:\Code\Geocore_M0&1_Preprocessing\modules\M1-2_foreground_mask\qa\legacy_outputs_20260714\core_mask_v2_corrected_boxes\box_0007\mask.png","core_mask_v2_corrected_boxes\box_0007\mask.png","38130","2026-06-14T08:15:01.5407578Z","2E7C8B0E4F46F903EB055A74469B4C5060044D8AEA06F15377479992DE23675A"
"M034","M1-2","E:\Code\Geocore_M1-2_foreground_mask\outputs\core_mask_v2_corrected_boxes\box_0007\mask.tif","E:\Code\Geocore_M0&1_Preprocessing\modules\M1-2_foreground_mask\qa\legacy_outputs_20260714\core_mask_v2_corrected_boxes\box_0007\mask.tif","core_mask_v2_corrected_boxes\box_0007\mask.tif","36377","2026-06-14T08:15:01.5528033Z","8FFAB173F06CD3A77ED59D37F0C4E62E8ABA4EE35CEB2E19D4D005B0970B095F"
"M034","M1-2","E:\Code\Geocore_M1-2_foreground_mask\outputs\core_mask_v2_corrected_boxes\box_0007\metadata.json","E:\Code\Geocore_M0&1_Preprocessing\modules\M1-2_foreground_mask\qa\legacy_outputs_20260714\core_mask_v2_corrected_boxes\box_0007\metadata.json","core_mask_v2_corrected_boxes\box_0007\metadata.json","429","2026-06-14T08:15:02.0893403Z","EB61790E5D7BF9799A06CBF023AC0FE1338C41F5ED4586313224A38068EF9B12"
"M034","M1-2","E:\Code\Geocore_M1-2_foreground_mask\outputs\core_mask_v2_corrected_boxes\box_0007\overlay.png","E:\Code\Geocore_M0&1_Preprocessing\modules\M1-2_foreground_mask\qa\legacy_outputs_20260714\core_mask_v2_corrected_boxes\box_0007\overlay.png","core_mask_v2_corrected_boxes\box_0007\overlay.png","3367169","2026-06-14T08:15:02.0516010Z","9185CD158E2B2EA8B54B35BAE63608CE5BA73DCEC1FCDC5782668BB6AEFA527E"
"M034","M1-2","E:\Code\Geocore_M1-2_foreground_mask\outputs\core_mask_v2_corrected_boxes\box_0007\probability.tif","E:\Code\Geocore_M0&1_Preprocessing\modules\M1-2_foreground_mask\qa\legacy_outputs_20260714\core_mask_v2_corrected_boxes\box_0007\probability.tif","core_mask_v2_corrected_boxes\box_0007\probability.tif","725449","2026-06-14T08:15:01.6021256Z","FAA95A910B45D311D461625DCC1D139FF0D4F1FB4CA97C5D8B148FDC7DA1FFF9"
"M034","M1-2","E:\Code\Geocore_M1-2_foreground_mask\outputs\core_mask_v2_corrected_boxes\box_0008\contours.json","E:\Code\Geocore_M0&1_Preprocessing\modules\M1-2_foreground_mask\qa\legacy_outputs_20260714\core_mask_v2_corrected_boxes\box_0008\contours.json","core_mask_v2_corrected_boxes\box_0008\contours.json","515399","2026-06-14T08:15:04.3559913Z","279E89392200768109B8964F5B2C7D33028B0B3DE5026384E25236E910474C1B"
"M034","M1-2","E:\Code\Geocore_M1-2_foreground_mask\outputs\core_mask_v2_corrected_boxes\box_0008\mask.png","E:\Code\Geocore_M0&1_Preprocessing\modules\M1-2_foreground_mask\qa\legacy_outputs_20260714\core_mask_v2_corrected_boxes\box_0008\mask.png","core_mask_v2_corrected_boxes\box_0008\mask.png","37403","2026-06-14T08:15:03.8330235Z","6572AA24468D4794EA5FB5053145FDCB4A447DCD0F2453F4D69DFBF24BA21F00"
"M034","M1-2","E:\Code\Geocore_M1-2_foreground_mask\outputs\core_mask_v2_corrected_boxes\box_0008\mask.tif","E:\Code\Geocore_M0&1_Preprocessing\modules\M1-2_foreground_mask\qa\legacy_outputs_20260714\core_mask_v2_corrected_boxes\box_0008\mask.tif","core_mask_v2_corrected_boxes\box_0008\mask.tif","34342","2026-06-14T08:15:03.8435709Z","8FEA400A55CE9432ADA974A1DE0BFF6DF26C2D71E04C0052F10A04076DD118E1"
"M034","M1-2","E:\Code\Geocore_M1-2_foreground_mask\outputs\core_mask_v2_corrected_boxes\box_0008\metadata.json","E:\Code\Geocore_M0&1_Preprocessing\modules\M1-2_foreground_mask\qa\legacy_outputs_20260714\core_mask_v2_corrected_boxes\box_0008\metadata.json","core_mask_v2_corrected_boxes\box_0008\metadata.json","429","2026-06-14T08:15:04.3579875Z","06BAE926B3AF6145E2082B108E76FC9EEDC3D37C5BA066B42E8C47CBAB9DC8D4"
"M034","M1-2","E:\Code\Geocore_M1-2_foreground_mask\outputs\core_mask_v2_corrected_boxes\box_0008\overlay.png","E:\Code\Geocore_M0&1_Preprocessing\modules\M1-2_foreground_mask\qa\legacy_outputs_20260714\core_mask_v2_corrected_boxes\box_0008\overlay.png","core_mask_v2_corrected_boxes\box_0008\overlay.png","3184316","2026-06-14T08:15:04.3284451Z","00AFAA496A4806AF8FB6827AF619785D3BBF299AB4294E2AB0DEE418F2285F92"
"M034","M1-2","E:\Code\Geocore_M1-2_foreground_mask\outputs\core_mask_v2_corrected_boxes\box_0008\probability.tif","E:\Code\Geocore_M0&1_Preprocessing\modules\M1-2_foreground_mask\qa\legacy_outputs_20260714\core_mask_v2_corrected_boxes\box_0008\probability.tif","core_mask_v2_corrected_boxes\box_0008\probability.tif","694307","2026-06-14T08:15:03.8896238Z","06C5D511389BE2BA5A3B44D7ABD47469A193F049A8E99540208783A619AEE67C"
"M034","M1-2","E:\Code\Geocore_M1-2_foreground_mask\outputs\core_mask_v2_corrected_boxes\box_0009\contours.json","E:\Code\Geocore_M0&1_Preprocessing\modules\M1-2_foreground_mask\qa\legacy_outputs_20260714\core_mask_v2_corrected_boxes\box_0009\contours.json","core_mask_v2_corrected_boxes\box_0009\contours.json","1363370","2026-06-14T08:15:07.6675416Z","CE2F60B100FD4E8EDD983804EECAE3F5A8E1268C70788A9FD27F859EDD70B6E2"
"M034","M1-2","E:\Code\Geocore_M1-2_foreground_mask\outputs\core_mask_v2_corrected_boxes\box_0009\mask.png","E:\Code\Geocore_M0&1_Preprocessing\modules\M1-2_foreground_mask\qa\legacy_outputs_20260714\core_mask_v2_corrected_boxes\box_0009\mask.png","core_mask_v2_corrected_boxes\box_0009\mask.png","31926","2026-06-14T08:15:07.1101078Z","4E52D786BBC80582B8C576F9424AD30D03732E1DF34585AEA021AA561BF75B48"
"M034","M1-2","E:\Code\Geocore_M1-2_foreground_mask\outputs\core_mask_v2_corrected_boxes\box_0009\mask.tif","E:\Code\Geocore_M0&1_Preprocessing\modules\M1-2_foreground_mask\qa\legacy_outputs_20260714\core_mask_v2_corrected_boxes\box_0009\mask.tif","core_mask_v2_corrected_boxes\box_0009\mask.tif","32084","2026-06-14T08:15:07.1196310Z","49F28ABC263D756E90DB8860E405BC78F2D54D60F2F39EEF7A685C327AE435DD"
"M034","M1-2","E:\Code\Geocore_M1-2_foreground_mask\outputs\core_mask_v2_corrected_boxes\box_0009\metadata.json","E:\Code\Geocore_M0&1_Preprocessing\modules\M1-2_foreground_mask\qa\legacy_outputs_20260714\core_mask_v2_corrected_boxes\box_0009\metadata.json","core_mask_v2_corrected_boxes\box_0009\metadata.json","429","2026-06-14T08:15:07.6695420Z","5D02F4F08A23F7F9B57619337B06C4042E6BE46B3BC349A41B39E7EEA2D92502"
"M034","M1-2","E:\Code\Geocore_M1-2_foreground_mask\outputs\core_mask_v2_corrected_boxes\box_0009\overlay.png","E:\Code\Geocore_M0&1_Preprocessing\modules\M1-2_foreground_mask\qa\legacy_outputs_20260714\core_mask_v2_corrected_boxes\box_0009\overlay.png","core_mask_v2_corrected_boxes\box_0009\overlay.png","3247060","2026-06-14T08:15:07.6091175Z","C419E593526312B5845FF873429A055F14AC655D9710E600308770F5179FE192"
"M034","M1-2","E:\Code\Geocore_M1-2_foreground_mask\outputs\core_mask_v2_corrected_boxes\box_0009\probability.tif","E:\Code\Geocore_M0&1_Preprocessing\modules\M1-2_foreground_mask\qa\legacy_outputs_20260714\core_mask_v2_corrected_boxes\box_0009\probability.tif","core_mask_v2_corrected_boxes\box_0009\probability.tif","693833","2026-06-14T08:15:07.1665036Z","4ECDAFFACC389E817311DA7D5ACAD1EE8C1C5815F4A3BF25FE638B7AC6AF7EFD"
"M035","M1-2","E:\Code\Geocore_M1-2_foreground_mask\api_runtime\outputs\edit_check\contours.json","E:\Code\Geocore_M0&1_Preprocessing\modules\M1-2_foreground_mask\qa\legacy_api_runtime_outputs_20260714\edit_check\contours.json","edit_check\contours.json","96","2026-06-13T18:03:04.4446761Z","300CDDF238D11624630F7483F3DB91CCEE3BF76BCF76D250E4655679A837CF48"
"M035","M1-2","E:\Code\Geocore_M1-2_foreground_mask\api_runtime\outputs\edit_check\mask.png","E:\Code\Geocore_M0&1_Preprocessing\modules\M1-2_foreground_mask\qa\legacy_api_runtime_outputs_20260714\edit_check\mask.png","edit_check\mask.png","334","2026-06-13T18:03:04.4436067Z","EF2A4C8949CDAB1EF24E678BDB88CC276B1FD75E62066E47011C2CE53996EFE6"
"M035","M1-2","E:\Code\Geocore_M1-2_foreground_mask\api_runtime\outputs\edit_check\mask.tif","E:\Code\Geocore_M0&1_Preprocessing\modules\M1-2_foreground_mask\qa\legacy_api_runtime_outputs_20260714\edit_check\mask.tif","edit_check\mask.tif","262400","2026-06-13T18:03:04.4446761Z","951C3C73C651CCE2DF2B4440B8F1E74483FD9F2184DF210D0E6D07B0AB7BBA70"
"M035","M1-2","E:\Code\Geocore_M1-2_foreground_mask\api_runtime\outputs\edit_check\metadata.json","E:\Code\Geocore_M0&1_Preprocessing\modules\M1-2_foreground_mask\qa\legacy_api_runtime_outputs_20260714\edit_check\metadata.json","edit_check\metadata.json","609","2026-06-13T18:03:04.5684150Z","C26E5A30DF3B7086B940FFB06A7C891347DE2CF3D38ACD83194C826D12C0F94D"
"M035","M1-2","E:\Code\Geocore_M1-2_foreground_mask\api_runtime\outputs\edit_check\overlay.png","E:\Code\Geocore_M0&1_Preprocessing\modules\M1-2_foreground_mask\qa\legacy_api_runtime_outputs_20260714\edit_check\overlay.png","edit_check\overlay.png","288512","2026-06-13T18:03:04.5669006Z","1452FFE6811FF0A555ED9F6957C6A713838006275A8D42F98B90072F6E6D61CB"
"M035","M1-2","E:\Code\Geocore_M1-2_foreground_mask\api_runtime\outputs\edit_check\probability.tif","E:\Code\Geocore_M0&1_Preprocessing\modules\M1-2_foreground_mask\qa\legacy_api_runtime_outputs_20260714\edit_check\probability.tif","edit_check\probability.tif","4732","2026-06-13T17:50:49.9382205Z","FA8C2A1309862F1BFADCE4C39D57F28B7667616720A4682E8AF09E75F96292EE"
"M035","M1-2","E:\Code\Geocore_M1-2_foreground_mask\api_runtime\outputs\standalone_check\contours.json","E:\Code\Geocore_M0&1_Preprocessing\modules\M1-2_foreground_mask\qa\legacy_api_runtime_outputs_20260714\standalone_check\contours.json","standalone_check\contours.json","30222","2026-06-13T17:50:49.9713434Z","0E08F8D4E13E0558C5041AAAAE90BD170ADADE6FF38C3541691D5F2C0F2202DF"
"M035","M1-2","E:\Code\Geocore_M1-2_foreground_mask\api_runtime\outputs\standalone_check\mask.png","E:\Code\Geocore_M0&1_Preprocessing\modules\M1-2_foreground_mask\qa\legacy_api_runtime_outputs_20260714\standalone_check\mask.png","standalone_check\mask.png","914","2026-06-13T17:50:49.9292881Z","04FCAA01C18D00F021D8F4C7ED4DCD0E91E0443E739E1B8D0B36E03A9A12E98D"
"M035","M1-2","E:\Code\Geocore_M1-2_foreground_mask\api_runtime\outputs\standalone_check\mask.tif","E:\Code\Geocore_M0&1_Preprocessing\modules\M1-2_foreground_mask\qa\legacy_api_runtime_outputs_20260714\standalone_check\mask.tif","standalone_check\mask.tif","1059","2026-06-13T17:50:49.9358915Z","B6FAC08A9E8F76F2A545C0CED67DECA94E75D95A87374A9E35F099E3988E68E1"
"M035","M1-2","E:\Code\Geocore_M1-2_foreground_mask\api_runtime\outputs\standalone_check\metadata.json","E:\Code\Geocore_M0&1_Preprocessing\modules\M1-2_foreground_mask\qa\legacy_api_runtime_outputs_20260714\standalone_check\metadata.json","standalone_check\metadata.json","360","2026-06-13T17:50:49.9725380Z","CA24F2FF8E1D1BCBD8B08DB6021FAE881604B4D592ACCAD7EE9BFFA3570FAA77"
"M035","M1-2","E:\Code\Geocore_M1-2_foreground_mask\api_runtime\outputs\standalone_check\overlay.png","E:\Code\Geocore_M0&1_Preprocessing\modules\M1-2_foreground_mask\qa\legacy_api_runtime_outputs_20260714\standalone_check\overlay.png","standalone_check\overlay.png","302444","2026-06-13T17:50:49.9693447Z","908A0520D4AD811956F1DF0656A64D768B21C9FD6AC6D2254809669743ACB74F"
"M035","M1-2","E:\Code\Geocore_M1-2_foreground_mask\api_runtime\outputs\standalone_check\probability.tif","E:\Code\Geocore_M0&1_Preprocessing\modules\M1-2_foreground_mask\qa\legacy_api_runtime_outputs_20260714\standalone_check\probability.tif","standalone_check\probability.tif","4732","2026-06-13T17:50:49.9382205Z","FA8C2A1309862F1BFADCE4C39D57F28B7667616720A4682E8AF09E75F96292EE"
"M036","M1-2","E:\Code\Geocore_M1-2_foreground_mask\examples\input\sample.tif","E:\Code\Geocore_M0&1_Preprocessing\modules\M1-2_foreground_mask\examples\input\sample.tif","sample.tif","787428","2025-12-19T12:08:48.2991013Z","97CF88515618EB4F00367CED85C35B4ABF66A1018BF03F427ADD03C6C6E7E1CB"
"M037","M1-2","E:\Code\Geocore_M1-2_foreground_mask\geocore_mask\models\__init__.py","E:\Code\Geocore_M0&1_Preprocessing\modules\M1-2_foreground_mask\geocore_mask\models\__init__.py","__init__.py","62","2026-06-13T17:30:40.7080442Z","EC0937130F18F2964D49D1F198358E08F154B189676624ABB6993353319D672F"
"M038","M1-2","E:\Code\Geocore_M1-2_foreground_mask\geocore_mask\models\core_unet.py","E:\Code\Geocore_M0&1_Preprocessing\modules\M1-2_foreground_mask\geocore_mask\models\core_unet.py","core_unet.py","3713","2026-06-13T17:43:10.1433356Z","138D291516EF608C1EA3FE1A46E4BEFDA8539C9644C6DC609E35B41922D0E398"
"M039","M1-2","E:\Code\Geocore_M1-2_foreground_mask\geocore_mask\models\registry.py","E:\Code\Geocore_M0&1_Preprocessing\modules\M1-2_foreground_mask\geocore_mask\models\registry.py","registry.py","1110","2026-06-13T17:43:10.1921125Z","CD54C8C029FF89D1DF43BEBC3292421F8830DB85215B220AFF68D6BA6E46A944"
"M040","M1-3","E:\Code\Geocore_M1-3_separator_mark\outputs\smoke_box_0008\depth_mapping.json","E:\Code\Geocore_M0&1_Preprocessing\modules\M1-3_separator_mark\qa\legacy_outputs_20260714\smoke_box_0008\depth_mapping.json","smoke_box_0008\depth_mapping.json","320","2026-06-14T09:12:26.9602481Z","58C5505E987F9720D990D19546C4A2F63567D6B4189A4DC11DF551CC8E24A5C7"
"M040","M1-3","E:\Code\Geocore_M1-3_separator_mark\outputs\smoke_box_0008\input_manifest.json","E:\Code\Geocore_M0&1_Preprocessing\modules\M1-3_separator_mark\qa\legacy_outputs_20260714\smoke_box_0008\input_manifest.json","smoke_box_0008\input_manifest.json","2360","2026-06-14T09:12:25.2127944Z","50B52F303187902FA0528BB16C68ECC231EDDD68C1F61857601AA03C9111CCCE"
"M040","M1-3","E:\Code\Geocore_M1-3_separator_mark\outputs\smoke_box_0008\lane_debug_overlay.png","E:\Code\Geocore_M0&1_Preprocessing\modules\M1-3_separator_mark\qa\legacy_outputs_20260714\smoke_box_0008\lane_debug_overlay.png","smoke_box_0008\lane_debug_overlay.png","3581098","2026-06-14T09:12:26.1956648Z","87F3F210E4ECE215FEF01F25893E4A5C184F8E233806722A1A72308321D0F566"
"M040","M1-3","E:\Code\Geocore_M1-3_separator_mark\outputs\smoke_box_0008\lane_detection.json","E:\Code\Geocore_M0&1_Preprocessing\modules\M1-3_separator_mark\qa\legacy_outputs_20260714\smoke_box_0008\lane_detection.json","smoke_box_0008\lane_detection.json","2357","2026-06-14T09:12:26.1966646Z","2D1587787F0DDCA92713B8DC24A0074159CEEC1DCFDE369FBF0179671026F2EE"
"M040","M1-3","E:\Code\Geocore_M1-3_separator_mark\outputs\smoke_box_0008\mask_refine_report.json","E:\Code\Geocore_M0&1_Preprocessing\modules\M1-3_separator_mark\qa\legacy_outputs_20260714\smoke_box_0008\mask_refine_report.json","smoke_box_0008\mask_refine_report.json","320","2026-06-14T09:12:26.1966646Z","BF7B08C839D5F58B7E1F693D4D29BC6F7C7383AFB781B2BFE0756193B1C962C2"
"M040","M1-3","E:\Code\Geocore_M1-3_separator_mark\outputs\smoke_box_0008\quality_report.json","E:\Code\Geocore_M0&1_Preprocessing\modules\M1-3_separator_mark\qa\legacy_outputs_20260714\smoke_box_0008\quality_report.json","smoke_box_0008\quality_report.json","429","2026-06-14T09:12:27.3479696Z","AE15AD2AABB0637F18E8A3534A6E982C58E2DF622F095B7D0BD512355EDC4E67"
"M040","M1-3","E:\Code\Geocore_M1-3_separator_mark\outputs\smoke_box_0008\reconstructed_strip.png","E:\Code\Geocore_M0&1_Preprocessing\modules\M1-3_separator_mark\qa\legacy_outputs_20260714\smoke_box_0008\reconstructed_strip.png","smoke_box_0008\reconstructed_strip.png","3289752","2026-06-14T09:12:26.9209686Z","7275DF4FF6E28DFF58582BB1B6957CBCD4DA77159D20E06E2C43FA6B20184E23"
"M040","M1-3","E:\Code\Geocore_M1-3_separator_mark\outputs\smoke_box_0008\reconstructed_strip_mask.png","E:\Code\Geocore_M0&1_Preprocessing\modules\M1-3_separator_mark\qa\legacy_outputs_20260714\smoke_box_0008\reconstructed_strip_mask.png","smoke_box_0008\reconstructed_strip_mask.png","38682","2026-06-14T09:12:26.9411111Z","2CD87F2F8C7E5628F82B7CAF43E8CC44C9A7BD16793C7EF0BE2808B5F9302CE8"
"M040","M1-3","E:\Code\Geocore_M1-3_separator_mark\outputs\smoke_box_0008\reconstructed_strip_preview.jpg","E:\Code\Geocore_M0&1_Preprocessing\modules\M1-3_separator_mark\qa\legacy_outputs_20260714\smoke_box_0008\reconstructed_strip_preview.jpg","smoke_box_0008\reconstructed_strip_preview.jpg","193774","2026-06-14T09:12:26.9592457Z","3C722C947E85666F8B3BD4261C1E052635DB1C519206C114EA214DCA7C03DA3E"
"M040","M1-3","E:\Code\Geocore_M1-3_separator_mark\outputs\smoke_box_0008\refined_mask.png","E:\Code\Geocore_M0&1_Preprocessing\modules\M1-3_separator_mark\qa\legacy_outputs_20260714\smoke_box_0008\refined_mask.png","smoke_box_0008\refined_mask.png","32592","2026-06-14T09:12:25.4355296Z","4C3CE68B29B98DCE66CD3F404D5FCA2CE6650677F7664714952E1815E555C153"
"M040","M1-3","E:\Code\Geocore_M1-3_separator_mark\outputs\smoke_box_0008\refined_mask.tif","E:\Code\Geocore_M0&1_Preprocessing\modules\M1-3_separator_mark\qa\legacy_outputs_20260714\smoke_box_0008\refined_mask.tif","smoke_box_0008\refined_mask.tif","3093559","2026-06-14T09:12:25.4400313Z","5D5445AAC663F05F37686576F427E96AED914E196D633D4E4EF8BFB0F204C1B6"
"M040","M1-3","E:\Code\Geocore_M1-3_separator_mark\outputs\smoke_box_0008\refined_overlay.png","E:\Code\Geocore_M0&1_Preprocessing\modules\M1-3_separator_mark\qa\legacy_outputs_20260714\smoke_box_0008\refined_overlay.png","smoke_box_0008\refined_overlay.png","3174592","2026-06-14T09:12:25.8781470Z","5C9F213CFD6ED89752930BB36779FCC72B886F0A980B6B7C07880898BA2F3CEA"
"M040","M1-3","E:\Code\Geocore_M1-3_separator_mark\outputs\smoke_box_0008\removed_components.json","E:\Code\Geocore_M0&1_Preprocessing\modules\M1-3_separator_mark\qa\legacy_outputs_20260714\smoke_box_0008\removed_components.json","smoke_box_0008\removed_components.json","582","2026-06-14T09:12:26.1966646Z","E00E548CC25352A7C771D2315C5EB5B3A8F7D06E01F1FCF4F77C9659C580EC21"
"M040","M1-3","E:\Code\Geocore_M1-3_separator_mark\outputs\smoke_box_0008\review_manifest.json","E:\Code\Geocore_M0&1_Preprocessing\modules\M1-3_separator_mark\qa\legacy_outputs_20260714\smoke_box_0008\review_manifest.json","smoke_box_0008\review_manifest.json","471","2026-06-14T09:12:27.3489627Z","621F740C2C7FF9799AB23E723E5D05EE1C552AC4DAB0F29C7219B372F844FF24"
"M040","M1-3","E:\Code\Geocore_M1-3_separator_mark\outputs\smoke_box_0008\segments.json","E:\Code\Geocore_M0&1_Preprocessing\modules\M1-3_separator_mark\qa\legacy_outputs_20260714\smoke_box_0008\segments.json","smoke_box_0008\segments.json","36111","2026-06-14T09:12:27.3479696Z","EECCF737B79F2E6E13EF2D4FE1FC26A4E3418BF31C39640D01644F6754606980"
"M040","M1-3","E:\Code\Geocore_M1-3_separator_mark\outputs\smoke_box_0008\strip_mapping.json","E:\Code\Geocore_M0&1_Preprocessing\modules\M1-3_separator_mark\qa\legacy_outputs_20260714\smoke_box_0008\strip_mapping.json","smoke_box_0008\strip_mapping.json","2347","2026-06-14T09:12:26.9602481Z","CB18F7E51DB1445037FD8C475DC68F86BA2D2B7D13211EE028061BB591F60E4D"
"M040","M1-3","E:\Code\Geocore_M1-3_separator_mark\outputs\smoke_box_0008\lane_strips\lane_01.png","E:\Code\Geocore_M0&1_Preprocessing\modules\M1-3_separator_mark\qa\legacy_outputs_20260714\smoke_box_0008\lane_strips\lane_01.png","smoke_box_0008\lane_strips\lane_01.png","656210","2026-06-14T09:12:26.2891636Z","D81744936CD560F99087FE155950BC83233E4A5AB42D8F297BC57DAA6134622B"
"M040","M1-3","E:\Code\Geocore_M1-3_separator_mark\outputs\smoke_box_0008\lane_strips\lane_01_mask.png","E:\Code\Geocore_M0&1_Preprocessing\modules\M1-3_separator_mark\qa\legacy_outputs_20260714\smoke_box_0008\lane_strips\lane_01_mask.png","smoke_box_0008\lane_strips\lane_01_mask.png","8151","2026-06-14T09:12:26.2925568Z","DE173B81B11B79E612F6F08CE23C396AEB246FE06239AF7617A97186AF312C68"
"M040","M1-3","E:\Code\Geocore_M1-3_separator_mark\outputs\smoke_box_0008\lane_strips\lane_02.png","E:\Code\Geocore_M0&1_Preprocessing\modules\M1-3_separator_mark\qa\legacy_outputs_20260714\smoke_box_0008\lane_strips\lane_02.png","smoke_box_0008\lane_strips\lane_02.png","685217","2026-06-14T09:12:26.3619382Z","ABF060821DAF2EC4F4C377D4B5AF08AB1AF8732B75A5B863916622EB0C77840F"
"M040","M1-3","E:\Code\Geocore_M1-3_separator_mark\outputs\smoke_box_0008\lane_strips\lane_02_mask.png","E:\Code\Geocore_M0&1_Preprocessing\modules\M1-3_separator_mark\qa\legacy_outputs_20260714\smoke_box_0008\lane_strips\lane_02_mask.png","smoke_box_0008\lane_strips\lane_02_mask.png","7609","2026-06-14T09:12:26.3659377Z","98330791D3CEBEBA8FC8D1AF3EB0720B7A51F73AB461E8569ACBC310EB9476C0"
"M040","M1-3","E:\Code\Geocore_M1-3_separator_mark\outputs\smoke_box_0008\lane_strips\lane_03.png","E:\Code\Geocore_M0&1_Preprocessing\modules\M1-3_separator_mark\qa\legacy_outputs_20260714\smoke_box_0008\lane_strips\lane_03.png","smoke_box_0008\lane_strips\lane_03.png","685327","2026-06-14T09:12:26.4343918Z","28147487480D595E3A031D81B96F3B6AFA5E8FA1D8E021FE7EE3F9106E2D6275"
"M040","M1-3","E:\Code\Geocore_M1-3_separator_mark\outputs\smoke_box_0008\lane_strips\lane_03_mask.png","E:\Code\Geocore_M0&1_Preprocessing\modules\M1-3_separator_mark\qa\legacy_outputs_20260714\smoke_box_0008\lane_strips\lane_03_mask.png","smoke_box_0008\lane_strips\lane_03_mask.png","7954","2026-06-14T09:12:26.4374571Z","CBE624063377831D0F77D73B54EEF427EF42F2807C13009D2F445B13823BC651"
"M040","M1-3","E:\Code\Geocore_M1-3_separator_mark\outputs\smoke_box_0008\lane_strips\lane_04.png","E:\Code\Geocore_M0&1_Preprocessing\modules\M1-3_separator_mark\qa\legacy_outputs_20260714\smoke_box_0008\lane_strips\lane_04.png","smoke_box_0008\lane_strips\lane_04.png","661022","2026-06-14T09:12:26.5059383Z","61B443B5A5201A44CBB3D560FE4CE663F2506C946A4F95CBFF0686FC0F38EA11"
"M040","M1-3","E:\Code\Geocore_M1-3_separator_mark\outputs\smoke_box_0008\lane_strips\lane_04_mask.png","E:\Code\Geocore_M0&1_Preprocessing\modules\M1-3_separator_mark\qa\legacy_outputs_20260714\smoke_box_0008\lane_strips\lane_04_mask.png","smoke_box_0008\lane_strips\lane_04_mask.png","7604","2026-06-14T09:12:26.5089383Z","F4D01909E1ED75880BB29CBADCA408007410853C29A4E8C7CCCDF93E948BE857"
"M040","M1-3","E:\Code\Geocore_M1-3_separator_mark\outputs\smoke_box_0008\lane_strips\lane_05.png","E:\Code\Geocore_M0&1_Preprocessing\modules\M1-3_separator_mark\qa\legacy_outputs_20260714\smoke_box_0008\lane_strips\lane_05.png","smoke_box_0008\lane_strips\lane_05.png","601197","2026-06-14T09:12:26.5778447Z","904ECC8E100DA338D48EEE11E811F5D8F3404AA23F688455A80784A9156D20BF"
"M040","M1-3","E:\Code\Geocore_M1-3_separator_mark\outputs\smoke_box_0008\lane_strips\lane_05_mask.png","E:\Code\Geocore_M0&1_Preprocessing\modules\M1-3_separator_mark\qa\legacy_outputs_20260714\smoke_box_0008\lane_strips\lane_05_mask.png","smoke_box_0008\lane_strips\lane_05_mask.png","7760","2026-06-14T09:12:26.5813613Z","B3BCD910EBA70710DE155B45B5127C9C76566BFA1E230C8406D32B315F3E7123"
"M040","M1-3","E:\Code\Geocore_M1-3_separator_mark\outputs\smoke_box_0008\segments\DH_SMOKE_0000.00_0000.10.png","E:\Code\Geocore_M0&1_Preprocessing\modules\M1-3_separator_mark\qa\legacy_outputs_20260714\smoke_box_0008\segments\DH_SMOKE_0000.00_0000.10.png","smoke_box_0008\segments\DH_SMOKE_0000.00_0000.10.png","64519","2026-06-14T09:12:26.9682556Z","77F2309DEC4F4220B774981CF58F07040947C54018C504DE69A06FAAE5F540BF"
"M040","M1-3","E:\Code\Geocore_M1-3_separator_mark\outputs\smoke_box_0008\segments\DH_SMOKE_0000.00_0000.10_mask.png","E:\Code\Geocore_M0&1_Preprocessing\modules\M1-3_separator_mark\qa\legacy_outputs_20260714\smoke_box_0008\segments\DH_SMOKE_0000.00_0000.10_mask.png","smoke_box_0008\segments\DH_SMOKE_0000.00_0000.10_mask.png","969","2026-06-14T09:12:26.9682556Z","8B6657958B256E650914BDE377BBD0514E8F194D77312997B9F7134E8E1A2063"
"M040","M1-3","E:\Code\Geocore_M1-3_separator_mark\outputs\smoke_box_0008\segments\DH_SMOKE_0000.10_0000.20.png","E:\Code\Geocore_M0&1_Preprocessing\modules\M1-3_separator_mark\qa\legacy_outputs_20260714\smoke_box_0008\segments\DH_SMOKE_0000.10_0000.20.png","smoke_box_0008\segments\DH_SMOKE_0000.10_0000.20.png","64506","2026-06-14T09:12:26.9762704Z","20B000BE9734E68E64C69CD04EF1C6E08ECB85B63BB65B08BF72CFBB489A6A5E"
"M040","M1-3","E:\Code\Geocore_M1-3_separator_mark\outputs\smoke_box_0008\segments\DH_SMOKE_0000.10_0000.20_mask.png","E:\Code\Geocore_M0&1_Preprocessing\modules\M1-3_separator_mark\qa\legacy_outputs_20260714\smoke_box_0008\segments\DH_SMOKE_0000.10_0000.20_mask.png","smoke_box_0008\segments\DH_SMOKE_0000.10_0000.20_mask.png","901","2026-06-14T09:12:26.9762704Z","D32EF97E8EDA7300B782A5A56DD36753D9CE71571DD91B931051C1F60A8CFA79"
"M040","M1-3","E:\Code\Geocore_M1-3_separator_mark\outputs\smoke_box_0008\segments\DH_SMOKE_0000.20_0000.30.png","E:\Code\Geocore_M0&1_Preprocessing\modules\M1-3_separator_mark\qa\legacy_outputs_20260714\smoke_box_0008\segments\DH_SMOKE_0000.20_0000.30.png","smoke_box_0008\segments\DH_SMOKE_0000.20_0000.30.png","66521","2026-06-14T09:12:26.9837737Z","49261CB21003AAB7EABE46B79CE90E895772723D682FA5F24828790A0FA18EAE"
"M040","M1-3","E:\Code\Geocore_M1-3_separator_mark\outputs\smoke_box_0008\segments\DH_SMOKE_0000.20_0000.30_mask.png","E:\Code\Geocore_M0&1_Preprocessing\modules\M1-3_separator_mark\qa\legacy_outputs_20260714\smoke_box_0008\segments\DH_SMOKE_0000.20_0000.30_mask.png","smoke_box_0008\segments\DH_SMOKE_0000.20_0000.30_mask.png","796","2026-06-14T09:12:26.9847810Z","191A0C23628BA030107E278651515D17526AF8BADC13DF5F9678EF4908DF0914"
"M040","M1-3","E:\Code\Geocore_M1-3_separator_mark\outputs\smoke_box_0008\segments\DH_SMOKE_0000.30_0000.40.png","E:\Code\Geocore_M0&1_Preprocessing\modules\M1-3_separator_mark\qa\legacy_outputs_20260714\smoke_box_0008\segments\DH_SMOKE_0000.30_0000.40.png","smoke_box_0008\segments\DH_SMOKE_0000.30_0000.40.png","67644","2026-06-14T09:12:26.9912980Z","FD1FBDD96FE51F69CD63926A0B7091718103C1E4AE192661AA60AEBB3838F48A"
"M040","M1-3","E:\Code\Geocore_M1-3_separator_mark\outputs\smoke_box_0008\segments\DH_SMOKE_0000.30_0000.40_mask.png","E:\Code\Geocore_M0&1_Preprocessing\modules\M1-3_separator_mark\qa\legacy_outputs_20260714\smoke_box_0008\segments\DH_SMOKE_0000.30_0000.40_mask.png","smoke_box_0008\segments\DH_SMOKE_0000.30_0000.40_mask.png","887","2026-06-14T09:12:26.9922909Z","9FF98FCFE27E72E56DD9DE26B88EBCD0A8386C870A345A6BA2096ED2E5B394F8"
"M040","M1-3","E:\Code\Geocore_M1-3_separator_mark\outputs\smoke_box_0008\segments\DH_SMOKE_0000.40_0000.50.png","E:\Code\Geocore_M0&1_Preprocessing\modules\M1-3_separator_mark\qa\legacy_outputs_20260714\smoke_box_0008\segments\DH_SMOKE_0000.40_0000.50.png","smoke_box_0008\segments\DH_SMOKE_0000.40_0000.50.png","67574","2026-06-14T09:12:26.9982909Z","E054B4C50EDD45955E599796EF2BF38BF0971361B318AF062D1B84980E9CAC5E"
"M040","M1-3","E:\Code\Geocore_M1-3_separator_mark\outputs\smoke_box_0008\segments\DH_SMOKE_0000.40_0000.50_mask.png","E:\Code\Geocore_M0&1_Preprocessing\modules\M1-3_separator_mark\qa\legacy_outputs_20260714\smoke_box_0008\segments\DH_SMOKE_0000.40_0000.50_mask.png","smoke_box_0008\segments\DH_SMOKE_0000.40_0000.50_mask.png","1137","2026-06-14T09:12:26.9997933Z","CC0E79E973DC4E60A0C0E80F97C93CA947E74E35B77A5CBAF0E6190192B57CFE"
"M040","M1-3","E:\Code\Geocore_M1-3_separator_mark\outputs\smoke_box_0008\segments\DH_SMOKE_0000.50_0000.60.png","E:\Code\Geocore_M0&1_Preprocessing\modules\M1-3_separator_mark\qa\legacy_outputs_20260714\smoke_box_0008\segments\DH_SMOKE_0000.50_0000.60.png","smoke_box_0008\segments\DH_SMOKE_0000.50_0000.60.png","65201","2026-06-14T09:12:27.0067937Z","E5B4AAEE37B5DB83FD307B469A5C272577A235EADE77DB88598FEE5D74DBF29B"
"M040","M1-3","E:\Code\Geocore_M1-3_separator_mark\outputs\smoke_box_0008\segments\DH_SMOKE_0000.50_0000.60_mask.png","E:\Code\Geocore_M0&1_Preprocessing\modules\M1-3_separator_mark\qa\legacy_outputs_20260714\smoke_box_0008\segments\DH_SMOKE_0000.50_0000.60_mask.png","smoke_box_0008\segments\DH_SMOKE_0000.50_0000.60_mask.png","788","2026-06-14T09:12:27.0067937Z","74DC66E580F0261626F7BABC4463A2F35560765CEA6B6E5C0E1A321AEB2EA46C"
"M040","M1-3","E:\Code\Geocore_M1-3_separator_mark\outputs\smoke_box_0008\segments\DH_SMOKE_0000.60_0000.70.png","E:\Code\Geocore_M0&1_Preprocessing\modules\M1-3_separator_mark\qa\legacy_outputs_20260714\smoke_box_0008\segments\DH_SMOKE_0000.60_0000.70.png","smoke_box_0008\segments\DH_SMOKE_0000.60_0000.70.png","65896","2026-06-14T09:12:27.0143012Z","B2C34D756FAB22DA7D0BC86E8117866486F78440259DA5AF2C2901D5B0704AD6"
"M040","M1-3","E:\Code\Geocore_M1-3_separator_mark\outputs\smoke_box_0008\segments\DH_SMOKE_0000.60_0000.70_mask.png","E:\Code\Geocore_M0&1_Preprocessing\modules\M1-3_separator_mark\qa\legacy_outputs_20260714\smoke_box_0008\segments\DH_SMOKE_0000.60_0000.70_mask.png","smoke_box_0008\segments\DH_SMOKE_0000.60_0000.70_mask.png","1028","2026-06-14T09:12:27.0153068Z","F638B715E1F4B5C61D9B9560215D4E10CF4A482E88EFD0F4DB7FDAAD08A52BFB"
"M040","M1-3","E:\Code\Geocore_M1-3_separator_mark\outputs\smoke_box_0008\segments\DH_SMOKE_0000.70_0000.80.png","E:\Code\Geocore_M0&1_Preprocessing\modules\M1-3_separator_mark\qa\legacy_outputs_20260714\smoke_box_0008\segments\DH_SMOKE_0000.70_0000.80.png","smoke_box_0008\segments\DH_SMOKE_0000.70_0000.80.png","65848","2026-06-14T09:12:27.0228036Z","F4B957DE7CE586EC21F13EFD82F11504B8CF40FF3D80EBDD37101B8E6D19B429"
"M040","M1-3","E:\Code\Geocore_M1-3_separator_mark\outputs\smoke_box_0008\segments\DH_SMOKE_0000.70_0000.80_mask.png","E:\Code\Geocore_M0&1_Preprocessing\modules\M1-3_separator_mark\qa\legacy_outputs_20260714\smoke_box_0008\segments\DH_SMOKE_0000.70_0000.80_mask.png","smoke_box_0008\segments\DH_SMOKE_0000.70_0000.80_mask.png","954","2026-06-14T09:12:27.0238042Z","63BCA0CC94E88001C2EE3A89AB10302E33992B8CAE017F308B635CA0DD3D4DC6"
"M040","M1-3","E:\Code\Geocore_M1-3_separator_mark\outputs\smoke_box_0008\segments\DH_SMOKE_0000.80_0000.90.png","E:\Code\Geocore_M0&1_Preprocessing\modules\M1-3_separator_mark\qa\legacy_outputs_20260714\smoke_box_0008\segments\DH_SMOKE_0000.80_0000.90.png","smoke_box_0008\segments\DH_SMOKE_0000.80_0000.90.png","65744","2026-06-14T09:12:27.0303109Z","3D2DAEA147C842B93739EA91FC0DF569B36072B02092E0033E379C9B254D8A2C"
"M040","M1-3","E:\Code\Geocore_M1-3_separator_mark\outputs\smoke_box_0008\segments\DH_SMOKE_0000.80_0000.90_mask.png","E:\Code\Geocore_M0&1_Preprocessing\modules\M1-3_separator_mark\qa\legacy_outputs_20260714\smoke_box_0008\segments\DH_SMOKE_0000.80_0000.90_mask.png","smoke_box_0008\segments\DH_SMOKE_0000.80_0000.90_mask.png","820","2026-06-14T09:12:27.0313112Z","22B16DFFF66E57FE54000D5E5044AB09CD031BE312A42D539B872E3F89466D97"
"M040","M1-3","E:\Code\Geocore_M1-3_separator_mark\outputs\smoke_box_0008\segments\DH_SMOKE_0000.90_0001.00.png","E:\Code\Geocore_M0&1_Preprocessing\modules\M1-3_separator_mark\qa\legacy_outputs_20260714\smoke_box_0008\segments\DH_SMOKE_0000.90_0001.00.png","smoke_box_0008\segments\DH_SMOKE_0000.90_0001.00.png","68373","2026-06-14T09:12:27.0373093Z","E4C14B3BB01F5F95E331E0B31727ECD471FEB681D52A96669FB4CFF6EE06A445"
"M040","M1-3","E:\Code\Geocore_M1-3_separator_mark\outputs\smoke_box_0008\segments\DH_SMOKE_0000.90_0001.00_mask.png","E:\Code\Geocore_M0&1_Preprocessing\modules\M1-3_separator_mark\qa\legacy_outputs_20260714\smoke_box_0008\segments\DH_SMOKE_0000.90_0001.00_mask.png","smoke_box_0008\segments\DH_SMOKE_0000.90_0001.00_mask.png","702","2026-06-14T09:12:27.0388188Z","F2D4F21257F5D8C7E0BC20877B32B18EBA6A6F5B52492485A25C06A19AB953D9"
"M040","M1-3","E:\Code\Geocore_M1-3_separator_mark\outputs\smoke_box_0008\segments\DH_SMOKE_0001.00_0001.10.png","E:\Code\Geocore_M0&1_Preprocessing\modules\M1-3_separator_mark\qa\legacy_outputs_20260714\smoke_box_0008\segments\DH_SMOKE_0001.00_0001.10.png","smoke_box_0008\segments\DH_SMOKE_0001.00_0001.10.png","71406","2026-06-14T09:12:27.0458278Z","40E1E868999D8EBCB21B2EE60B8C4333E45FA14AC913C167E25A370A02EAC725"
"M040","M1-3","E:\Code\Geocore_M1-3_separator_mark\outputs\smoke_box_0008\segments\DH_SMOKE_0001.00_0001.10_mask.png","E:\Code\Geocore_M0&1_Preprocessing\modules\M1-3_separator_mark\qa\legacy_outputs_20260714\smoke_box_0008\segments\DH_SMOKE_0001.00_0001.10_mask.png","smoke_box_0008\segments\DH_SMOKE_0001.00_0001.10_mask.png","955","2026-06-14T09:12:27.0458278Z","8839BD756ED67C41FBFBD116C3FFF84C460BF76489A95D6818494DEFF860B34E"
"M040","M1-3","E:\Code\Geocore_M1-3_separator_mark\outputs\smoke_box_0008\segments\DH_SMOKE_0001.10_0001.20.png","E:\Code\Geocore_M0&1_Preprocessing\modules\M1-3_separator_mark\qa\legacy_outputs_20260714\smoke_box_0008\segments\DH_SMOKE_0001.10_0001.20.png","smoke_box_0008\segments\DH_SMOKE_0001.10_0001.20.png","67995","2026-06-14T09:12:27.0530737Z","E0220A9D6A2415521B6FF779F9B89F49EF2CB99FDC56D7A5844CDAAFC27EAA0D"
"M040","M1-3","E:\Code\Geocore_M1-3_separator_mark\outputs\smoke_box_0008\segments\DH_SMOKE_0001.10_0001.20_mask.png","E:\Code\Geocore_M0&1_Preprocessing\modules\M1-3_separator_mark\qa\legacy_outputs_20260714\smoke_box_0008\segments\DH_SMOKE_0001.10_0001.20_mask.png","smoke_box_0008\segments\DH_SMOKE_0001.10_0001.20_mask.png","763","2026-06-14T09:12:27.0540767Z","C85BB801FBB5DA59BDCE70A9F8A246D8D5828C4A863AA61B69592DC15F8F41DE"
"M040","M1-3","E:\Code\Geocore_M1-3_separator_mark\outputs\smoke_box_0008\segments\DH_SMOKE_0001.20_0001.30.png","E:\Code\Geocore_M0&1_Preprocessing\modules\M1-3_separator_mark\qa\legacy_outputs_20260714\smoke_box_0008\segments\DH_SMOKE_0001.20_0001.30.png","smoke_box_0008\segments\DH_SMOKE_0001.20_0001.30.png","72175","2026-06-14T09:12:27.0601885Z","FAC45639A044C948C74A2B5C3C77A164D836ECFDC0D7B61289BB9A8174474066"
"M040","M1-3","E:\Code\Geocore_M1-3_separator_mark\outputs\smoke_box_0008\segments\DH_SMOKE_0001.20_0001.30_mask.png","E:\Code\Geocore_M0&1_Preprocessing\modules\M1-3_separator_mark\qa\legacy_outputs_20260714\smoke_box_0008\segments\DH_SMOKE_0001.20_0001.30_mask.png","smoke_box_0008\segments\DH_SMOKE_0001.20_0001.30_mask.png","857","2026-06-14T09:12:27.0611924Z","4B43447D5924CE5DCEF72FBA8045A15D05D865B53B63B45BC89ADD92DFD6021F"
"M040","M1-3","E:\Code\Geocore_M1-3_separator_mark\outputs\smoke_box_0008\segments\DH_SMOKE_0001.30_0001.40.png","E:\Code\Geocore_M0&1_Preprocessing\modules\M1-3_separator_mark\qa\legacy_outputs_20260714\smoke_box_0008\segments\DH_SMOKE_0001.30_0001.40.png","smoke_box_0008\segments\DH_SMOKE_0001.30_0001.40.png","70495","2026-06-14T09:12:27.0681926Z","2896D98C8AF1B34EF0D026E4A467E2C5179AE282FD15CA063FCF7144CDD31330"
"M040","M1-3","E:\Code\Geocore_M1-3_separator_mark\outputs\smoke_box_0008\segments\DH_SMOKE_0001.30_0001.40_mask.png","E:\Code\Geocore_M0&1_Preprocessing\modules\M1-3_separator_mark\qa\legacy_outputs_20260714\smoke_box_0008\segments\DH_SMOKE_0001.30_0001.40_mask.png","smoke_box_0008\segments\DH_SMOKE_0001.30_0001.40_mask.png","907","2026-06-14T09:12:27.0691988Z","1FC2587E3C924559D1DC572E9B7254ACFD60AC622B585121CE92C32C8BBDE338"
"M040","M1-3","E:\Code\Geocore_M1-3_separator_mark\outputs\smoke_box_0008\segments\DH_SMOKE_0001.40_0001.50.png","E:\Code\Geocore_M0&1_Preprocessing\modules\M1-3_separator_mark\qa\legacy_outputs_20260714\smoke_box_0008\segments\DH_SMOKE_0001.40_0001.50.png","smoke_box_0008\segments\DH_SMOKE_0001.40_0001.50.png","65202","2026-06-14T09:12:27.0759003Z","6D7CD1C66B1C5460252536E4D3791E8A93B1C38A2069D1BAE2F036AAA4FDDE8F"
"M040","M1-3","E:\Code\Geocore_M1-3_separator_mark\outputs\smoke_box_0008\segments\DH_SMOKE_0001.40_0001.50_mask.png","E:\Code\Geocore_M0&1_Preprocessing\modules\M1-3_separator_mark\qa\legacy_outputs_20260714\smoke_box_0008\segments\DH_SMOKE_0001.40_0001.50_mask.png","smoke_box_0008\segments\DH_SMOKE_0001.40_0001.50_mask.png","703","2026-06-14T09:12:27.0768992Z","2CEE069DA452678792D6B0F5D14FFCAB5420A6D0254FD6CA2EF3A0162EF1B139"
"M040","M1-3","E:\Code\Geocore_M1-3_separator_mark\outputs\smoke_box_0008\segments\DH_SMOKE_0001.50_0001.60.png","E:\Code\Geocore_M0&1_Preprocessing\modules\M1-3_separator_mark\qa\legacy_outputs_20260714\smoke_box_0008\segments\DH_SMOKE_0001.50_0001.60.png","smoke_box_0008\segments\DH_SMOKE_0001.50_0001.60.png","64132","2026-06-14T09:12:27.0844124Z","EEA57C5BF04C05677D7D56F019E0FC9D29C3B4930987DEDF60261FE599D0A146"
"M040","M1-3","E:\Code\Geocore_M1-3_separator_mark\outputs\smoke_box_0008\segments\DH_SMOKE_0001.50_0001.60_mask.png","E:\Code\Geocore_M0&1_Preprocessing\modules\M1-3_separator_mark\qa\legacy_outputs_20260714\smoke_box_0008\segments\DH_SMOKE_0001.50_0001.60_mask.png","smoke_box_0008\segments\DH_SMOKE_0001.50_0001.60_mask.png","697","2026-06-14T09:12:27.0844124Z","0EB54A4744AB8BDF5BCD6BDD5A9012062FA9F8F0C2130ACC50C179A2E74A0228"
"M040","M1-3","E:\Code\Geocore_M1-3_separator_mark\outputs\smoke_box_0008\segments\DH_SMOKE_0001.60_0001.70.png","E:\Code\Geocore_M0&1_Preprocessing\modules\M1-3_separator_mark\qa\legacy_outputs_20260714\smoke_box_0008\segments\DH_SMOKE_0001.60_0001.70.png","smoke_box_0008\segments\DH_SMOKE_0001.60_0001.70.png","68270","2026-06-14T09:12:27.0919276Z","7FC4A30E13FE61697505D3CEAB580DE02EB796AF4717634741E2956879EE2595"
"M040","M1-3","E:\Code\Geocore_M1-3_separator_mark\outputs\smoke_box_0008\segments\DH_SMOKE_0001.60_0001.70_mask.png","E:\Code\Geocore_M0&1_Preprocessing\modules\M1-3_separator_mark\qa\legacy_outputs_20260714\smoke_box_0008\segments\DH_SMOKE_0001.60_0001.70_mask.png","smoke_box_0008\segments\DH_SMOKE_0001.60_0001.70_mask.png","782","2026-06-14T09:12:27.0919276Z","5EDDB3314EFE9956FE148B84FF186A54C7275CCDAF55552A809433883A84FA0D"
"M040","M1-3","E:\Code\Geocore_M1-3_separator_mark\outputs\smoke_box_0008\segments\DH_SMOKE_0001.70_0001.80.png","E:\Code\Geocore_M0&1_Preprocessing\modules\M1-3_separator_mark\qa\legacy_outputs_20260714\smoke_box_0008\segments\DH_SMOKE_0001.70_0001.80.png","smoke_box_0008\segments\DH_SMOKE_0001.70_0001.80.png","65496","2026-06-14T09:12:27.0989344Z","69DD8D5EDC57A311A774C2CBD6BA1E361124A5F607B1543C2DFF34E90AE141C8"
"M040","M1-3","E:\Code\Geocore_M1-3_separator_mark\outputs\smoke_box_0008\segments\DH_SMOKE_0001.70_0001.80_mask.png","E:\Code\Geocore_M0&1_Preprocessing\modules\M1-3_separator_mark\qa\legacy_outputs_20260714\smoke_box_0008\segments\DH_SMOKE_0001.70_0001.80_mask.png","smoke_box_0008\segments\DH_SMOKE_0001.70_0001.80_mask.png","693","2026-06-14T09:12:27.1000650Z","26A6AE9D59CD92FE77D4BD34B2EAEC56B4F1B2B1023EE9744D498B9D20E4A945"
"M040","M1-3","E:\Code\Geocore_M1-3_separator_mark\outputs\smoke_box_0008\segments\DH_SMOKE_0001.80_0001.90.png","E:\Code\Geocore_M0&1_Preprocessing\modules\M1-3_separator_mark\qa\legacy_outputs_20260714\smoke_box_0008\segments\DH_SMOKE_0001.80_0001.90.png","smoke_box_0008\segments\DH_SMOKE_0001.80_0001.90.png","67869","2026-06-14T09:12:27.1070653Z","2BF6AD5A9E52DD87C53A0423A2B41798A292DDCFEDDDC94C2BD3A81B8C27913D"
"M040","M1-3","E:\Code\Geocore_M1-3_separator_mark\outputs\smoke_box_0008\segments\DH_SMOKE_0001.80_0001.90_mask.png","E:\Code\Geocore_M0&1_Preprocessing\modules\M1-3_separator_mark\qa\legacy_outputs_20260714\smoke_box_0008\segments\DH_SMOKE_0001.80_0001.90_mask.png","smoke_box_0008\segments\DH_SMOKE_0001.80_0001.90_mask.png","909","2026-06-14T09:12:27.1080657Z","61AE304A7F552BD318D16C98DA8930B8EF9395A52AFD98FEDE6792F21444AF02"
"M040","M1-3","E:\Code\Geocore_M1-3_separator_mark\outputs\smoke_box_0008\segments\DH_SMOKE_0001.90_0002.00.png","E:\Code\Geocore_M0&1_Preprocessing\modules\M1-3_separator_mark\qa\legacy_outputs_20260714\smoke_box_0008\segments\DH_SMOKE_0001.90_0002.00.png","smoke_box_0008\segments\DH_SMOKE_0001.90_0002.00.png","67811","2026-06-14T09:12:27.1145787Z","21AE8AF7A68D4799C67FCBB2BB9FD9D1D2F5FDEC682D78120CC30AD44148602E"
"M040","M1-3","E:\Code\Geocore_M1-3_separator_mark\outputs\smoke_box_0008\segments\DH_SMOKE_0001.90_0002.00_mask.png","E:\Code\Geocore_M0&1_Preprocessing\modules\M1-3_separator_mark\qa\legacy_outputs_20260714\smoke_box_0008\segments\DH_SMOKE_0001.90_0002.00_mask.png","smoke_box_0008\segments\DH_SMOKE_0001.90_0002.00_mask.png","804","2026-06-14T09:12:27.1145787Z","B3A1854FEA25D22C0054634D7B6883AE039BC58A83EC92992C5480B859BD0C92"
"M040","M1-3","E:\Code\Geocore_M1-3_separator_mark\outputs\smoke_box_0008\segments\DH_SMOKE_0002.00_0002.10.png","E:\Code\Geocore_M0&1_Preprocessing\modules\M1-3_separator_mark\qa\legacy_outputs_20260714\smoke_box_0008\segments\DH_SMOKE_0002.00_0002.10.png","smoke_box_0008\segments\DH_SMOKE_0002.00_0002.10.png","76279","2026-06-14T09:12:27.1211663Z","C9DABDC4AE64610A1BD8B98443E57329AF178EF59114D5ABF1123D77A35DD4D5"
"M040","M1-3","E:\Code\Geocore_M1-3_separator_mark\outputs\smoke_box_0008\segments\DH_SMOKE_0002.00_0002.10_mask.png","E:\Code\Geocore_M0&1_Preprocessing\modules\M1-3_separator_mark\qa\legacy_outputs_20260714\smoke_box_0008\segments\DH_SMOKE_0002.00_0002.10_mask.png","smoke_box_0008\segments\DH_SMOKE_0002.00_0002.10_mask.png","1038","2026-06-14T09:12:27.1221732Z","B1B5BC9193A32024BE87BC9D3776BA74500A7BD9A9067F33D01FC9064569E400"
"M040","M1-3","E:\Code\Geocore_M1-3_separator_mark\outputs\smoke_box_0008\segments\DH_SMOKE_0002.10_0002.20.png","E:\Code\Geocore_M0&1_Preprocessing\modules\M1-3_separator_mark\qa\legacy_outputs_20260714\smoke_box_0008\segments\DH_SMOKE_0002.10_0002.20.png","smoke_box_0008\segments\DH_SMOKE_0002.10_0002.20.png","70212","2026-06-14T09:12:27.1282152Z","C92C729AF8CC747E8D2E1E40D3C6EF38DBAC28E4A988FEEC688C166A26DB9C1A"
"M040","M1-3","E:\Code\Geocore_M1-3_separator_mark\outputs\smoke_box_0008\segments\DH_SMOKE_0002.10_0002.20_mask.png","E:\Code\Geocore_M0&1_Preprocessing\modules\M1-3_separator_mark\qa\legacy_outputs_20260714\smoke_box_0008\segments\DH_SMOKE_0002.10_0002.20_mask.png","smoke_box_0008\segments\DH_SMOKE_0002.10_0002.20_mask.png","888","2026-06-14T09:12:27.1292144Z","596D89A5D081E094183702E441E34B01276C493C6DA79AFF55373A20B053001C"
"M040","M1-3","E:\Code\Geocore_M1-3_separator_mark\outputs\smoke_box_0008\segments\DH_SMOKE_0002.20_0002.30.png","E:\Code\Geocore_M0&1_Preprocessing\modules\M1-3_separator_mark\qa\legacy_outputs_20260714\smoke_box_0008\segments\DH_SMOKE_0002.20_0002.30.png","smoke_box_0008\segments\DH_SMOKE_0002.20_0002.30.png","69140","2026-06-14T09:12:27.1362680Z","3072418051FFE336B604F4CC60213016550DE0239EF36F6B728E8A79D8C5DBAF"
"M040","M1-3","E:\Code\Geocore_M1-3_separator_mark\outputs\smoke_box_0008\segments\DH_SMOKE_0002.20_0002.30_mask.png","E:\Code\Geocore_M0&1_Preprocessing\modules\M1-3_separator_mark\qa\legacy_outputs_20260714\smoke_box_0008\segments\DH_SMOKE_0002.20_0002.30_mask.png","smoke_box_0008\segments\DH_SMOKE_0002.20_0002.30_mask.png","807","2026-06-14T09:12:27.1372612Z","B1512DCC77AAD2196380214A8124C248CC44B3632943B6AE954B878281E82E37"
"M040","M1-3","E:\Code\Geocore_M1-3_separator_mark\outputs\smoke_box_0008\segments\DH_SMOKE_0002.30_0002.40.png","E:\Code\Geocore_M0&1_Preprocessing\modules\M1-3_separator_mark\qa\legacy_outputs_20260714\smoke_box_0008\segments\DH_SMOKE_0002.30_0002.40.png","smoke_box_0008\segments\DH_SMOKE_0002.30_0002.40.png","67904","2026-06-14T09:12:27.1445170Z","AD18A24FE20FD4FBB02D433065DB9C710BEB86138B7292FDB9B9FF2192459D51"
"M040","M1-3","E:\Code\Geocore_M1-3_separator_mark\outputs\smoke_box_0008\segments\DH_SMOKE_0002.30_0002.40_mask.png","E:\Code\Geocore_M0&1_Preprocessing\modules\M1-3_separator_mark\qa\legacy_outputs_20260714\smoke_box_0008\segments\DH_SMOKE_0002.30_0002.40_mask.png","smoke_box_0008\segments\DH_SMOKE_0002.30_0002.40_mask.png","949","2026-06-14T09:12:27.1455165Z","F9FA14D9451F9913CA53B3583F7ACFA4513DEF4D3B9BF490B190AC12A54BD4AB"
"M040","M1-3","E:\Code\Geocore_M1-3_separator_mark\outputs\smoke_box_0008\segments\DH_SMOKE_0002.40_0002.50.png","E:\Code\Geocore_M0&1_Preprocessing\modules\M1-3_separator_mark\qa\legacy_outputs_20260714\smoke_box_0008\segments\DH_SMOKE_0002.40_0002.50.png","smoke_box_0008\segments\DH_SMOKE_0002.40_0002.50.png","69919","2026-06-14T09:12:27.1520397Z","06BA7BA02ED41CA830C2897D0B4B07F8E1B8E0018DAB3EBD8237DF85767278FF"
"M040","M1-3","E:\Code\Geocore_M1-3_separator_mark\outputs\smoke_box_0008\segments\DH_SMOKE_0002.40_0002.50_mask.png","E:\Code\Geocore_M0&1_Preprocessing\modules\M1-3_separator_mark\qa\legacy_outputs_20260714\smoke_box_0008\segments\DH_SMOKE_0002.40_0002.50_mask.png","smoke_box_0008\segments\DH_SMOKE_0002.40_0002.50_mask.png","1145","2026-06-14T09:12:27.1530405Z","4CEB574B9B646E954BE2F45F78AEF8FC6F72113933951FE1998C1C663CD6DFB6"
"M040","M1-3","E:\Code\Geocore_M1-3_separator_mark\outputs\smoke_box_0008\segments\DH_SMOKE_0002.50_0002.60.png","E:\Code\Geocore_M0&1_Preprocessing\modules\M1-3_separator_mark\qa\legacy_outputs_20260714\smoke_box_0008\segments\DH_SMOKE_0002.50_0002.60.png","smoke_box_0008\segments\DH_SMOKE_0002.50_0002.60.png","69352","2026-06-14T09:12:27.1595364Z","11BBA4F840ECAAE5B40AA08162C35BBF157736A0010269814EDBD60BDD791F1C"
"M040","M1-3","E:\Code\Geocore_M1-3_separator_mark\outputs\smoke_box_0008\segments\DH_SMOKE_0002.50_0002.60_mask.png","E:\Code\Geocore_M0&1_Preprocessing\modules\M1-3_separator_mark\qa\legacy_outputs_20260714\smoke_box_0008\segments\DH_SMOKE_0002.50_0002.60_mask.png","smoke_box_0008\segments\DH_SMOKE_0002.50_0002.60_mask.png","754","2026-06-14T09:12:27.1605372Z","78C373149A873316B2D1FA2D1B6E4C57B1A5F3BBB53F1CC4A7DED8AF1C2DBDF8"
"M040","M1-3","E:\Code\Geocore_M1-3_separator_mark\outputs\smoke_box_0008\segments\DH_SMOKE_0002.60_0002.70.png","E:\Code\Geocore_M0&1_Preprocessing\modules\M1-3_separator_mark\qa\legacy_outputs_20260714\smoke_box_0008\segments\DH_SMOKE_0002.60_0002.70.png","smoke_box_0008\segments\DH_SMOKE_0002.60_0002.70.png","70649","2026-06-14T09:12:27.1675381Z","0555949EFB3C87CD610CA37236AC52EFDB0633A1AD4000BB55F70DF048375FC8"
"M040","M1-3","E:\Code\Geocore_M1-3_separator_mark\outputs\smoke_box_0008\segments\DH_SMOKE_0002.60_0002.70_mask.png","E:\Code\Geocore_M0&1_Preprocessing\modules\M1-3_separator_mark\qa\legacy_outputs_20260714\smoke_box_0008\segments\DH_SMOKE_0002.60_0002.70_mask.png","smoke_box_0008\segments\DH_SMOKE_0002.60_0002.70_mask.png","791","2026-06-14T09:12:27.1675381Z","13BE9239F7658D2D544EB82B39FF3F67B10B50DD9DACF055B37DAC9D0083A3E6"
"M040","M1-3","E:\Code\Geocore_M1-3_separator_mark\outputs\smoke_box_0008\segments\DH_SMOKE_0002.70_0002.80.png","E:\Code\Geocore_M0&1_Preprocessing\modules\M1-3_separator_mark\qa\legacy_outputs_20260714\smoke_box_0008\segments\DH_SMOKE_0002.70_0002.80.png","smoke_box_0008\segments\DH_SMOKE_0002.70_0002.80.png","70347","2026-06-14T09:12:27.1745819Z","1888E1D12D160B2963882B47DA4761E74E9EABB727F4C48886C07AAF3A56C190"
"M040","M1-3","E:\Code\Geocore_M1-3_separator_mark\outputs\smoke_box_0008\segments\DH_SMOKE_0002.70_0002.80_mask.png","E:\Code\Geocore_M0&1_Preprocessing\modules\M1-3_separator_mark\qa\legacy_outputs_20260714\smoke_box_0008\segments\DH_SMOKE_0002.70_0002.80_mask.png","smoke_box_0008\segments\DH_SMOKE_0002.70_0002.80_mask.png","684","2026-06-14T09:12:27.1755765Z","6E9036C2912C1E5337DEA163B0116E429DBFAC5188DC65B3115FB714813F37E4"
"M040","M1-3","E:\Code\Geocore_M1-3_separator_mark\outputs\smoke_box_0008\segments\DH_SMOKE_0002.80_0002.90.png","E:\Code\Geocore_M0&1_Preprocessing\modules\M1-3_separator_mark\qa\legacy_outputs_20260714\smoke_box_0008\segments\DH_SMOKE_0002.80_0002.90.png","smoke_box_0008\segments\DH_SMOKE_0002.80_0002.90.png","67915","2026-06-14T09:12:27.1820998Z","565A11AB54BA86627B5B7E690D7F75536D00753DBF79A03CD6F730174387D4AA"
"M040","M1-3","E:\Code\Geocore_M1-3_separator_mark\outputs\smoke_box_0008\segments\DH_SMOKE_0002.80_0002.90_mask.png","E:\Code\Geocore_M0&1_Preprocessing\modules\M1-3_separator_mark\qa\legacy_outputs_20260714\smoke_box_0008\segments\DH_SMOKE_0002.80_0002.90_mask.png","smoke_box_0008\segments\DH_SMOKE_0002.80_0002.90_mask.png","843","2026-06-14T09:12:27.1830993Z","EA3989326452676C0F50A986A0311E554693788F1F2C16A9E183DB0F4CB73082"
"M040","M1-3","E:\Code\Geocore_M1-3_separator_mark\outputs\smoke_box_0008\segments\DH_SMOKE_0002.90_0003.00.png","E:\Code\Geocore_M0&1_Preprocessing\modules\M1-3_separator_mark\qa\legacy_outputs_20260714\smoke_box_0008\segments\DH_SMOKE_0002.90_0003.00.png","smoke_box_0008\segments\DH_SMOKE_0002.90_0003.00.png","66136","2026-06-14T09:12:27.1908416Z","44E312DA13F59B44FF986D84D08EB29FDCA2A36412A440F4D3E2793F86676549"
"M040","M1-3","E:\Code\Geocore_M1-3_separator_mark\outputs\smoke_box_0008\segments\DH_SMOKE_0002.90_0003.00_mask.png","E:\Code\Geocore_M0&1_Preprocessing\modules\M1-3_separator_mark\qa\legacy_outputs_20260714\smoke_box_0008\segments\DH_SMOKE_0002.90_0003.00_mask.png","smoke_box_0008\segments\DH_SMOKE_0002.90_0003.00_mask.png","1022","2026-06-14T09:12:27.1918476Z","64C20BAF981A09623F325BABDCAE108DA72FC23B5C8C6084B7C16AD23C0D0894"
"M040","M1-3","E:\Code\Geocore_M1-3_separator_mark\outputs\smoke_box_0008\segments\DH_SMOKE_0003.00_0003.10.png","E:\Code\Geocore_M0&1_Preprocessing\modules\M1-3_separator_mark\qa\legacy_outputs_20260714\smoke_box_0008\segments\DH_SMOKE_0003.00_0003.10.png","smoke_box_0008\segments\DH_SMOKE_0003.00_0003.10.png","75185","2026-06-14T09:12:27.1978402Z","BCED66EA7118FE29A2FD7ADB217569D754AF75C9F3089296E0FC09EBA5EE977E"
"M040","M1-3","E:\Code\Geocore_M1-3_separator_mark\outputs\smoke_box_0008\segments\DH_SMOKE_0003.00_0003.10_mask.png","E:\Code\Geocore_M0&1_Preprocessing\modules\M1-3_separator_mark\qa\legacy_outputs_20260714\smoke_box_0008\segments\DH_SMOKE_0003.00_0003.10_mask.png","smoke_box_0008\segments\DH_SMOKE_0003.00_0003.10_mask.png","1441","2026-06-14T09:12:27.1988399Z","5472150535C30C106D855D6C70C2CA304F5733C2C5CD89F9130AF6B9757A52B8"
"M040","M1-3","E:\Code\Geocore_M1-3_separator_mark\outputs\smoke_box_0008\segments\DH_SMOKE_0003.10_0003.20.png","E:\Code\Geocore_M0&1_Preprocessing\modules\M1-3_separator_mark\qa\legacy_outputs_20260714\smoke_box_0008\segments\DH_SMOKE_0003.10_0003.20.png","smoke_box_0008\segments\DH_SMOKE_0003.10_0003.20.png","67766","2026-06-14T09:12:27.2061858Z","FFDF37E9D3644DDFCF3F04B1237EA197591B9406BD045DF8BEAF99E0E5A04F58"
"M040","M1-3","E:\Code\Geocore_M1-3_separator_mark\outputs\smoke_box_0008\segments\DH_SMOKE_0003.10_0003.20_mask.png","E:\Code\Geocore_M0&1_Preprocessing\modules\M1-3_separator_mark\qa\legacy_outputs_20260714\smoke_box_0008\segments\DH_SMOKE_0003.10_0003.20_mask.png","smoke_box_0008\segments\DH_SMOKE_0003.10_0003.20_mask.png","897","2026-06-14T09:12:27.2071799Z","ED8FD2E07423100762740F70D9996CAEAAFA8941A2CD1FD921981CF5229AB464"
"M040","M1-3","E:\Code\Geocore_M1-3_separator_mark\outputs\smoke_box_0008\segments\DH_SMOKE_0003.20_0003.30.png","E:\Code\Geocore_M0&1_Preprocessing\modules\M1-3_separator_mark\qa\legacy_outputs_20260714\smoke_box_0008\segments\DH_SMOKE_0003.20_0003.30.png","smoke_box_0008\segments\DH_SMOKE_0003.20_0003.30.png","67033","2026-06-14T09:12:27.2133456Z","D7062B6FDC10FBCDA319976E41C1F0FCBBF126CC37009E934A31BD8027B89324"
"M040","M1-3","E:\Code\Geocore_M1-3_separator_mark\outputs\smoke_box_0008\segments\DH_SMOKE_0003.20_0003.30_mask.png","E:\Code\Geocore_M0&1_Preprocessing\modules\M1-3_separator_mark\qa\legacy_outputs_20260714\smoke_box_0008\segments\DH_SMOKE_0003.20_0003.30_mask.png","smoke_box_0008\segments\DH_SMOKE_0003.20_0003.30_mask.png","722","2026-06-14T09:12:27.2143378Z","FD8320BFFDA0DC4AB6F243AFCD1697C8A7BAFC4AF18C8C04FBD8406EE9B2AC45"
"M040","M1-3","E:\Code\Geocore_M1-3_separator_mark\outputs\smoke_box_0008\segments\DH_SMOKE_0003.30_0003.40.png","E:\Code\Geocore_M0&1_Preprocessing\modules\M1-3_separator_mark\qa\legacy_outputs_20260714\smoke_box_0008\segments\DH_SMOKE_0003.30_0003.40.png","smoke_box_0008\segments\DH_SMOKE_0003.30_0003.40.png","66733","2026-06-14T09:12:27.2218492Z","3F23A3013970F8A2DD1D761A76D3A081FB4819C98A0AFD7000869C8B6112779C"
"M040","M1-3","E:\Code\Geocore_M1-3_separator_mark\outputs\smoke_box_0008\segments\DH_SMOKE_0003.30_0003.40_mask.png","E:\Code\Geocore_M0&1_Preprocessing\modules\M1-3_separator_mark\qa\legacy_outputs_20260714\smoke_box_0008\segments\DH_SMOKE_0003.30_0003.40_mask.png","smoke_box_0008\segments\DH_SMOKE_0003.30_0003.40_mask.png","798","2026-06-14T09:12:27.2218492Z","B05FFB9CB69BBA8D0FEE5D7F43DF7F9FD1FA628FB0FD0C5BAB96C90F67CA6BD9"
"M040","M1-3","E:\Code\Geocore_M1-3_separator_mark\outputs\smoke_box_0008\segments\DH_SMOKE_0003.40_0003.50.png","E:\Code\Geocore_M0&1_Preprocessing\modules\M1-3_separator_mark\qa\legacy_outputs_20260714\smoke_box_0008\segments\DH_SMOKE_0003.40_0003.50.png","smoke_box_0008\segments\DH_SMOKE_0003.40_0003.50.png","67974","2026-06-14T09:12:27.2288422Z","6273514B2EC8DC69DDDA1B00AEE48DF79716563D50835D1FAB96FF69805462D3"
"M040","M1-3","E:\Code\Geocore_M1-3_separator_mark\outputs\smoke_box_0008\segments\DH_SMOKE_0003.40_0003.50_mask.png","E:\Code\Geocore_M0&1_Preprocessing\modules\M1-3_separator_mark\qa\legacy_outputs_20260714\smoke_box_0008\segments\DH_SMOKE_0003.40_0003.50_mask.png","smoke_box_0008\segments\DH_SMOKE_0003.40_0003.50_mask.png","761","2026-06-14T09:12:27.2298952Z","96ADC384CA838D9B9F84A3E1580E157DF1B906A25BAEEA49D9B3E4297557EF8D"
"M040","M1-3","E:\Code\Geocore_M1-3_separator_mark\outputs\smoke_box_0008\segments\DH_SMOKE_0003.50_0003.60.png","E:\Code\Geocore_M0&1_Preprocessing\modules\M1-3_separator_mark\qa\legacy_outputs_20260714\smoke_box_0008\segments\DH_SMOKE_0003.50_0003.60.png","smoke_box_0008\segments\DH_SMOKE_0003.50_0003.60.png","68481","2026-06-14T09:12:27.2378883Z","7FF7E739806A9D711E7FC800332754FDA689E9B5DDB2C40A88F4E41F5DA6F8B9"
"M040","M1-3","E:\Code\Geocore_M1-3_separator_mark\outputs\smoke_box_0008\segments\DH_SMOKE_0003.50_0003.60_mask.png","E:\Code\Geocore_M0&1_Preprocessing\modules\M1-3_separator_mark\qa\legacy_outputs_20260714\smoke_box_0008\segments\DH_SMOKE_0003.50_0003.60_mask.png","smoke_box_0008\segments\DH_SMOKE_0003.50_0003.60_mask.png","705","2026-06-14T09:12:27.2378883Z","F00B832CB5A2113A064A408729FB9867341D01258041E02BD3EB89A465BE5C30"
"M040","M1-3","E:\Code\Geocore_M1-3_separator_mark\outputs\smoke_box_0008\segments\DH_SMOKE_0003.60_0003.70.png","E:\Code\Geocore_M0&1_Preprocessing\modules\M1-3_separator_mark\qa\legacy_outputs_20260714\smoke_box_0008\segments\DH_SMOKE_0003.60_0003.70.png","smoke_box_0008\segments\DH_SMOKE_0003.60_0003.70.png","66980","2026-06-14T09:12:27.2450469Z","FC313E3927DCDE49D1D2D32EC4B155AE2189B5818A3472BC74B0F5EA7D5E9660"
"M040","M1-3","E:\Code\Geocore_M1-3_separator_mark\outputs\smoke_box_0008\segments\DH_SMOKE_0003.60_0003.70_mask.png","E:\Code\Geocore_M0&1_Preprocessing\modules\M1-3_separator_mark\qa\legacy_outputs_20260714\smoke_box_0008\segments\DH_SMOKE_0003.60_0003.70_mask.png","smoke_box_0008\segments\DH_SMOKE_0003.60_0003.70_mask.png","846","2026-06-14T09:12:27.2460468Z","402CD2E51101BFD7EE1AC3A0795423C18D225FF92E5C2AD2F16AB2446283B02A"
"M040","M1-3","E:\Code\Geocore_M1-3_separator_mark\outputs\smoke_box_0008\segments\DH_SMOKE_0003.70_0003.80.png","E:\Code\Geocore_M0&1_Preprocessing\modules\M1-3_separator_mark\qa\legacy_outputs_20260714\smoke_box_0008\segments\DH_SMOKE_0003.70_0003.80.png","smoke_box_0008\segments\DH_SMOKE_0003.70_0003.80.png","66196","2026-06-14T09:12:27.2536150Z","50D9A6A833F514DD20628EE2333ABA49793E1B3CF02C1F837EDA3CE3A1BF8647"
"M040","M1-3","E:\Code\Geocore_M1-3_separator_mark\outputs\smoke_box_0008\segments\DH_SMOKE_0003.70_0003.80_mask.png","E:\Code\Geocore_M0&1_Preprocessing\modules\M1-3_separator_mark\qa\legacy_outputs_20260714\smoke_box_0008\segments\DH_SMOKE_0003.70_0003.80_mask.png","smoke_box_0008\segments\DH_SMOKE_0003.70_0003.80_mask.png","811","2026-06-14T09:12:27.2536150Z","A754CEF8DFED999ED8714D9F96203BE985BAD820359019B1BD6C48FC11DE85FB"
"M040","M1-3","E:\Code\Geocore_M1-3_separator_mark\outputs\smoke_box_0008\segments\DH_SMOKE_0003.80_0003.90.png","E:\Code\Geocore_M0&1_Preprocessing\modules\M1-3_separator_mark\qa\legacy_outputs_20260714\smoke_box_0008\segments\DH_SMOKE_0003.80_0003.90.png","smoke_box_0008\segments\DH_SMOKE_0003.80_0003.90.png","67524","2026-06-14T09:12:27.2617397Z","65E08E71116909FA861D93CB4B1181805B48D372AB0EDCF29F1AECA5FF9B6329"
"M040","M1-3","E:\Code\Geocore_M1-3_separator_mark\outputs\smoke_box_0008\segments\DH_SMOKE_0003.80_0003.90_mask.png","E:\Code\Geocore_M0&1_Preprocessing\modules\M1-3_separator_mark\qa\legacy_outputs_20260714\smoke_box_0008\segments\DH_SMOKE_0003.80_0003.90_mask.png","smoke_box_0008\segments\DH_SMOKE_0003.80_0003.90_mask.png","677","2026-06-14T09:12:27.2617397Z","D406AC34E432BD6FF6A2973DC0CEAB6062000846A83A7253A713F9A7F186B9C4"
"M040","M1-3","E:\Code\Geocore_M1-3_separator_mark\outputs\smoke_box_0008\segments\DH_SMOKE_0003.90_0004.00.png","E:\Code\Geocore_M0&1_Preprocessing\modules\M1-3_separator_mark\qa\legacy_outputs_20260714\smoke_box_0008\segments\DH_SMOKE_0003.90_0004.00.png","smoke_box_0008\segments\DH_SMOKE_0003.90_0004.00.png","65739","2026-06-14T09:12:27.2692538Z","54C3DC670FCA6B0FADA90E72CFCE1512288E8FEA3DA7A1CA69F75560ED7C6E4B"
"M040","M1-3","E:\Code\Geocore_M1-3_separator_mark\outputs\smoke_box_0008\segments\DH_SMOKE_0003.90_0004.00_mask.png","E:\Code\Geocore_M0&1_Preprocessing\modules\M1-3_separator_mark\qa\legacy_outputs_20260714\smoke_box_0008\segments\DH_SMOKE_0003.90_0004.00_mask.png","smoke_box_0008\segments\DH_SMOKE_0003.90_0004.00_mask.png","985","2026-06-14T09:12:27.2702610Z","B29B8EDA3A0CB32F271D60C84822C0CBB86042C141C0F9E2B0889A743BAF5A59"
"M040","M1-3","E:\Code\Geocore_M1-3_separator_mark\outputs\smoke_box_0008\segments\DH_SMOKE_0004.00_0004.10.png","E:\Code\Geocore_M0&1_Preprocessing\modules\M1-3_separator_mark\qa\legacy_outputs_20260714\smoke_box_0008\segments\DH_SMOKE_0004.00_0004.10.png","smoke_box_0008\segments\DH_SMOKE_0004.00_0004.10.png","66827","2026-06-14T09:12:27.2764633Z","6770827EB3265C00D8F9927DA77E4CD1689B7F7B4EFBB41C177AB8E21BB77056"
"M040","M1-3","E:\Code\Geocore_M1-3_separator_mark\outputs\smoke_box_0008\segments\DH_SMOKE_0004.00_0004.10_mask.png","E:\Code\Geocore_M0&1_Preprocessing\modules\M1-3_separator_mark\qa\legacy_outputs_20260714\smoke_box_0008\segments\DH_SMOKE_0004.00_0004.10_mask.png","smoke_box_0008\segments\DH_SMOKE_0004.00_0004.10_mask.png","856","2026-06-14T09:12:27.2774576Z","DC2A1B3B757CC9D10FF8AF3F6ED909D9914AE10599FEEC80EAB2454E30EB2244"
"M040","M1-3","E:\Code\Geocore_M1-3_separator_mark\outputs\smoke_box_0008\segments\DH_SMOKE_0004.10_0004.20.png","E:\Code\Geocore_M0&1_Preprocessing\modules\M1-3_separator_mark\qa\legacy_outputs_20260714\smoke_box_0008\segments\DH_SMOKE_0004.10_0004.20.png","smoke_box_0008\segments\DH_SMOKE_0004.10_0004.20.png","62256","2026-06-14T09:12:27.2849627Z","042DB4C017AEC399058090733E52078A679E8D87109F804F44AA27870CE31E0C"
"M040","M1-3","E:\Code\Geocore_M1-3_separator_mark\outputs\smoke_box_0008\segments\DH_SMOKE_0004.10_0004.20_mask.png","E:\Code\Geocore_M0&1_Preprocessing\modules\M1-3_separator_mark\qa\legacy_outputs_20260714\smoke_box_0008\segments\DH_SMOKE_0004.10_0004.20_mask.png","smoke_box_0008\segments\DH_SMOKE_0004.10_0004.20_mask.png","722","2026-06-14T09:12:27.2849627Z","3AA0B380A3412BEA080773F80D355AA9FDF206CCE436BFA4815BDCC550374946"
"M040","M1-3","E:\Code\Geocore_M1-3_separator_mark\outputs\smoke_box_0008\segments\DH_SMOKE_0004.20_0004.30.png","E:\Code\Geocore_M0&1_Preprocessing\modules\M1-3_separator_mark\qa\legacy_outputs_20260714\smoke_box_0008\segments\DH_SMOKE_0004.20_0004.30.png","smoke_box_0008\segments\DH_SMOKE_0004.20_0004.30.png","63356","2026-06-14T09:12:27.2921417Z","4C8D274C396BAEC029E4C60072B4A233BFB78698C15F0F03E9582D94CCBEB90E"
"M040","M1-3","E:\Code\Geocore_M1-3_separator_mark\outputs\smoke_box_0008\segments\DH_SMOKE_0004.20_0004.30_mask.png","E:\Code\Geocore_M0&1_Preprocessing\modules\M1-3_separator_mark\qa\legacy_outputs_20260714\smoke_box_0008\segments\DH_SMOKE_0004.20_0004.30_mask.png","smoke_box_0008\segments\DH_SMOKE_0004.20_0004.30_mask.png","1047","2026-06-14T09:12:27.2931352Z","E491A2235D563E5611695F2FA600A66D8B80780EE34D2D310885DC91A48E37A6"
"M040","M1-3","E:\Code\Geocore_M1-3_separator_mark\outputs\smoke_box_0008\segments\DH_SMOKE_0004.30_0004.40.png","E:\Code\Geocore_M0&1_Preprocessing\modules\M1-3_separator_mark\qa\legacy_outputs_20260714\smoke_box_0008\segments\DH_SMOKE_0004.30_0004.40.png","smoke_box_0008\segments\DH_SMOKE_0004.30_0004.40.png","63275","2026-06-14T09:12:27.3006393Z","457019964289A311EE4719718DB2F47A8E5A95FB97515904922EDA7BE229106F"
"M040","M1-3","E:\Code\Geocore_M1-3_separator_mark\outputs\smoke_box_0008\segments\DH_SMOKE_0004.30_0004.40_mask.png","E:\Code\Geocore_M0&1_Preprocessing\modules\M1-3_separator_mark\qa\legacy_outputs_20260714\smoke_box_0008\segments\DH_SMOKE_0004.30_0004.40_mask.png","smoke_box_0008\segments\DH_SMOKE_0004.30_0004.40_mask.png","1013","2026-06-14T09:12:27.3006393Z","B88C0E52A678AB08595618B201FFC6B3A25F371CDFD8DE2DE46B346F49009A47"
"M040","M1-3","E:\Code\Geocore_M1-3_separator_mark\outputs\smoke_box_0008\segments\DH_SMOKE_0004.40_0004.50.png","E:\Code\Geocore_M0&1_Preprocessing\modules\M1-3_separator_mark\qa\legacy_outputs_20260714\smoke_box_0008\segments\DH_SMOKE_0004.40_0004.50.png","smoke_box_0008\segments\DH_SMOKE_0004.40_0004.50.png","60280","2026-06-14T09:12:27.3076387Z","9E27CABB234FAA5C47E12BCD58F22B9D06AEF8DEE491879497C777FB84AD8BAE"
"M040","M1-3","E:\Code\Geocore_M1-3_separator_mark\outputs\smoke_box_0008\segments\DH_SMOKE_0004.40_0004.50_mask.png","E:\Code\Geocore_M0&1_Preprocessing\modules\M1-3_separator_mark\qa\legacy_outputs_20260714\smoke_box_0008\segments\DH_SMOKE_0004.40_0004.50_mask.png","smoke_box_0008\segments\DH_SMOKE_0004.40_0004.50_mask.png","726","2026-06-14T09:12:27.3091418Z","57977FCEFC0A5169AE069153D9B0DA784A41DE08C7ABA6EBE14B9941E0072671"
"M040","M1-3","E:\Code\Geocore_M1-3_separator_mark\outputs\smoke_box_0008\segments\DH_SMOKE_0004.50_0004.60.png","E:\Code\Geocore_M0&1_Preprocessing\modules\M1-3_separator_mark\qa\legacy_outputs_20260714\smoke_box_0008\segments\DH_SMOKE_0004.50_0004.60.png","smoke_box_0008\segments\DH_SMOKE_0004.50_0004.60.png","61228","2026-06-14T09:12:27.3161513Z","C2D4856A49A8828B3E7848A77009D926ACF98B88CBEA99C1E4CDF697DE603DEC"
"M040","M1-3","E:\Code\Geocore_M1-3_separator_mark\outputs\smoke_box_0008\segments\DH_SMOKE_0004.50_0004.60_mask.png","E:\Code\Geocore_M0&1_Preprocessing\modules\M1-3_separator_mark\qa\legacy_outputs_20260714\smoke_box_0008\segments\DH_SMOKE_0004.50_0004.60_mask.png","smoke_box_0008\segments\DH_SMOKE_0004.50_0004.60_mask.png","960","2026-06-14T09:12:27.3171446Z","69A63D970137F1904A89B1491CE4932277B8B49BDC39336E361F88239B1FD3CB"
"M040","M1-3","E:\Code\Geocore_M1-3_separator_mark\outputs\smoke_box_0008\segments\DH_SMOKE_0004.60_0004.70.png","E:\Code\Geocore_M0&1_Preprocessing\modules\M1-3_separator_mark\qa\legacy_outputs_20260714\smoke_box_0008\segments\DH_SMOKE_0004.60_0004.70.png","smoke_box_0008\segments\DH_SMOKE_0004.60_0004.70.png","61961","2026-06-14T09:12:27.3242451Z","B0B3E8E025FD83B5F20131AF83934A7BEF80C7E15F23063B992F8600DCB2AF08"
"M040","M1-3","E:\Code\Geocore_M1-3_separator_mark\outputs\smoke_box_0008\segments\DH_SMOKE_0004.60_0004.70_mask.png","E:\Code\Geocore_M0&1_Preprocessing\modules\M1-3_separator_mark\qa\legacy_outputs_20260714\smoke_box_0008\segments\DH_SMOKE_0004.60_0004.70_mask.png","smoke_box_0008\segments\DH_SMOKE_0004.60_0004.70_mask.png","871","2026-06-14T09:12:27.3242451Z","E828DB1D50F7321B205F8E03A012E41A69690472491E12AE9E48DDC398D69CAD"
"M040","M1-3","E:\Code\Geocore_M1-3_separator_mark\outputs\smoke_box_0008\segments\DH_SMOKE_0004.70_0004.80.png","E:\Code\Geocore_M0&1_Preprocessing\modules\M1-3_separator_mark\qa\legacy_outputs_20260714\smoke_box_0008\segments\DH_SMOKE_0004.70_0004.80.png","smoke_box_0008\segments\DH_SMOKE_0004.70_0004.80.png","59418","2026-06-14T09:12:27.3314598Z","828181B44139050F73AE27641F99812F0D996A76E9D78B0837C9F15056BEF18A"
"M040","M1-3","E:\Code\Geocore_M1-3_separator_mark\outputs\smoke_box_0008\segments\DH_SMOKE_0004.70_0004.80_mask.png","E:\Code\Geocore_M0&1_Preprocessing\modules\M1-3_separator_mark\qa\legacy_outputs_20260714\smoke_box_0008\segments\DH_SMOKE_0004.70_0004.80_mask.png","smoke_box_0008\segments\DH_SMOKE_0004.70_0004.80_mask.png","697","2026-06-14T09:12:27.3324545Z","34DD2D9B7EAE11AE0D62B011E99AA232A7DEC0F01AE68168C850B18743850CCA"
"M040","M1-3","E:\Code\Geocore_M1-3_separator_mark\outputs\smoke_box_0008\segments\DH_SMOKE_0004.80_0004.90.png","E:\Code\Geocore_M0&1_Preprocessing\modules\M1-3_separator_mark\qa\legacy_outputs_20260714\smoke_box_0008\segments\DH_SMOKE_0004.80_0004.90.png","smoke_box_0008\segments\DH_SMOKE_0004.80_0004.90.png","61039","2026-06-14T09:12:27.3389544Z","F64A3122293F26A50F5020099F5723E47ACB450CD0D654FF99FBB7ED01C97EA6"
"M040","M1-3","E:\Code\Geocore_M1-3_separator_mark\outputs\smoke_box_0008\segments\DH_SMOKE_0004.80_0004.90_mask.png","E:\Code\Geocore_M0&1_Preprocessing\modules\M1-3_separator_mark\qa\legacy_outputs_20260714\smoke_box_0008\segments\DH_SMOKE_0004.80_0004.90_mask.png","smoke_box_0008\segments\DH_SMOKE_0004.80_0004.90_mask.png","842","2026-06-14T09:12:27.3399567Z","77EFF72F6FE9AB3A8B9FB4541CB9313A28D05D57E28C82E375E9F0C11944C5F3"
"M040","M1-3","E:\Code\Geocore_M1-3_separator_mark\outputs\smoke_box_0008\segments\DH_SMOKE_0004.90_0005.00.png","E:\Code\Geocore_M0&1_Preprocessing\modules\M1-3_separator_mark\qa\legacy_outputs_20260714\smoke_box_0008\segments\DH_SMOKE_0004.90_0005.00.png","smoke_box_0008\segments\DH_SMOKE_0004.90_0005.00.png","62734","2026-06-14T09:12:27.3469625Z","8A39B2A72108E135F3E55E08625986015418AB31ED4C1D04987F6D02D0860835"
"M040","M1-3","E:\Code\Geocore_M1-3_separator_mark\outputs\smoke_box_0008\segments\DH_SMOKE_0004.90_0005.00_mask.png","E:\Code\Geocore_M0&1_Preprocessing\modules\M1-3_separator_mark\qa\legacy_outputs_20260714\smoke_box_0008\segments\DH_SMOKE_0004.90_0005.00_mask.png","smoke_box_0008\segments\DH_SMOKE_0004.90_0005.00_mask.png","940","2026-06-14T09:12:27.3469625Z","B5D98CD493161471A020509770BC3C2837ACE1429DAA11F46A912E73914755CE"
